"city_code","covid.fed.ICUbeds.per100K","covid.fed.ICUbeds.cost.percapita"
1100015,0,0
1100023,25.5654063530035,23.6662618810661
1100031,0,0
1100049,32.5986983805432,15.6473752226608
1100056,0,0
1100064,0,0
1100072,0,0
1100080,0,0
1100098,0,0
1100106,0,0
1100114,9.68616815187912,9.29872142580395
1100122,7.6917751847949,3.69205208870155
1100130,0,0
1100148,0,0
1100155,0,0
1100189,0,0
1100205,15.7595938845359,7.56460506457725
1100254,0,0
1100262,0,0
1100288,0,0
1100296,0,0
1100304,9.78368277386974,9.39233546291495
1100320,0,0
1100338,0,0
1100346,0,0
1100379,0,0
1100403,0,0
1100452,0,0
1100502,0,0
1100601,0,0
1100700,0,0
1100809,0,0
1100908,0,0
1100924,0,0
1100940,0,0
1101005,0,0
1101104,0,0
1101203,0,0
1101302,0,0
1101401,0,0
1101435,0,0
1101450,0,0
1101468,0,0
1101476,0,0
1101484,0,0
1101492,0,0
1101500,0,0
1101559,0,0
1101609,0,0
1101708,0,0
1101757,0,0
1101807,0,0
1200013,0,0
1200054,0,0
1200104,0,0
1200138,0,0
1200179,0,0
1200203,22.4537452847135,16.1666966049937
1200252,0,0
1200302,0,0
1200328,0,0
1200336,0,0
1200344,0,0
1200351,0,0
1200385,0,0
1200393,0,0
1200401,7.25657808803681,6.96631496451533
1200427,0,0
1200435,0,0
1200450,0,0
1200500,0,0
1200609,0,0
1200708,0,0
1200807,0,0
1300029,0,0
1300060,0,0
1300086,0,0
1300102,0,0
1300144,0,0
1300201,0,0
1300300,0,0
1300409,0,0
1300508,0,0
1300607,0,0
1300631,0,0
1300680,0,0
1300706,0,0
1300805,0,0
1300839,0,0
1300904,0,0
1301001,0,0
1301100,0,0
1301159,0,0
1301209,0,0
1301308,0,0
1301407,0,0
1301506,0,0
1301605,0,0
1301654,0,0
1301704,0,0
1301803,0,0
1301852,0,0
1301902,0,0
1301951,0,0
1302009,0,0
1302108,0,0
1302207,0,0
1302306,0,0
1302405,0,0
1302504,0,0
1302553,0,0
1302603,11.1282314672145,8.41240234638986
1302702,0,0
1302801,0,0
1302900,0,0
1303007,0,0
1303106,0,0
1303205,0,0
1303304,0,0
1303403,0,0
1303502,0,0
1303536,0,0
1303569,0,0
1303601,0,0
1303700,0,0
1303809,0,0
1303908,0,0
1303957,0,0
1304005,0,0
1304062,0,0
1304104,0,0
1304203,0,0
1304237,0,0
1304260,0,0
1304302,0,0
1304401,0,0
1400027,0,0
1400050,0,0
1400100,21.446341254182,10.2942438020074
1400159,0,0
1400175,0,0
1400209,0,0
1400233,0,0
1400282,0,0
1400308,0,0
1400407,0,0
1400456,0,0
1400472,0,0
1400506,0,0
1400605,0,0
1400704,0,0
1500107,0,0
1500131,0,0
1500206,0,0
1500305,0,0
1500347,0,0
1500404,0,0
1500503,0,0
1500602,17.2459881520061,8.27807431296295
1500701,0,0
1500800,0.933624873260423,0.448139939165003
1500859,0,0
1500909,0,0
1500958,0,0
1501006,0,0
1501105,0,0
1501204,0,0
1501253,0,0
1501303,0,0
1501402,10.1357591583586,5.18524100101291
1501451,0,0
1501501,0,0
1501576,0,0
1501600,0,0
1501709,7.75710939075663,3.72341250756318
1501725,0,0
1501758,0,0
1501782,0,0
1501808,0,0
1501907,0,0
1501956,0,0
1502004,0,0
1502103,0,0
1502152,0,0
1502202,0,0
1502301,0,0
1502400,5.90402999247236,2.83393439638673
1502509,0,0
1502608,0,0
1502707,25.0046883790711,12.0022504219541
1502756,0,0
1502764,0,0
1502772,0,0
1502806,0,0
1502855,0,0
1502905,0,0
1502939,0,0
1502954,0,0
1503002,0,0
1503044,0,0
1503077,0,0
1503093,0,0
1503101,0,0
1503200,0,0
1503309,0,0
1503408,0,0
1503457,0,0
1503507,0,0
1503606,73.9681443858179,35.5047093051926
1503705,0,0
1503754,0,0
1503804,0,0
1503903,0,0
1504000,0,0
1504059,0,0
1504109,0,0
1504208,8.81703592413117,4.23217724358296
1504307,0,0
1504406,0,0
1504422,0,0
1504455,0,0
1504505,0,0
1504604,0,0
1504703,0,0
1504752,0,0
1504802,0,0
1504901,0,0
1504950,0,0
1504976,0,0
1505007,0,0
1505031,0,0
1505064,0,0
1505106,0,0
1505205,0,0
1505304,0,0
1505403,0,0
1505437,0,0
1505486,0,0
1505494,0,0
1505502,0,0
1505536,0,0
1505551,0,0
1505601,0,0
1505635,0,0
1505650,0,0
1505700,0,0
1505809,0,0
1505908,0,0
1506005,0,0
1506104,0,0
1506112,0,0
1506138,24.5433189579608,11.7807930998212
1506161,0,0
1506187,0,0
1506195,0,0
1506203,0,0
1506302,0,0
1506351,0,0
1506401,0,0
1506500,0,0
1506559,0,0
1506583,0,0
1506609,0,0
1506708,0,0
1506807,2.28399895588619,1.09631949882537
1506906,0,0
1507003,0,0
1507102,0,0
1507151,0,0
1507201,0,0
1507300,0,0
1507409,0,0
1507458,0,0
1507466,0,0
1507474,0,0
1507508,0,0
1507607,0,0
1507706,0,0
1507755,0,0
1507805,0,0
1507904,0,0
1507953,0,0
1507961,0,0
1507979,0,0
1508001,0,0
1508035,0,0
1508050,0,0
1508084,0,0
1508100,0,0
1508126,0,0
1508159,0,0
1508209,0,0
1508308,0,0
1508357,0,0
1508407,0,0
1600055,0,0
1600105,0,0
1600154,0,0
1600204,0,0
1600212,0,0
1600238,0,0
1600253,0,0
1600279,0,0
1600303,16.5723666509392,7.9547359924508
1600402,0,0
1600501,0,0
1600535,0,0
1600550,0,0
1600600,0,0
1600709,0,0
1600808,0,0
1700251,0,0
1700301,0,0
1700350,0,0
1700400,0,0
1700707,0,0
1701002,0,0
1701051,0,0
1701101,0,0
1701309,0,0
1701903,0,0
1702000,0,0
1702109,9.27031699030979,6.28200304284522
1702158,0,0
1702208,0,0
1702307,0,0
1702406,0,0
1702554,0,0
1702703,0,0
1702901,0,0
1703008,0,0
1703057,0,0
1703073,0,0
1703107,0,0
1703206,0,0
1703305,0,0
1703602,0,0
1703701,0,0
1703800,0,0
1703826,0,0
1703842,0,0
1703867,0,0
1703883,0,0
1703891,0,0
1703909,0,0
1704105,0,0
1704600,0,0
1705102,0,0
1705508,0,0
1705557,0,0
1705607,0,0
1706001,0,0
1706100,0,0
1706258,0,0
1706506,0,0
1707009,0,0
1707108,0,0
1707207,0,0
1707306,0,0
1707405,0,0
1707553,0,0
1707652,0,0
1707702,0,0
1708205,0,0
1708254,0,0
1708304,0,0
1709005,0,0
1709302,0,0
1709500,5.7113484493689,2.74144725569707
1709807,0,0
1710508,0,0
1710706,0,0
1710904,0,0
1711100,0,0
1711506,0,0
1711803,0,0
1711902,0,0
1711951,0,0
1712009,0,0
1712157,0,0
1712405,0,0
1712454,0,0
1712504,0,0
1712702,0,0
1712801,0,0
1713205,0,0
1713304,0,0
1713601,0,0
1713700,0,0
1713809,0,0
1713957,0,0
1714203,0,0
1714302,0,0
1714880,0,0
1715002,0,0
1715101,0,0
1715150,0,0
1715259,0,0
1715507,0,0
1715705,0,0
1715754,0,0
1716109,0,0
1716208,0,0
1716307,0,0
1716505,0,0
1716604,0,0
1716653,0,0
1716703,0,0
1717008,0,0
1717206,0,0
1717503,0,0
1717800,0,0
1717909,0,0
1718006,0,0
1718204,0,0
1718303,0,0
1718402,0,0
1718451,0,0
1718501,0,0
1718550,0,0
1718659,0,0
1718709,0,0
1718758,0,0
1718808,0,0
1718840,0,0
1718865,0,0
1718881,0,0
1718899,0,0
1718907,0,0
1719004,0,0
1720002,0,0
1720101,0,0
1720150,0,0
1720200,0,0
1720259,0,0
1720309,0,0
1720499,0,0
1720655,0,0
1720804,0,0
1720853,0,0
1720903,0,0
1720937,0,0
1720978,0,0
1721000,4.89722360069998,3.91777888055998
1721109,0,0
1721208,0,0
1721257,0,0
1721307,0,0
1722081,0,0
1722107,0,0
2100055,0,0
2100105,0,0
2100154,0,0
2100204,0,0
2100303,0,0
2100402,0,0
2100436,0,0
2100477,0,0
2100501,0,0
2100550,0,0
2100600,0,0
2100709,0,0
2100808,0,0
2100832,0,0
2100873,0,0
2100907,0,0
2100956,0,0
2101004,0,0
2101103,0,0
2101202,10.4971848458822,5.03864872602348
2101251,0,0
2101301,0,0
2101350,0,0
2101400,18.7638774510315,9.00666117649512
2101509,0,0
2101608,0,0
2101707,0,0
2101731,0,0
2101772,0,0
2101806,0,0
2101905,0,0
2101939,0,0
2101970,0,0
2102002,0,0
2102036,0,0
2102077,0,0
2102101,0,0
2102150,0,0
2102200,0,0
2102309,0,0
2102325,0,0
2102358,0,0
2102374,0,0
2102408,0,0
2102507,0,0
2102556,0,0
2102606,0,0
2102705,0,0
2102754,0,0
2102804,0,0
2102903,0,0
2103000,14.4993203443589,12.1794290892614
2103109,0,0
2103125,0,0
2103158,0,0
2103174,0,0
2103208,14.9635264043893,7.18249267410686
2103257,0,0
2103307,0,0
2103406,0,0
2103505,0,0
2103554,0,0
2103604,18.308311973636,8.78798974734529
2103703,0,0
2103752,0,0
2103802,0,0
2103901,0,0
2104008,0,0
2104057,0,0
2104073,0,0
2104081,0,0
2104099,0,0
2104107,0,0
2104206,0,0
2104305,0,0
2104404,0,0
2104503,0,0
2104552,0,0
2104602,0,0
2104628,0,0
2104651,0,0
2104677,0,0
2104701,0,0
2104800,14.2724612859488,6.85078141725541
2104909,0,0
2105005,0,0
2105104,0,0
2105153,0,0
2105203,0,0
2105302,23.5215183332883,14.9920759475123
2105351,0,0
2105401,0,0
2105427,0,0
2105450,0,0
2105476,0,0
2105500,0,0
2105609,0,0
2105658,0,0
2105708,17.7809388335704,13.2764343290659
2105807,0,0
2105906,0,0
2105922,0,0
2105948,0,0
2105963,0,0
2105989,0,0
2106003,0,0
2106102,0,0
2106201,0,0
2106300,0,0
2106326,0,0
2106359,0,0
2106375,0,0
2106409,0,0
2106508,0,0
2106607,0,0
2106631,0,0
2106672,0,0
2106706,0,0
2106755,0,0
2106805,0,0
2106904,0,0
2107001,0,0
2107100,0,0
2107209,0,0
2107258,0,0
2107308,0,0
2107357,0,0
2107407,0,0
2107456,0,0
2107506,0,0
2107605,0,0
2107704,0,0
2107803,0,0
2107902,0,0
2108009,0,0
2108058,0,0
2108108,0,0
2108207,0,0
2108256,0,0
2108306,0,0
2108405,0,0
2108454,0,0
2108504,0,0
2108603,11.9364503383984,5.72949616243122
2108702,0,0
2108801,0,0
2108900,0,0
2109007,0,0
2109056,0,0
2109106,20.8177200433009,19.9850112415688
2109205,0,0
2109239,0,0
2109270,0,0
2109304,0,0
2109403,0,0
2109452,0,0
2109502,0,0
2109551,0,0
2109601,0,0
2109700,0,0
2109759,0,0
2109809,0,0
2109908,22.3491155337528,10.7275754562013
2110005,0,0
2110039,39.4150802096882,18.9192385006503
2110104,0,0
2110203,0,0
2110237,0,0
2110278,0,0
2110302,0,0
2110401,0,0
2110500,0,0
2110609,0,0
2110658,0,0
2110708,0,0
2110807,0,0
2110856,0,0
2110906,0,0
2111003,0,0
2111029,0,0
2111052,0,0
2111078,0,0
2111102,0,0
2111201,0,0
2111250,0,0
2111300,20.9202191212606,10.8208029937555
2111409,0,0
2111508,0,0
2111532,0,0
2111573,0,0
2111607,0,0
2111631,0,0
2111672,0,0
2111706,0,0
2111722,0,0
2111748,0,0
2111763,0,0
2111789,0,0
2111805,0,0
2111904,0,0
2111953,0,0
2112001,0,0
2112100,0,0
2112209,11.7493625970791,8.45954106989696
2112233,0,0
2112274,0,0
2112308,0,0
2112407,0,0
2112456,0,0
2112506,0,0
2112605,0,0
2112704,0,0
2112803,0,0
2112852,0,0
2112902,0,0
2113009,0,0
2114007,0,0
2200053,0,0
2200103,0,0
2200202,0,0
2200251,0,0
2200277,0,0
2200301,0,0
2200400,0,0
2200459,0,0
2200509,0,0
2200608,0,0
2200707,0,0
2200806,0,0
2200905,0,0
2200954,0,0
2201002,0,0
2201051,0,0
2201101,0,0
2201150,0,0
2201176,0,0
2201200,0,0
2201309,0,0
2201408,0,0
2201507,0,0
2201556,0,0
2201572,0,0
2201606,0,0
2201705,0,0
2201739,0,0
2201770,0,0
2201804,0,0
2201903,35.4512151888762,17.0165832906606
2201919,0,0
2201929,0,0
2201945,0,0
2201960,0,0
2201988,0,0
2202000,0,0
2202026,0,0
2202059,0,0
2202075,0,0
2202083,0,0
2202091,0,0
2202109,0,0
2202117,0,0
2202133,0,0
2202174,0,0
2202208,0,0
2202251,0,0
2202307,0,0
2202406,0,0
2202455,0,0
2202505,0,0
2202539,0,0
2202554,0,0
2202604,0,0
2202653,0,0
2202703,0,0
2202711,0,0
2202729,0,0
2202737,0,0
2202752,0,0
2202778,0,0
2202802,0,0
2202851,0,0
2202901,0,0
2203008,0,0
2203107,0,0
2203206,0,0
2203230,0,0
2203255,0,0
2203271,0,0
2203305,0,0
2203354,0,0
2203404,0,0
2203420,0,0
2203453,0,0
2203503,0,0
2203602,0,0
2203701,0,0
2203750,0,0
2203800,0,0
2203859,0,0
2203909,0,0
2204006,0,0
2204105,0,0
2204154,0,0
2204204,0,0
2204303,0,0
2204352,0,0
2204402,0,0
2204501,0,0
2204550,0,0
2204600,0,0
2204659,0,0
2204709,0,0
2204808,0,0
2204907,0,0
2205003,0,0
2205102,0,0
2205151,0,0
2205201,0,0
2205250,0,0
2205276,0,0
2205300,0,0
2205359,0,0
2205409,0,0
2205458,0,0
2205508,0,0
2205516,0,0
2205524,0,0
2205532,0,0
2205540,0,0
2205557,0,0
2205565,0,0
2205573,0,0
2205581,0,0
2205599,0,0
2205607,0,0
2205706,0,0
2205805,0,0
2205854,0,0
2205904,0,0
2205953,0,0
2206001,0,0
2206050,0,0
2206100,0,0
2206209,0,0
2206308,0,0
2206357,0,0
2206407,0,0
2206506,0,0
2206605,0,0
2206654,0,0
2206670,0,0
2206696,0,0
2206704,0,0
2206720,0,0
2206753,0,0
2206803,0,0
2206902,0,0
2206951,0,0
2207009,26.9650802211137,12.9432385061346
2207108,0,0
2207207,0,0
2207306,0,0
2207355,0,0
2207405,0,0
2207504,0,0
2207553,0,0
2207603,0,0
2207702,16.288555009708,9.3822076855918
2207751,0,0
2207777,0,0
2207793,0,0
2207801,0,0
2207850,0,0
2207900,0,0
2207934,0,0
2207959,0,0
2208007,25.5001211255753,24.4801162805523
2208106,0,0
2208205,0,0
2208304,0,0
2208403,23.5157634000658,11.2875664320316
2208502,0,0
2208551,0,0
2208601,0,0
2208650,0,0
2208700,0,0
2208809,0,0
2208858,0,0
2208874,0,0
2208908,0,0
2209005,0,0
2209104,0,0
2209153,0,0
2209203,0,0
2209302,0,0
2209351,0,0
2209377,0,0
2209401,0,0
2209450,0,0
2209500,0,0
2209559,0,0
2209609,0,0
2209658,0,0
2209708,0,0
2209757,0,0
2209807,0,0
2209856,0,0
2209872,0,0
2209906,0,0
2209955,0,0
2209971,0,0
2210003,0,0
2210052,0,0
2210102,0,0
2210201,0,0
2210300,0,0
2210359,0,0
2210375,0,0
2210383,0,0
2210391,0,0
2210409,0,0
2210508,0,0
2210607,43.0082862631534,20.6439774063136
2210623,0,0
2210631,0,0
2210656,0,0
2210706,0,0
2210805,0,0
2210904,0,0
2210938,0,0
2210953,0,0
2210979,0,0
2211001,24.0762606917605,12.6625003599919
2211100,0,0
2211209,0,0
2211308,0,0
2211357,0,0
2211407,0,0
2211506,0,0
2211605,0,0
2211704,0,0
2300101,0,0
2300150,0,0
2300200,0,0
2300309,0,0
2300408,0,0
2300507,0,0
2300606,0,0
2300705,0,0
2300754,0,0
2300804,0,0
2300903,0,0
2301000,0,0
2301109,0,0
2301208,0,0
2301257,0,0
2301307,0,0
2301406,0,0
2301505,0,0
2301604,0,0
2301703,0,0
2301802,0,0
2301851,0,0
2301901,48.9971908277259,39.1977526621807
2301950,0,0
2302008,0,0
2302057,0,0
2302107,0,0
2302206,0,0
2302305,0,0
2302404,0,0
2302503,20.0634003450905,16.3717346815938
2302602,0,0
2302701,0,0
2302800,0,0
2302909,0,0
2303006,0,0
2303105,0,0
2303204,0,0
2303303,0,0
2303402,0,0
2303501,0,0
2303600,0,0
2303659,0,0
2303709,5.4762713163861,2.62861023186533
2303808,0,0
2303907,0,0
2303931,0,0
2303956,0,0
2304004,0,0
2304103,26.6102529304541,19.159382109927
2304202,7.51704489930918,3.60818155166841
2304236,0,0
2304251,0,0
2304269,0,0
2304277,0,0
2304285,0,0
2304301,0,0
2304350,0,0
2304400,14.3675379995325,7.36094382069313
2304459,0,0
2304509,0,0
2304608,0,0
2304657,0,0
2304707,0,0
2304806,0,0
2304905,0,0
2304954,0,0
2305001,0,0
2305100,0,0
2305209,0,0
2305233,0,0
2305266,0,0
2305308,0,0
2305332,0,0
2305357,0,0
2305407,14.6709310172824,14.0840937765911
2305506,29.1053029862041,18.6273939111706
2305605,0,0
2305654,0,0
2305704,0,0
2305803,0,0
2305902,0,0
2306009,0,0
2306108,0,0
2306207,0,0
2306256,0,0
2306306,0,0
2306405,36.0045656853507,23.5331969756165
2306504,0,0
2306553,0,0
2306603,0,0
2306702,0,0
2306801,0,0
2306900,0,0
2307007,0,0
2307106,0,0
2307205,0,0
2307254,0,0
2307304,22.0803289607043,15.6372165754496
2307403,0,0
2307502,0,0
2307601,33.39455668726,32.0587744197696
2307635,0,0
2307650,8.71619207000846,4.18377219360406
2307700,3.83594433277584,1.8412532797324
2307809,0,0
2307908,0,0
2308005,0,0
2308104,0,0
2308203,0,0
2308302,0,0
2308351,0,0
2308377,0,0
2308401,0,0
2308500,0,0
2308609,0,0
2308708,0,0
2308807,0,0
2308906,0,0
2309003,0,0
2309102,0,0
2309201,0,0
2309300,0,0
2309409,0,0
2309458,0,0
2309508,0,0
2309607,0,0
2309706,0,0
2309805,0,0
2309904,0,0
2310001,0,0
2310100,0,0
2310209,0,0
2310258,0,0
2310308,0,0
2310407,0,0
2310506,0,0
2310605,0,0
2310704,0,0
2310803,0,0
2310852,0,0
2310902,0,0
2310951,0,0
2311009,0,0
2311108,0,0
2311207,0,0
2311231,0,0
2311264,0,0
2311306,0,0
2311355,0,0
2311405,63.5867837315659,53.9998532612683
2311504,0,0
2311603,17.1550126947094,8.23440609346051
2311702,0,0
2311801,0,0
2311900,0,0
2311959,0,0
2312007,0,0
2312106,0,0
2312205,0,0
2312304,0,0
2312403,0,0
2312502,0,0
2312601,0,0
2312700,0,0
2312809,0,0
2312908,40.3396120753069,26.1970186653758
2313005,0,0
2313104,0,0
2313203,0,0
2313252,0,0
2313302,33.8627205309675,24.3811587822966
2313351,0,0
2313401,27.4377098658165,23.8316108548806
2313500,0,0
2313559,0,0
2313609,0,0
2313708,0,0
2313757,0,0
2313807,0,0
2313906,0,0
2313955,0,0
2314003,0,0
2314102,0,0
2400109,0,0
2400208,0,0
2400307,0,0
2400406,0,0
2400505,0,0
2400604,0,0
2400703,0,0
2400802,0,0
2400901,0,0
2401008,13.9376707364665,6.69008195350393
2401107,0,0
2401206,0,0
2401305,0,0
2401404,0,0
2401453,0,0
2401503,0,0
2401602,0,0
2401651,0,0
2401701,0,0
2401800,0,0
2401859,0,0
2401909,0,0
2402006,43.8962293139019,28.0935867608972
2402105,0,0
2402204,0,0
2402303,0,0
2402402,0,0
2402501,0,0
2402600,0,0
2402709,0,0
2402808,0,0
2402907,0,0
2403004,0,0
2403103,11.134617525888,10.6892328248525
2403202,0,0
2403251,3.74481343339475,1.79751044802948
2403301,0,0
2403400,0,0
2403509,0,0
2403608,0,0
2403707,0,0
2403756,0,0
2403806,0,0
2403905,0,0
2404002,0,0
2404101,0,0
2404200,0,0
2404309,0,0
2404408,0,0
2404507,31.3224331266053,15.0347679007705
2404606,0,0
2404705,0,0
2404804,0,0
2404853,0,0
2404903,0,0
2405009,0,0
2405108,0,0
2405207,0,0
2405306,0,0
2405405,0,0
2405504,0,0
2405603,0,0
2405702,0,0
2405801,17.0648464163823,8.19112627986348
2405900,0,0
2406007,0,0
2406106,0,0
2406155,0,0
2406205,0,0
2406304,0,0
2406403,0,0
2406502,0,0
2406601,0,0
2406700,0,0
2406809,0,0
2406908,0,0
2407005,0,0
2407104,12.2218012490681,11.7329291991054
2407203,0,0
2407252,0,0
2407302,0,0
2407401,0,0
2407500,0,0
2407609,0,0
2407708,0,0
2407807,0,0
2407906,0,0
2408003,22.9527174021516,15.8074366804383
2408102,9.32081573982571,6.63013206360614
2408201,0,0
2408300,0,0
2408409,0,0
2408508,0,0
2408607,0,0
2408706,0,0
2408805,0,0
2408904,0,0
2408953,0,0
2409100,0,0
2409209,0,0
2409308,0,0
2409332,0,0
2409407,42.483660130719,31.3725490196078
2409506,0,0
2409605,0,0
2409704,0,0
2409803,0,0
2409902,0,0
2410009,0,0
2410108,0,0
2410207,0,0
2410256,0,0
2410306,0,0
2410405,0,0
2410504,0,0
2410603,0,0
2410702,0,0
2410801,0,0
2410900,0,0
2411007,0,0
2411056,0,0
2411106,0,0
2411205,12.5037511253376,6.00180054016205
2411403,0,0
2411429,0,0
2411502,24.7116968698517,23.7232289950577
2411601,0,0
2411700,0,0
2411809,0,0
2411908,0,0
2412005,9.64580600354966,4.62998688170383
2412104,0,0
2412203,0,0
2412302,0,0
2412401,0,0
2412500,0,0
2412559,0,0
2412609,33.8600451467269,16.2528216704289
2412708,0,0
2412807,0,0
2412906,0,0
2413003,0,0
2413102,0,0
2413201,0,0
2413300,0,0
2413359,0,0
2413409,0,0
2413508,0,0
2413557,0,0
2413607,0,0
2413706,0,0
2413805,0,0
2413904,0,0
2414001,0,0
2414100,0,0
2414159,0,0
2414209,0,0
2414308,0,0
2414407,0,0
2414456,0,0
2414506,0,0
2414605,0,0
2414704,0,0
2414753,0,0
2414803,0,0
2414902,0,0
2415008,0,0
2500106,0,0
2500205,0,0
2500304,0,0
2500403,0,0
2500502,0,0
2500536,0,0
2500577,0,0
2500601,0,0
2500700,0,0
2500734,0,0
2500775,0,0
2500809,0,0
2500908,0,0
2501005,0,0
2501104,0,0
2501153,0,0
2501203,0,0
2501302,0,0
2501351,0,0
2501401,0,0
2501500,0,0
2501534,0,0
2501575,0,0
2501609,0,0
2501708,0,0
2501807,0,0
2501906,0,0
2502003,0,0
2502052,0,0
2502102,0,0
2502151,0,0
2502201,0,0
2502300,0,0
2502409,0,0
2502508,0,0
2502607,0,0
2502706,0,0
2502805,0,0
2502904,0,0
2503001,0,0
2503100,0,0
2503209,0,0
2503308,0,0
2503407,0,0
2503506,0,0
2503555,0,0
2503605,0,0
2503704,17.6596188733163,12.3296248133699
2503753,0,0
2503803,0,0
2503902,0,0
2504009,14.327099830746,12.7049807312649
2504033,0,0
2504074,0,0
2504108,0,0
2504157,0,0
2504207,0,0
2504306,0,0
2504355,0,0
2504405,0,0
2504504,0,0
2504603,0,0
2504702,0,0
2504801,0,0
2504850,0,0
2504900,0,0
2505006,0,0
2505105,0,0
2505204,0,0
2505238,0,0
2505279,0,0
2505303,0,0
2505352,0,0
2505402,0,0
2505501,0,0
2505600,0,0
2505709,0,0
2505808,0,0
2505907,0,0
2506004,0,0
2506103,0,0
2506202,0,0
2506251,0,0
2506301,0,0
2506400,0,0
2506509,0,0
2506608,0,0
2506707,0,0
2506806,0,0
2506905,0,0
2507002,0,0
2507101,0,0
2507200,0,0
2507309,0,0
2507408,0,0
2507507,10.7643811520579,7.92649884833354
2507606,0,0
2507705,0,0
2507804,0,0
2507903,0,0
2508000,0,0
2508109,0,0
2508208,0,0
2508307,0,0
2508406,0,0
2508505,0,0
2508554,0,0
2508604,0,0
2508703,0,0
2508802,0,0
2508901,0,0
2509008,0,0
2509057,0,0
2509107,0,0
2509156,0,0
2509206,0,0
2509305,0,0
2509339,0,0
2509370,0,0
2509396,0,0
2509404,0,0
2509503,0,0
2509602,0,0
2509701,0,0
2509800,0,0
2509909,0,0
2510006,0,0
2510105,0,0
2510204,0,0
2510303,0,0
2510402,0,0
2510501,0,0
2510600,0,0
2510659,0,0
2510709,0,0
2510808,24.0313516711032,21.2954747116238
2510907,0,0
2511004,0,0
2511103,0,0
2511202,0,0
2511301,0,0
2511400,0,0
2511509,0,0
2511608,0,0
2511707,0,0
2511806,0,0
2511905,0,0
2512002,0,0
2512036,0,0
2512077,0,0
2512101,0,0
2512200,0,0
2512309,0,0
2512408,0,0
2512507,0,0
2512606,0,0
2512705,0,0
2512721,0,0
2512747,0,0
2512754,0,0
2512762,0,0
2512788,0,0
2512804,0,0
2512903,0,0
2513000,0,0
2513109,0,0
2513158,0,0
2513208,0,0
2513307,0,0
2513356,0,0
2513406,0,0
2513505,0,0
2513604,0,0
2513653,0,0
2513703,30.5790358866828,25.1621781010419
2513802,0,0
2513851,0,0
2513901,0,0
2513927,0,0
2513943,0,0
2513968,0,0
2513984,0,0
2514008,0,0
2514107,0,0
2514206,0,0
2514305,0,0
2514404,0,0
2514453,0,0
2514503,0,0
2514552,0,0
2514602,0,0
2514651,0,0
2514701,0,0
2514800,0,0
2514909,0,0
2515005,0,0
2515104,0,0
2515203,0,0
2515302,0,0
2515401,0,0
2515500,0,0
2515609,0,0
2515708,0,0
2515807,0,0
2515906,0,0
2515930,0,0
2515971,0,0
2516003,0,0
2516102,0,0
2516151,0,0
2516201,0,0
2516300,0,0
2516409,0,0
2516508,0,0
2516607,0,0
2516706,0,0
2516755,0,0
2516805,0,0
2516904,0,0
2517001,0,0
2517100,0,0
2517209,0,0
2517407,0,0
2600054,0,0
2600104,53.4702170890814,38.4985563041386
2600203,0,0
2600302,0,0
2600401,0,0
2600500,0,0
2600609,0,0
2600708,0,0
2600807,0,0
2600906,0,0
2601003,0,0
2601052,0,0
2601102,47.1342383107089,28.2805429864253
2601201,10.6920424474085,5.13218037475609
2601300,0,0
2601409,0,0
2601508,0,0
2601607,0,0
2601706,0,0
2601805,0,0
2601904,16.4257555847569,15.7687253613666
2602001,0,0
2602100,0,0
2602209,0,0
2602308,0,0
2602407,0,0
2602506,0,0
2602605,0,0
2602704,0,0
2602803,0,0
2602902,19.1438854429895,9.18906501263496
2603009,0,0
2603108,0,0
2603207,0,0
2603306,0,0
2603405,0,0
2603454,0,0
2603504,0,0
2603603,0,0
2603702,0,0
2603801,0,0
2603900,0,0
2603926,0,0
2604007,0,0
2604106,21.9011273605309,15.7688116995822
2604155,0,0
2604205,0,0
2604304,0,0
2604403,0,0
2604502,0,0
2604601,0,0
2604700,0,0
2604809,0,0
2604908,0,0
2605004,0,0
2605103,0,0
2605152,0,0
2605202,0,0
2605301,0,0
2605400,0,0
2605459,0,0
2605509,0,0
2605608,0,0
2605707,0,0
2605806,0,0
2605905,0,0
2606002,7.11353919915776,6.82899763119145
2606101,0,0
2606200,0,0
2606309,0,0
2606408,0,0
2606507,0,0
2606606,0,0
2606705,0,0
2606804,0,0
2606903,0,0
2607000,0,0
2607109,0,0
2607208,0,0
2607307,0,0
2607406,0,0
2607505,0,0
2607604,0,0
2607653,0,0
2607703,0,0
2607752,0,0
2607802,0,0
2607901,4.24407986226546,2.7162111118499
2607950,0,0
2608008,0,0
2608057,0,0
2608107,0,0
2608206,0,0
2608255,0,0
2608305,0,0
2608404,0,0
2608453,0,0
2608503,0,0
2608602,0,0
2608701,0,0
2608750,0,0
2608800,0,0
2608909,17.7942275525819,17.0824584504787
2609006,0,0
2609105,0,0
2609154,0,0
2609204,0,0
2609303,0,0
2609402,0,0
2609501,0,0
2609600,7.12259771313738,6.22718542920011
2609709,0,0
2609808,0,0
2609907,11.4336348954537,5.48814474981778
2610004,31.496062992126,15.1181102362205
2610103,0,0
2610202,0,0
2610301,0,0
2610400,0,0
2610509,0,0
2610608,0,0
2610707,0,0
2610806,0,0
2610905,0,0
2611002,0,0
2611101,11.8537919433727,9.07661783092541
2611200,0,0
2611309,0,0
2611408,0,0
2611507,0,0
2611533,0,0
2611606,23.1635339448587,15.2697886433366
2611705,0,0
2611804,0,0
2611903,0,0
2612000,0,0
2612109,0,0
2612208,0,0
2612307,0,0
2612406,0,0
2612455,0,0
2612471,0,0
2612505,0,0
2612554,0,0
2612604,0,0
2612703,0,0
2612802,0,0
2612901,0,0
2613008,0,0
2613107,0,0
2613206,0,0
2613305,0,0
2613404,0,0
2613503,0,0
2613602,0,0
2613701,0,0
2613800,0,0
2613909,69.0329632399471,33.1358223551746
2614006,0,0
2614105,0,0
2614204,0,0
2614303,0,0
2614402,0,0
2614501,0,0
2614600,0,0
2614709,0,0
2614808,0,0
2614857,0,0
2615003,0,0
2615102,0,0
2615201,0,0
2615300,0,0
2615409,0,0
2615508,0,0
2615607,0,0
2615706,0,0
2615805,0,0
2615904,0,0
2616001,0,0
2616100,0,0
2616183,0,0
2616209,0,0
2616308,0,0
2616407,7.16419621300588,6.87762836448565
2616506,0,0
2700102,0,0
2700201,0,0
2700300,26.1749775796299,12.5639892382223
2700409,0,0
2700508,0,0
2700607,0,0
2700706,0,0
2700805,0,0
2700904,0,0
2701001,0,0
2701100,0,0
2701209,0,0
2701308,0,0
2701357,0,0
2701407,0,0
2701506,0,0
2701605,0,0
2701704,0,0
2701803,0,0
2701902,0,0
2702009,0,0
2702108,0,0
2702207,0,0
2702306,8.72691730373163,4.18892030579118
2702355,0,0
2702405,0,0
2702504,0,0
2702553,0,0
2702603,0,0
2702702,0,0
2702801,0,0
2702900,0,0
2703007,0,0
2703106,0,0
2703205,0,0
2703304,0,0
2703403,0,0
2703502,0,0
2703601,0,0
2703700,0,0
2703759,0,0
2703809,0,0
2703908,0,0
2704005,0,0
2704104,0,0
2704203,0,0
2704302,18.7251306858079,10.3924475306234
2704401,0,0
2704500,0,0
2704609,0,0
2704708,0,0
2704807,0,0
2704906,0,0
2705002,0,0
2705101,0,0
2705200,0,0
2705309,0,0
2705408,0,0
2705507,0,0
2705606,0,0
2705705,0,0
2705804,0,0
2705903,0,0
2706000,0,0
2706109,0,0
2706208,0,0
2706307,13.635681852271,10.4722036625441
2706406,0,0
2706422,0,0
2706448,0,0
2706505,0,0
2706604,0,0
2706703,15.6626883438273,12.7807536885631
2706802,0,0
2706901,0,0
2707008,0,0
2707107,0,0
2707206,0,0
2707305,36.6985944438328,17.6153253330397
2707404,0,0
2707503,0,0
2707602,0,0
2707701,0,0
2707800,0,0
2707909,0,0
2708006,20.9121897153851,20.0757021267697
2708105,0,0
2708204,0,0
2708303,0,0
2708402,0,0
2708501,0,0
2708600,16.1820153081865,7.76736734792951
2708709,0,0
2708808,0,0
2708907,0,0
2708956,0,0
2709004,0,0
2709103,0,0
2709152,0,0
2709202,0,0
2709301,22.7998176014592,10.9439124487004
2709400,0,0
2800100,0,0
2800209,0,0
2800308,14.2876909286698,10.3232326878305
2800407,0,0
2800506,0,0
2800605,0,0
2800670,0,0
2800704,0,0
2801009,0,0
2801108,0,0
2801207,0,0
2801306,0,0
2801405,0,0
2801504,0,0
2801603,0,0
2801702,0,0
2801900,0,0
2802007,0,0
2802106,84.8237391454368,60.7280464661568
2802205,0,0
2802304,0,0
2802403,0,0
2802502,0,0
2802601,0,0
2802700,0,0
2802809,0,0
2802908,0,0
2803005,0,0
2803104,0,0
2803203,0,0
2803302,0,0
2803401,0,0
2803500,38.0152250976516,28.7395101738246
2803609,0,0
2803708,0,0
2803807,0,0
2803906,0,0
2804003,0,0
2804102,0,0
2804201,0,0
2804300,0,0
2804409,0,0
2804458,0,0
2804508,0,0
2804607,0,0
2804706,0,0
2804805,0,0
2804904,0,0
2805000,0,0
2805109,0,0
2805208,0,0
2805307,0,0
2805406,0,0
2805505,0,0
2805604,0,0
2805703,0,0
2805802,0,0
2805901,0,0
2806008,0,0
2806107,0,0
2806206,0,0
2806305,0,0
2806404,0,0
2806503,0,0
2806602,0,0
2806701,0,0
2806800,0,0
2806909,0,0
2807006,0,0
2807105,0,0
2807204,0,0
2807303,0,0
2807402,0,0
2807501,0,0
2807600,0,0
2900108,0,0
2900207,0,0
2900306,0,0
2900355,0,0
2900405,0,0
2900504,0,0
2900603,0,0
2900702,5.25185948649944,2.52089255351973
2900801,0,0
2900900,0,0
2901007,0,0
2901106,0,0
2901155,0,0
2901205,0,0
2901304,0,0
2901353,0,0
2901403,0,0
2901502,0,0
2901601,0,0
2901700,0,0
2901809,0,0
2901908,0,0
2901957,0,0
2902005,0,0
2902054,0,0
2902104,0,0
2902203,0,0
2902252,0,0
2902302,0,0
2902401,0,0
2902500,0,0
2902609,0,0
2902658,0,0
2902708,18.5494342422556,8.90372843628269
2902807,0,0
2902906,0,0
2903003,0,0
2903102,0,0
2903201,19.1113234591495,24.4624940277114
2903235,0,0
2903276,0,0
2903300,0,0
2903409,0,0
2903508,0,0
2903607,0,0
2903706,0,0
2903805,0,0
2903904,0,0
2903953,0,0
2904001,0,0
2904050,0,0
2904100,0,0
2904209,0,0
2904308,0,0
2904407,0,0
2904506,0,0
2904605,0,0
2904704,0,0
2904753,0,0
2904803,0,0
2904852,0,0
2904902,0,0
2905008,0,0
2905107,0,0
2905156,0,0
2905206,0,0
2905305,0,0
2905404,0,0
2905503,0,0
2905602,0,0
2905701,3.28620909491229,1.5773803655579
2905800,0,0
2905909,0,0
2906006,0,0
2906105,0,0
2906204,0,0
2906303,0,0
2906402,0,0
2906501,0,0
2906600,0,0
2906709,0,0
2906808,0,0
2906824,0,0
2906857,0,0
2906873,0,0
2906899,0,0
2906907,0,0
2907004,0,0
2907103,0,0
2907202,0,0
2907301,0,0
2907400,0,0
2907509,0,0
2907558,0,0
2907608,0,0
2907707,0,0
2907806,0,0
2907905,0,0
2908002,0,0
2908101,0,0
2908200,0,0
2908309,0,0
2908408,0,0
2908507,0,0
2908606,0,0
2908705,0,0
2908804,0,0
2908903,0,0
2909000,0,0
2909109,0,0
2909208,0,0
2909307,0,0
2909406,0,0
2909505,0,0
2909604,0,0
2909703,0,0
2909802,0,0
2909901,0,0
2910008,0,0
2910057,0,0
2910107,0,0
2910206,0,0
2910305,0,0
2910404,0,0
2910503,0,0
2910602,0,0
2910701,0,0
2910727,17.4831287807266,19.3013741739222
2910750,0,0
2910776,0,0
2910800,8.55378149768644,8.44403486715009
2910859,0,0
2910909,0,0
2911006,0,0
2911105,0,0
2911204,0,0
2911253,0,0
2911303,0,0
2911402,0,0
2911501,0,0
2911600,0,0
2911659,0,0
2911709,0,0
2911808,0,0
2911857,0,0
2911907,0,0
2912004,0,0
2912103,0,0
2912202,0,0
2912301,0,0
2912400,0,0
2912509,0,0
2912608,0,0
2912707,0,0
2912806,0,0
2912905,0,0
2913002,0,0
2913101,0,0
2913200,0,0
2913309,0,0
2913408,0,0
2913457,0,0
2913507,0,0
2913606,31.2650463035336,35.4170444526428
2913705,0,0
2913804,0,0
2913903,0,0
2914000,0,0
2914109,0,0
2914208,0,0
2914307,0,0
2914406,0,0
2914505,0,0
2914604,13.6010010336761,13.056960992329
2914653,0,0
2914703,30.9377223648795,37.1252668378554
2914802,14.0393569974495,17.9703769567354
2914901,0,0
2915007,0,0
2915106,0,0
2915205,0,0
2915304,0,0
2915353,0,0
2915403,0,0
2915502,0,0
2915601,0,0
2915700,0,0
2915809,0,0
2915908,0,0
2916005,0,0
2916104,0,0
2916203,0,0
2916302,0,0
2916401,0,0
2916500,0,0
2916609,0,0
2916708,0,0
2916807,0,0
2916856,0,0
2916906,0,0
2917003,0,0
2917102,0,0
2917201,0,0
2917300,0,0
2917334,0,0
2917359,0,0
2917409,0,0
2917508,12.4015625968872,5.95275004650586
2917607,0,0
2917706,0,0
2917805,0,0
2917904,0,0
2918001,18.5747409143897,20.9061911532993
2918100,0,0
2918209,0,0
2918308,0,0
2918357,0,0
2918407,13.292874102731,16.9415388564461
2918456,0,0
2918506,0,0
2918555,0,0
2918605,0,0
2918704,0,0
2918753,0,0
2918803,0,0
2918902,0,0
2919009,0,0
2919058,0,0
2919108,0,0
2919157,0,0
2919207,0,0
2919306,0,0
2919405,0,0
2919504,0,0
2919553,0,0
2919603,0,0
2919702,0,0
2919801,0,0
2919900,0,0
2919926,0,0
2919959,0,0
2920007,0,0
2920106,0,0
2920205,0,0
2920304,0,0
2920403,0,0
2920452,0,0
2920502,0,0
2920601,0,0
2920700,0,0
2920809,0,0
2920908,0,0
2921005,0,0
2921054,0,0
2921104,0,0
2921203,0,0
2921302,0,0
2921401,0,0
2921450,0,0
2921500,0,0
2921609,0,0
2921708,0,0
2921807,0,0
2921906,0,0
2922003,0,0
2922052,0,0
2922102,0,0
2922201,0,0
2922250,0,0
2922300,0,0
2922409,0,0
2922508,0,0
2922607,0,0
2922656,0,0
2922706,0,0
2922730,0,0
2922755,0,0
2922805,0,0
2922854,0,0
2922904,0,0
2923001,0,0
2923035,0,0
2923050,0,0
2923100,0,0
2923209,0,0
2923308,0,0
2923357,0,0
2923407,0,0
2923506,0,0
2923605,0,0
2923704,0,0
2923803,0,0
2923902,0,0
2924009,8.43767930068514,4.05008606432887
2924058,0,0
2924108,0,0
2924207,0,0
2924306,0,0
2924405,0,0
2924504,0,0
2924603,0,0
2924652,0,0
2924678,0,0
2924702,0,0
2924801,0,0
2924900,0,0
2925006,0,0
2925105,0,0
2925204,0,0
2925253,0,0
2925303,6.63754994756336,3.18602397483041
2925402,0,0
2925501,0,0
2925600,0,0
2925709,0,0
2925758,0,0
2925808,0,0
2925907,0,0
2925931,0,0
2925956,0,0
2926004,24.2895312120476,11.6589749817829
2926103,0,0
2926202,0,0
2926301,0,0
2926400,0,0
2926509,0,0
2926608,0,0
2926657,0,0
2926707,0,0
2926806,0,0
2926905,0,0
2927002,0,0
2927101,0,0
2927200,0,0
2927309,0,0
2927408,19.0875526293364,11.7726204819486
2927507,0,0
2927606,0,0
2927705,0,0
2927804,0,0
2927903,0,0
2928000,0,0
2928059,0,0
2928109,0,0
2928208,0,0
2928307,0,0
2928406,0,0
2928505,0,0
2928604,0,0
2928703,0,0
2928802,0,0
2928901,0,0
2928950,0,0
2929008,0,0
2929057,0,0
2929107,0,0
2929206,0,0
2929255,0,0
2929305,0,0
2929354,0,0
2929370,0,0
2929404,0,0
2929503,0,0
2929602,0,0
2929701,0,0
2929750,0,0
2929800,0,0
2929909,11.3035221775105,16.2770719356151
2930006,0,0
2930105,0,0
2930154,0,0
2930204,0,0
2930303,0,0
2930402,0,0
2930501,12.3022414683955,5.90507590482986
2930600,0,0
2930709,0,0
2930758,0,0
2930766,0,0
2930774,0,0
2930808,0,0
2930907,0,0
2931004,0,0
2931053,0,0
2931103,0,0
2931202,0,0
2931301,0,0
2931350,9.23429246851106,13.2973811546559
2931400,0,0
2931509,0,0
2931608,0,0
2931707,0,0
2931806,0,0
2931905,0,0
2932002,0,0
2932101,0,0
2932200,0,0
2932309,0,0
2932408,0,0
2932457,0,0
2932507,0,0
2932606,0,0
2932705,0,0
2932804,0,0
2932903,10.2845741672066,14.8097868007775
2933000,0,0
2933059,0,0
2933109,0,0
2933158,0,0
2933174,0,0
2933208,0,0
2933257,0,0
2933307,20.5201566567388,18.2922539340072
2933406,0,0
2933455,0,0
2933505,0,0
2933604,0,0
3100104,0,0
3100203,0,0
3100302,0,0
3100401,0,0
3100500,0,0
3100609,0,0
3100708,0,0
3100807,0,0
3100906,0,0
3101003,0,0
3101102,0,0
3101201,167.336010709505,160.642570281125
3101300,0,0
3101409,0,0
3101508,14.1238948052315,6.77946950651112
3101607,49.6931448306706,29.8158868984024
3101631,0,0
3101706,23.7287331229386,11.3897918990105
3101805,0,0
3101904,0,0
3102001,0,0
3102050,0,0
3102100,0,0
3102209,0,0
3102308,0,0
3102407,0,0
3102506,0,0
3102605,0,0
3102704,0,0
3102803,0,0
3102852,0,0
3102902,0,0
3103009,0,0
3103108,0,0
3103207,0,0
3103306,0,0
3103405,27.2390499019394,13.0747439529309
3103504,25.4614894971356,20.3691915977085
3103603,0,0
3103702,0,0
3103751,0,0
3103801,0,0
3103900,0,0
3104007,6.5215163457149,3.13032784594315
3104106,0,0
3104205,0,0
3104304,0,0
3104403,0,0
3104452,0,0
3104502,0,0
3104601,0,0
3104700,0,0
3104809,0,0
3104908,52.0860461482369,25.0013021511537
3105004,0,0
3105103,0,0
3105202,0,0
3105301,0,0
3105400,0,0
3105509,0,0
3105608,18.8127695291019,12.5032560562647
3105707,0,0
3105905,0,0
3106002,0,0
3106101,0,0
3106200,11.6197724904067,8.31864668118676
3106309,0,0
3106408,0,0
3106507,0,0
3106606,0,0
3106655,0,0
3106705,17.9862584985071,9.71257958919386
3106804,0,0
3106903,0,0
3107000,0,0
3107109,24.8638703100525,23.8693154976504
3107208,0,0
3107307,0,0
3107406,39.1941679078153,18.8132005957514
3107505,0,0
3107604,0,0
3107703,0,0
3107802,0,0
3107901,0,0
3108008,0,0
3108107,0,0
3108206,0,0
3108255,0,0
3108305,0,0
3108404,0,0
3108503,0,0
3108552,0,0
3108602,0,0
3108701,0,0
3108800,0,0
3108909,0,0
3109006,0,0
3109105,0,0
3109204,0,0
3109253,0,0
3109303,0,0
3109402,0,0
3109451,0,0
3109501,0,0
3109600,0,0
3109709,0,0
3109808,0,0
3109907,0,0
3110004,0,0
3110103,0,0
3110202,0,0
3110301,0,0
3110400,0,0
3110509,0,0
3110608,0,0
3110707,0,0
3110806,0,0
3110905,0,0
3111002,0,0
3111101,0,0
3111150,0,0
3111200,18.4549514634777,17.7167534049385
3111309,0,0
3111408,0,0
3111507,0,0
3111606,0,0
3111705,0,0
3111804,0,0
3111903,0,0
3112000,0,0
3112059,0,0
3112109,0,0
3112208,0,0
3112307,26.2763749113172,25.2253199148645
3112406,0,0
3112505,0,0
3112604,0,0
3112653,0,0
3112703,0,0
3112802,0,0
3112901,0,0
3113008,0,0
3113107,0,0
3113206,0,0
3113305,36.3515191905728,17.448729211475
3113404,75.5915035150049,36.2839216872024
3113503,0,0
3113602,0,0
3113701,0,0
3113800,0,0
3113909,0,0
3114006,0,0
3114105,0,0
3114204,0,0
3114303,0,0
3114402,0,0
3114501,0,0
3114550,0,0
3114600,0,0
3114709,0,0
3114808,0,0
3114907,0,0
3115003,0,0
3115102,0,0
3115201,0,0
3115300,13.238019592269,12.7084988085782
3115359,0,0
3115409,0,0
3115458,0,0
3115474,0,0
3115508,0,0
3115607,0,0
3115706,0,0
3115805,0,0
3115904,0,0
3116001,0,0
3116100,0,0
3116159,0,0
3116209,0,0
3116308,0,0
3116407,0,0
3116506,0,0
3116605,0,0
3116704,0,0
3116803,0,0
3116902,0,0
3117009,0,0
3117108,0,0
3117207,0,0
3117306,0,0
3117405,0,0
3117504,0,0
3117603,0,0
3117702,0,0
3117801,0,0
3117836,0,0
3117876,0,0
3117900,0,0
3118007,18.0802401055886,8.67851525068253
3118106,0,0
3118205,0,0
3118304,20.8323688718115,12.2216564047961
3118403,0,0
3118502,0,0
3118601,10.4641758938275,7.82122403950077
3118700,0,0
3118809,0,0
3118908,0,0
3119005,0,0
3119104,0,0
3119203,0,0
3119302,0,0
3119401,18.1340103363859,8.70432496146523
3119500,0,0
3119609,0,0
3119708,0,0
3119807,0,0
3119906,0,0
3119955,0,0
3120003,0,0
3120102,0,0
3120151,0,0
3120201,0,0
3120300,0,0
3120409,0,0
3120508,0,0
3120607,0,0
3120706,0,0
3120805,0,0
3120839,0,0
3120870,0,0
3120904,31.0112136548576,26.793688597797
3121001,0,0
3121100,0,0
3121209,0,0
3121258,0,0
3121308,0,0
3121407,0,0
3121506,0,0
3121605,41.8191322530057,40.1463669628855
3121704,0,0
3121803,0,0
3121902,0,0
3122009,0,0
3122108,0,0
3122207,0,0
3122306,12.4787860636917,9.98302885095338
3122355,0,0
3122405,0,0
3122454,0,0
3122470,0,0
3122504,0,0
3122603,0,0
3122702,0,0
3122801,0,0
3122900,0,0
3123007,0,0
3123106,0,0
3123205,0,0
3123304,0,0
3123403,0,0
3123502,0,0
3123528,0,0
3123601,0,0
3123700,0,0
3123809,0,0
3123858,0,0
3123908,0,0
3124005,0,0
3124104,0,0
3124203,0,0
3124302,0,0
3124401,0,0
3124500,0,0
3124609,0,0
3124708,0,0
3124807,0,0
3124906,0,0
3125002,0,0
3125101,13.5314335200671,6.49508808963222
3125200,0,0
3125309,0,0
3125408,0,0
3125507,0,0
3125606,0,0
3125705,0,0
3125804,0,0
3125903,0,0
3125952,0,0
3126000,0,0
3126109,14.7444781929168,10.6160242989001
3126208,0,0
3126307,0,0
3126406,0,0
3126505,0,0
3126604,0,0
3126703,0,0
3126752,0,0
3126802,0,0
3126901,0,0
3126950,0,0
3127008,0,0
3127057,0,0
3127073,0,0
3127107,0,0
3127206,0,0
3127305,0,0
3127339,0,0
3127354,0,0
3127370,0,0
3127388,0,0
3127404,0,0
3127503,0,0
3127602,0,0
3127701,20.6371910648079,18.1037979547832
3127800,0,0
3127909,0,0
3128006,0,0
3128105,0,0
3128204,0,0
3128253,0,0
3128303,0,0
3128402,0,0
3128501,0,0
3128600,0,0
3128709,32.6433426782903,23.9640539191213
3128808,0,0
3128907,0,0
3129004,0,0
3129103,0,0
3129202,0,0
3129301,0,0
3129400,0,0
3129509,0,0
3129608,0,0
3129657,0,0
3129707,0,0
3129806,10.9797807337787,5.2702947522138
3129905,0,0
3130002,0,0
3130051,0,0
3130101,0,0
3130200,0,0
3130309,0,0
3130408,0,0
3130507,0,0
3130556,0,0
3130606,0,0
3130655,0,0
3130705,0,0
3130804,0,0
3130903,0,0
3131000,0,0
3131109,0,0
3131158,0,0
3131208,0,0
3131307,16.9549638482493,15.0107946603167
3131406,0,0
3131505,0,0
3131604,0,0
3131703,4.96261496724674,4.76411036855687
3131802,0,0
3131901,0,0
3132008,0,0
3132107,0,0
3132206,0,0
3132305,0,0
3132404,49.3147307210225,26.1368072821419
3132503,0,0
3132602,0,0
3132701,0,0
3132800,0,0
3132909,0,0
3133006,0,0
3133105,64.8382286195941,62.2446994748103
3133204,0,0
3133303,47.5533786675543,45.6512435208522
3133402,0,0
3133501,0,0
3133600,0,0
3133709,0,0
3133758,0,0
3133808,10.6556416294607,9.20647436785406
3133907,0,0
3134004,0,0
3134103,0,0
3134202,18.0513989834212,12.7689895966937
3134301,0,0
3134400,0,0
3134509,0,0
3134608,0,0
3134707,0,0
3134806,0,0
3134905,0,0
3135001,0,0
3135050,0,0
3135076,0,0
3135100,24.9937515621095,11.9970007498125
3135209,0,0
3135308,0,0
3135357,0,0
3135407,0,0
3135456,0,0
3135506,0,0
3135605,0,0
3135704,0,0
3135803,0,0
3135902,0,0
3136009,0,0
3136108,0,0
3136207,12.4353362514922,5.96896140071628
3136306,20.9529396974396,10.057411054771
3136405,0,0
3136504,0,0
3136520,0,0
3136553,0,0
3136579,0,0
3136603,0,0
3136652,0,0
3136702,20.0598306252562,13.229022214082
3136801,0,0
3136900,0,0
3136959,0,0
3137007,0,0
3137106,0,0
3137205,18.9713721993512,18.2125173113771
3137304,0,0
3137403,0,0
3137502,0,0
3137536,0,0
3137601,0,0
3137700,0,0
3137809,0,0
3137908,0,0
3138005,0,0
3138104,0,0
3138203,19.0870656499623,20.6140309019593
3138302,0,0
3138351,0,0
3138401,32.2948328267477,15.5015197568389
3138500,0,0
3138609,0,0
3138625,0,0
3138658,0,0
3138674,0,0
3138682,0,0
3138708,0,0
3138807,0,0
3138906,0,0
3139003,0,0
3139102,0,0
3139201,0,0
3139250,0,0
3139300,0,0
3139409,43.8745626254538,26.3247375752723
3139508,0,0
3139607,21.7021738344124,10.417043440518
3139706,0,0
3139805,0,0
3139904,0,0
3140001,0,0
3140100,0,0
3140159,0,0
3140209,0,0
3140308,0,0
3140407,0,0
3140506,0,0
3140530,0,0
3140555,0,0
3140605,0,0
3140704,0,0
3140803,0,0
3140852,0,0
3140902,0,0
3141009,0,0
3141108,0,0
3141207,0,0
3141306,0,0
3141405,0,0
3141504,0,0
3141603,0,0
3141702,0,0
3141801,0,0
3141900,0,0
3142007,0,0
3142106,0,0
3142205,0,0
3142254,0,0
3142304,0,0
3142403,0,0
3142502,0,0
3142601,0,0
3142700,0,0
3142809,0,0
3142908,0,0
3143005,0,0
3143104,12.5179946172623,6.00863741628591
3143153,0,0
3143203,0,0
3143302,19.3476457542801,10.6799004563626
3143401,0,0
3143450,0,0
3143500,0,0
3143609,0,0
3143708,0,0
3143807,0,0
3143906,15.5404417142021,15.7964019306713
3144003,0,0
3144102,0,0
3144201,0,0
3144300,0,0
3144359,0,0
3144375,0,0
3144409,0,0
3144508,0,0
3144607,0,0
3144656,0,0
3144672,0,0
3144706,0,0
3144805,0,0
3144904,0,0
3145000,0,0
3145059,0,0
3145109,0,0
3145208,16.1106899166035,7.73313115996967
3145307,0,0
3145356,0,0
3145372,0,0
3145406,0,0
3145455,0,0
3145505,0,0
3145604,23.9005736137667,18.3556405353728
3145703,0,0
3145802,0,0
3145851,0,0
3145877,0,0
3145901,0,0
3146008,0,0
3146107,6.70618847072078,3.21897046594597
3146206,0,0
3146255,0,0
3146305,0,0
3146404,0,0
3146503,0,0
3146552,0,0
3146602,0,0
3146701,0,0
3146750,0,0
3146909,0,0
3147006,0,0
3147105,10.5476331111299,10.1257277866847
3147204,0,0
3147303,0,0
3147402,0,0
3147501,0,0
3147600,0,0
3147709,0,0
3147808,0,0
3147907,21.6756114689995,18.7277283092156
3147956,0,0
3148004,6.51105251163851,3.12530520558648
3148103,30.6181587551531,14.6967162024735
3148202,0,0
3148301,0,0
3148400,0,0
3148509,0,0
3148608,57.0222957176256,43.7931231111365
3148707,0,0
3148756,0,0
3148806,0,0
3148905,0,0
3149002,0,0
3149101,0,0
3149150,0,0
3149200,0,0
3149309,0,0
3149408,0,0
3149507,0,0
3149606,0,0
3149705,0,0
3149804,0,0
3149903,0,0
3149952,0,0
3150000,0,0
3150109,0,0
3150158,0,0
3150208,0,0
3150307,0,0
3150406,0,0
3150505,0,0
3150539,0,0
3150570,0,0
3150604,0,0
3150703,0,0
3150802,0,0
3150901,0,0
3151008,0,0
3151107,0,0
3151206,19.4209039548023,9.32203389830508
3151305,0,0
3151404,0,0
3151503,0,0
3151602,0,0
3151701,0,0
3151800,16.6033171055674,13.0929014889618
3151909,0,0
3152006,0,0
3152105,58.455114822547,40.8851774530271
3152131,0,0
3152170,0,0
3152204,13.2051552926262,6.3384745404606
3152303,0,0
3152402,0,0
3152501,13.1105415309179,6.29305993484061
3152600,0,0
3152709,0,0
3152808,0,0
3152907,0,0
3153004,0,0
3153103,0,0
3153202,0,0
3153301,0,0
3153400,0,0
3153509,0,0
3153608,0,0
3153707,0,0
3153806,0,0
3153905,0,0
3154002,0,0
3154101,0,0
3154150,0,0
3154200,0,0
3154309,0,0
3154408,0,0
3154457,0,0
3154507,0,0
3154606,2.95685650671059,1.41929112322108
3154705,0,0
3154804,0,0
3154903,0,0
3155009,0,0
3155108,0,0
3155207,0,0
3155306,0,0
3155405,0,0
3155504,0,0
3155603,0,0
3155702,0,0
3155801,55.6823876607829,26.7275460771758
3155900,0,0
3156007,0,0
3156106,0,0
3156205,0,0
3156304,0,0
3156403,0,0
3156452,0,0
3156502,0,0
3156601,0,0
3156700,0,0
3156809,0,0
3156908,0,0
3157005,23.9813904410178,11.5110674116885
3157104,0,0
3157203,0,0
3157252,0,0
3157278,0,0
3157302,0,0
3157336,0,0
3157377,0,0
3157401,0,0
3157500,0,0
3157609,0,0
3157658,0,0
3157708,0,0
3157807,7.25807914935312,5.66130173649544
3157906,0,0
3158003,0,0
3158102,0,0
3158201,0,0
3158300,0,0
3158409,0,0
3158508,0,0
3158607,0,0
3158706,0,0
3158805,0,0
3158904,0,0
3158953,0,0
3159001,0,0
3159100,0,0
3159209,0,0
3159308,0,0
3159357,0,0
3159407,0,0
3159506,0,0
3159605,22.8555756176719,17.553082074372
3159704,0,0
3159803,0,0
3159902,0,0
3160009,0,0
3160108,0,0
3160207,0,0
3160306,0,0
3160405,0,0
3160454,0,0
3160504,0,0
3160603,0,0
3160702,21.5419745373861,10.3401477779453
3160801,0,0
3160900,0,0
3160959,0,0
3161007,0,0
3161056,0,0
3161106,0,0
3161205,0,0
3161304,0,0
3161403,0,0
3161502,0,0
3161601,0,0
3161650,0,0
3161700,0,0
3161809,0,0
3161908,0,0
3162005,0,0
3162104,27.9470124643676,13.4145659828964
3162203,0,0
3162252,0,0
3162302,0,0
3162401,0,0
3162450,0,0
3162500,0,0
3162559,0,0
3162575,0,0
3162609,0,0
3162658,0,0
3162708,0,0
3162807,0,0
3162906,0,0
3162922,0,0
3162948,0,0
3162955,0,0
3163003,0,0
3163102,0,0
3163201,0,0
3163300,0,0
3163409,0,0
3163508,0,0
3163607,0,0
3163706,43.2881693433185,35.3231461841479
3163805,0,0
3163904,0,0
3164001,0,0
3164100,0,0
3164209,0,0
3164308,0,0
3164407,0,0
3164431,0,0
3164472,0,0
3164506,0,0
3164605,0,0
3164704,13.9967807404297,6.71845475540626
3164803,0,0
3164902,0,0
3165008,0,0
3165107,0,0
3165206,0,0
3165305,0,0
3165404,0,0
3165503,0,0
3165537,0,0
3165552,0,0
3165560,0,0
3165578,0,0
3165602,0,0
3165701,0,0
3165800,0,0
3165909,0,0
3166006,0,0
3166105,0,0
3166204,0,0
3166303,0,0
3166402,0,0
3166501,0,0
3166600,0,0
3166709,0,0
3166808,0,0
3166907,0,0
3166956,0,0
3167004,0,0
3167103,0,0
3167202,0,0
3167301,0,0
3167400,0,0
3167509,0,0
3167608,0,0
3167707,0,0
3167806,0,0
3167905,0,0
3168002,23.2578422536849,22.3275285635375
3168051,0,0
3168101,0,0
3168200,0,0
3168309,0,0
3168408,0,0
3168507,0,0
3168606,26.2528647551743,20.4346622959195
3168705,0,0
3168804,0,0
3168903,0,0
3169000,0,0
3169059,0,0
3169109,0,0
3169208,0,0
3169307,24.9900039984006,23.9904038384646
3169356,0,0
3169406,17.5623463294696,12.6448893572181
3169505,0,0
3169604,0,0
3169703,49.6894409937888,47.7018633540373
3169802,0,0
3169901,17.1237274930007,16.4387783932806
3170008,0,0
3170057,0,0
3170107,11.8661967652748,9.25563347691431
3170206,17.7371666592762,11.8095199950794
3170305,0,0
3170404,11.7744024490757,5.65171317555634
3170438,0,0
3170479,0,0
3170503,0,0
3170529,0,0
3170578,0,0
3170602,0,0
3170651,0,0
3170701,7.32053703459686,7.02771555321298
3170750,0,0
3170800,0,0
3170909,0,0
3171006,0,0
3171030,0,0
3171071,0,0
3171105,0,0
3171154,0,0
3171204,0,0
3171303,12.5963621706051,12.0925076837809
3171402,0,0
3171501,0,0
3171600,0,0
3171709,0,0
3171808,0,0
3171907,0,0
3172004,4.65495170487606,2.23437681834051
3172103,0,0
3172202,0,0
3200102,0,0
3200136,0,0
3200169,0,0
3200201,0,0
3200300,0,0
3200359,0,0
3200409,0,0
3200508,0,0
3200607,9.69922697161036,4.65562894637297
3200706,0,0
3200805,0,0
3200904,0,0
3201001,0,0
3201100,0,0
3201159,0,0
3201209,25.1675063749769,18.918367056209
3201308,0,0
3201407,0,0
3201506,51.8638573743922,43.1766612641815
3201605,0,0
3201704,0,0
3201803,0,0
3201902,0,0
3202009,0,0
3202108,0,0
3202207,0,0
3202256,0,0
3202306,25.7052888631836,24.6770773086563
3202405,0,0
3202454,0,0
3202504,0,0
3202553,0,0
3202603,0,0
3202652,0,0
3202702,0,0
3202801,57.7100646352724,27.7008310249307
3202900,0,0
3203007,0,0
3203056,0,0
3203106,0,0
3203130,0,0
3203163,0,0
3203205,15.8471429865073,11.9532735669655
3203304,0,0
3203320,0,0
3203346,0,0
3203353,0,0
3203403,0,0
3203502,0,0
3203601,0,0
3203700,0,0
3203809,0,0
3203908,0,0
3204005,0,0
3204054,0,0
3204104,0,0
3204203,0,0
3204252,0,0
3204302,0,0
3204351,0,0
3204401,0,0
3204500,0,0
3204559,0,0
3204609,42.1514078570224,40.4653515427415
3204658,0,0
3204708,0,0
3204807,265.503508439219,177.508059927935
3204906,13.5703623286742,9.40878454788076
3204955,0,0
3205002,49.3134056596616,47.7050299673773
3205010,0,0
3205036,0,0
3205069,0,0
3205101,0,0
3205150,0,0
3205176,0,0
3205200,29.3222959158231,22.0216426469855
3205309,10.9332932445914,7.87197113610583
3300100,2.41494561542474,1.15917389540388
3300159,0,0
3300209,0,0
3300225,0,0
3300233,0,0
3300258,0,0
3300308,0,0
3300407,0,0
3300456,4.09262586773413,3.92892083302476
3300506,0,0
3300605,0,0
3300704,0,0
3300803,0,0
3300902,0,0
3300936,0,0
3300951,0,0
3301009,3.52134718918242,2.25366220107675
3301108,0,0
3301157,0,0
3301207,0,0
3301306,0,0
3301405,0,0
3301504,0,0
3301603,0,0
3301702,11.4641194691031,5.5027773451695
3301801,0,0
3301850,0,0
3301876,0,0
3301900,0,0
3302007,3.7086760768141,3.56032903374153
3302056,0,0
3302106,0,0
3302205,0,0
3302254,0,0
3302270,0,0
3302304,0,0
3302403,8.41296974007748,4.03822547523719
3302452,0,0
3302502,0,0
3302601,0,0
3302700,24.3155181636921,11.6714487185722
3302809,0,0
3302858,0,0
3302908,0,0
3303005,0,0
3303104,0,0
3303203,0,0
3303302,1.94055309644355,0.931465486292903
3303401,5.2312746523818,2.51101183314326
3303500,0,0
3303609,0,0
3303708,17.9702592209893,17.2514488521497
3303807,0,0
3303856,0,0
3303906,22.1730936030625,10.64308492947
3303955,0,0
3304003,0,0
3304102,0,0
3304110,0,0
3304128,0,0
3304144,0,0
3304151,0,0
3304201,0,0
3304300,0,0
3304409,0,0
3304508,0,0
3304524,0,0
3304557,2.32667908056163,0.448145066217731
3304607,0,0
3304706,0,0
3304755,0,0
3304805,0,0
3304904,0,0
3305000,0,0
3305109,6.34375541862442,6.09000520187944
3305133,0,0
3305158,0,0
3305208,0,0
3305307,0,0
3305406,27.3987615759768,13.1514055564688
3305505,0,0
3305554,0,0
3305604,0,0
3305703,0,0
3305752,0,0
3305802,22.2535822839774,10.6817194963092
3305901,0,0
3306008,12.1740400769399,5.84353923693117
3306107,0,0
3306156,0,0
3306206,107.86613812259,103.551492597686
3306305,51.0971283413872,24.5266216038659
3500105,14.24055139415,13.670929338384
3500204,0,0
3500303,0,0
3500402,0,0
3500501,0,0
3500550,0,0
3500600,0,0
3500709,0,0
3500758,0,0
3500808,0,0
3500907,0,0
3501004,0,0
3501103,0,0
3501152,0,0
3501202,0,0
3501301,0,0
3501400,0,0
3501509,0,0
3501608,4.13192407176326,3.96664710889273
3501707,0,0
3501806,0,0
3501905,12.383560135944,11.8882177305062
3502002,0,0
3502101,17.481906227055,8.3913149889864
3502200,0,0
3502309,0,0
3502408,0,0
3502507,0,0
3502606,0,0
3502705,0,0
3502754,0,0
3502804,12.6180417808599,6.05666005481277
3502903,0,0
3503000,0,0
3503109,0,0
3503158,0,0
3503208,4.19570443779658,4.02787626028472
3503307,18.4493675556802,12.3979749974171
3503356,0,0
3503406,0,0
3503505,0,0
3503604,0,0
3503703,0,0
3503802,23.491145645103,11.2757499096494
3503901,0,0
3503950,0,0
3504008,15.2254798405131,19.1841045990465
3504107,0,0
3504206,0,0
3504305,0,0
3504404,0,0
3504503,15.3454928095405,17.8884601894072
3504602,0,0
3504701,0,0
3504800,0,0
3504909,0,0
3505005,0,0
3505104,0,0
3505203,0,0
3505302,0,0
3505351,0,0
3505401,0,0
3505500,42.3339004990516,34.388153020768
3505609,0,0
3505708,16.6075773877003,7.97163714609614
3505807,0,0
3505906,11.1146395681169,5.33502699269609
3506003,9.49124301009499,9.11159328969119
3506102,0,0
3506201,0,0
3506300,0,0
3506359,7.72522905304142,3.70810994545988
3506409,0,0
3506508,8.00749501533435,3.84359760736049
3506607,0,0
3506706,0,0
3506805,0,0
3506904,0,0
3507001,0,0
3507100,0,0
3507159,0,0
3507209,0,0
3507308,0,0
3507407,0,0
3507456,0,0
3507506,27.0033079052184,30.4597313170863
3507605,23.4558707112406,11.2588179413955
3507704,0,0
3507753,0,0
3507803,0,0
3507902,0,0
3508009,0,0
3508108,0,0
3508207,0,0
3508306,0,0
3508405,0,0
3508504,5.26216085373298,2.52583720979183
3508603,0,0
3508702,0,0
3508801,0,0
3508900,0,0
3509007,4.86499635125274,2.33519824860131
3509106,0,0
3509205,0,0
3509254,0,0
3509304,0,0
3509403,22.7333004963437,10.911984238245
3509452,0,0
3509502,10.1335319395745,6.88091534628668
3509601,0,0
3509700,0,0
3509809,0,0
3509908,0,0
3509957,0,0
3510005,0,0
3510104,0,0
3510153,0,0
3510203,0,0
3510302,0,0
3510401,0,0
3510500,56.7311510750553,36.5672790929499
3510609,4.96052660950487,2.38105277256234
3510708,0,0
3510807,0,0
3510906,0,0
3511003,0,0
3511102,26.9394352514755,18.0249312228055
3511201,0,0
3511300,0,0
3511409,0,0
3511508,0,0
3511607,0,0
3511706,0,0
3511904,0,0
3512001,0,0
3512100,0,0
3512209,0,0
3512308,0,0
3512407,0,0
3512506,0,0
3512605,0,0
3512704,0,0
3512803,0,0
3512902,0,0
3513009,11.8292798334437,7.57073909340399
3513108,0,0
3513207,0,0
3513306,0,0
3513405,16.9551053033147,19.764808467864
3513504,7.59728321152356,7.29339188306262
3513603,0,0
3513702,0,0
3513801,7.02976166764693,3.37428560047053
3513850,0,0
3513900,0,0
3514007,0,0
3514106,0,0
3514205,0,0
3514304,0,0
3514403,21.2571477159195,10.2034309036413
3514502,0,0
3514601,0,0
3514700,0,0
3514809,0,0
3514908,0,0
3514924,0,0
3514957,0,0
3515004,1.80808939193954,2.60364872439293
3515103,0,0
3515129,0,0
3515152,0,0
3515186,22.486564277844,16.1903262800477
3515194,0,0
3515202,0,0
3515301,0,0
3515350,0,0
3515400,0,0
3515509,25.935851992738,22.1319270338031
3515608,0,0
3515657,0,0
3515707,13.2315521628499,10.2595419847328
3515806,0,0
3515905,0,0
3516002,0,0
3516101,0,0
3516200,8.42931039811633,4.04606899109584
3516309,5.62958459295289,2.70220060461739
3516408,6.3901030084605,3.06724944406104
3516507,0,0
3516606,0,0
3516705,13.5107748429372,6.48517192460988
3516804,0,0
3516853,0,0
3516903,0,0
3517000,0,0
3517109,0,0
3517208,0,0
3517307,0,0
3517406,0,0
3517505,0,0
3517604,0,0
3517703,0,0
3517802,0,0
3517901,0,0
3518008,0,0
3518107,0,0
3518206,0,0
3518305,0,0
3518404,20.4073303130484,21.5501408105792
3518503,0,0
3518602,0,0
3518701,3.09837335398916,2.52827265685515
3518800,5.53112840047668,3.58589519158177
3518859,0,0
3518909,0,0
3519006,0,0
3519055,0,0
3519071,2.98814559952873,1.43430988777379
3519105,0,0
3519204,0,0
3519253,0,0
3519303,0,0
3519402,0,0
3519501,0,0
3519600,8.25082508250825,7.92079207920792
3519709,0,0
3519808,0,0
3519907,0,0
3520004,0,0
3520103,0,0
3520202,0,0
3520301,0,0
3520400,0,0
3520426,0,0
3520442,22.3980886964312,10.751082574287
3520509,7.8057005030774,7.4934724829543
3520608,0,0
3520707,0,0
3520806,0,0
3520905,0,0
3521002,0,0
3521101,0,0
3521150,0,0
3521200,0,0
3521309,0,0
3521408,0,0
3521507,0,0
3521606,0,0
3521705,0,0
3521804,0,0
3521903,0,0
3522000,0,0
3522109,7.75930631801517,7.44893406529456
3522158,0,0
3522208,5.62866566851662,2.70175952088798
3522307,5.43721228085014,6.37966240953083
3522406,5.27403907008143,5.06307750727817
3522505,8.30009835616552,3.98404721095945
3522604,19.9377940824627,9.5701411595821
3522653,0,0
3522703,11.5390828736932,5.53875977937274
3522802,0,0
3522901,0,0
3523008,0,0
3523107,5.33317689347779,2.55992490886934
3523206,0,0
3523305,0,0
3523404,20.39467780488,13.7052234848794
3523503,0,0
3523602,0,0
3523701,0,0
3523800,0,0
3523909,5.69579877882074,2.73398341383396
3524006,9.55216276885358,9.17007625809944
3524105,23.7840409085504,11.4163396361042
3524204,0,0
3524303,12.8779683717097,12.3628496368413
3524402,4.24779963978659,2.85452135793659
3524501,0,0
3524600,0,0
3524709,25.5440890977828,17.16562787371
3524808,36.5846222637751,35.1212373732241
3524907,0,0
3525003,0,0
3525102,0,0
3525201,0,0
3525300,18.435485676286,8.8490331246173
3525409,0,0
3525508,0,0
3525607,0,0
3525706,0,0
3525805,0,0
3525854,0,0
3525904,8.03771104901585,4.42546914228167
3526001,0,0
3526100,0,0
3526209,0,0
3526308,0,0
3526407,52.1104742053153,58.3637311099531
3526506,0,0
3526605,0,0
3526704,17.2503018802829,10.5801851532402
3526803,8.69691259602841,8.34903609218727
3526902,9.72504068308686,7.93563319739888
3527009,0,0
3527108,0,0
3527207,20.1963534361851,29.0827489481066
3527256,0,0
3527306,0,0
3527405,0,0
3527504,0,0
3527603,0,0
3527702,0,0
3527801,0,0
3527900,0,0
3528007,0,0
3528106,0,0
3528205,0,0
3528304,0,0
3528403,0,0
3528502,0,0
3528601,0,0
3528700,0,0
3528809,0,0
3528858,0,0
3528908,0,0
3529005,23.2761128891475,17.1578203582859
3529104,0,0
3529203,0,0
3529302,9.56640279338962,4.59187334082702
3529401,8.3760511944249,4.02050457332395
3529500,0,0
3529609,0,0
3529658,0,0
3529708,0,0
3529807,0,0
3529906,0,0
3530003,0,0
3530102,33.6632330168989,16.1583518481115
3530201,0,0
3530300,0,0
3530409,0,0
3530508,14.4969556393157,13.9170774137431
3530607,23.9582062402254,15.7591756602371
3530706,16.3363457554906,9.40973515516261
3530805,14.9492792311799,7.17565403096636
3530904,0,0
3531001,0,0
3531100,0,0
3531209,0,0
3531308,15.756716300323,15.1264476483101
3531407,0,0
3531506,0,0
3531605,0,0
3531704,0,0
3531803,0,0
3531902,0,0
3532009,0,0
3532058,0,0
3532108,0,0
3532157,0,0
3532207,0,0
3532306,0,0
3532405,0,0
3532504,0,0
3532603,0,0
3532702,0,0
3532801,0,0
3532827,0,0
3532843,0,0
3532868,0,0
3532900,0,0
3533007,0,0
3533106,0,0
3533205,0,0
3533254,0,0
3533304,0,0
3533403,0,0
3533502,24.1464239146182,18.5444535664268
3533601,0,0
3533700,0,0
3533809,0,0
3533908,18.138944313441,13.0600399056775
3534005,0,0
3534104,0,0
3534203,0,0
3534302,0,0
3534401,4.28605717028791,4.11461488347639
3534500,0,0
3534609,18.1818181818182,17.4545454545455
3534708,13.1173919126906,10.4939135301525
3534757,0,0
3534807,0,0
3534906,0,0
3535002,0,0
3535101,0,0
3535200,0,0
3535309,0,0
3535408,0,0
3535507,21.7651539884645,15.6709108716944
3535606,0,0
3535705,0,0
3535804,0,0
3535903,0,0
3536000,0,0
3536109,0,0
3536208,50.7022258277138,36.505602595954
3536257,0,0
3536307,0,0
3536406,0,0
3536505,3.57133291072561,1.71423979714829
3536570,0,0
3536604,0,0
3536703,31.8396977351362,20.3774065504871
3536802,0,0
3536901,0,0
3537008,0,0
3537107,10.3171491653426,4.95223159936446
3537156,0,0
3537206,0,0
3537305,15.684552284455,15.0571701930768
3537404,0,0
3537503,0,0
3537602,0,0
3537701,0,0
3537800,9.00219653595477,4.32105433725829
3537909,0,0
3538006,5.87778901088567,8.46401617567536
3538105,0,0
3538204,0,0
3538303,0,0
3538501,0,0
3538600,0,0
3538709,13.014055179594,8.83973559368646
3538808,0,0
3538907,0,0
3539004,0,0
3539103,0,0
3539202,0,0
3539301,6.50389583360433,3.12187000013008
3539400,0,0
3539509,0,0
3539608,0,0
3539707,0,0
3539806,0,0
3539905,0,0
3540002,0,0
3540101,0,0
3540200,0,0
3540259,0,0
3540309,0,0
3540408,0,0
3540507,0,0
3540606,0,0
3540705,12.388503468781,5.94648166501487
3540754,0,0
3540804,0,0
3540853,0,0
3540903,0,0
3541000,9.06769030815034,4.35249134791216
3541059,0,0
3541109,0,0
3541208,0,0
3541307,22.5281038095024,10.8134898285611
3541406,23.874532818801,13.5433713444835
3541505,0,0
3541604,24.492995003429,11.7566376016459
3541653,0,0
3541703,0,0
3541802,0,0
3541901,0,0
3542008,0,0
3542107,0,0
3542206,0,0
3542305,0,0
3542404,0,0
3542503,0,0
3542602,53.1980919617683,59.5818629971805
3542701,0,0
3542800,0,0
3542909,0,0
3543006,0,0
3543105,0,0
3543204,0,0
3543238,0,0
3543253,0,0
3543303,0,0
3543402,13.7674287921891,9.7776841217996
3543501,0,0
3543600,0,0
3543709,0,0
3543808,0,0
3543907,8.65351332641052,6.46128995038652
3544004,0,0
3544103,0,0
3544202,0,0
3544251,0,0
3544301,0,0
3544400,0,0
3544509,0,0
3544608,0,0
3544707,0,0
3544806,0,0
3544905,0,0
3545001,0,0
3545100,0,0
3545159,0,0
3545209,0,0
3545308,0,0
3545407,0,0
3545506,0,0
3545605,0,0
3545704,0,0
3545803,15.4328926385102,7.4077884664849
3546009,0,0
3546108,0,0
3546207,0,0
3546256,0,0
3546306,0,0
3546405,10.429051164925,10.011889118328
3546504,0,0
3546603,30.7097011946074,14.7406565734115
3546702,0,0
3546801,0,0
3546900,0,0
3547007,0,0
3547106,0,0
3547205,0,0
3547304,0,0
3547403,0,0
3547502,0,0
3547601,0,0
3547650,0,0
3547700,0,0
3547809,20.1006975635182,13.1084273214226
3547908,0,0
3548005,0,0
3548054,0,0
3548104,0,0
3548203,0,0
3548302,0,0
3548401,0,0
3548500,36.8956038887966,18.7060711716199
3548609,0,0
3548708,19.8938285317762,16.8813344969644
3548807,30.8723920546812,26.6737467352445
3548906,15.7180805080084,10.5625501013816
3549003,0,0
3549102,10.896688496366,5.23041047825566
3549201,0,0
3549250,0,0
3549300,0,0
3549409,0,0
3549508,0,0
3549607,0,0
3549706,9.07045932806037,13.0614614324069
3549805,30.3236892531555,25.8073951090685
3549904,2.19257074809144,1.05243395908389
3549953,0,0
3550001,0,0
3550100,12.15864601318,11.6723001726528
3550209,0,0
3550308,11.3182453685253,6.64003728286818
3550407,27.7932184546971,13.3407448582546
3550506,0,0
3550605,0,0
3550704,22.1415286511381,10.6279337525463
3550803,0,0
3550902,0,0
3551009,2.44329519078063,2.34556338314941
3551108,0,0
3551207,0,0
3551306,0,0
3551405,0,0
3551504,10.9543423012882,5.25808430461835
3551603,0,0
3551702,3.93261078164572,3.77530635037989
3551801,0,0
3551900,0,0
3552007,0,0
3552106,12.0913136003095,11.6076610562972
3552205,5.96487705806444,3.56146805808335
3552304,0,0
3552403,3.49392580997935,1.67708438879009
3552502,0,0
3552551,0,0
3552601,0,0
3552700,0,0
3552809,3.40539141568932,1.63458787953087
3552908,0,0
3553005,0,0
3553104,0,0
3553203,0,0
3553302,0,0
3553401,0,0
3553500,0,0
3553609,0,0
3553658,0,0
3553708,8.71626804267485,8.36761732096785
3553807,42.999656002752,20.639834881321
3553856,0,0
3553906,0,0
3553955,0,0
3554003,8.13226312750575,5.85522945180414
3554102,15.7274743248982,9.05902521114134
3554201,0,0
3554300,0,0
3554409,0,0
3554508,0,0
3554607,0,0
3554656,0,0
3554706,0,0
3554755,0,0
3554805,0,0
3554904,0,0
3554953,0,0
3555000,22.8763153881348,32.9418941589141
3555109,0,0
3555208,0,0
3555307,0,0
3555356,0,0
3555406,5.44519951211012,2.61369576581286
3555505,0,0
3555604,0,0
3555703,0,0
3555802,0,0
3555901,0,0
3556008,0,0
3556107,0,0
3556206,6.09709625790717,5.85321240759088
3556305,0,0
3556354,0,0
3556404,0,0
3556453,0,0
3556503,0,0
3556602,0,0
3556701,6.24134014055498,5.99168653493278
3556800,0,0
3556909,0,0
3556958,0,0
3557006,5.66347624171717,2.71846859602424
3557105,18.8801946757851,13.0902683085443
3557154,0,0
3557204,0,0
3557303,0,0
4100103,0,0
4100202,0,0
4100301,0,0
4100400,0,0
4100459,0,0
4100509,0,0
4100608,0,0
4100707,0,0
4100806,0,0
4100905,0,0
4101002,0,0
4101051,0,0
4101101,0,0
4101150,0,0
4101200,0,0
4101309,0,0
4101408,14.6806230456421,7.04669906190819
4101507,40.0608925566862,32.3051037577117
4101606,0,0
4101655,0,0
4101705,0,0
4101804,0,0
4101853,0,0
4101903,0,0
4102000,83.9832033593281,60.4679064187163
4102109,0,0
4102208,0,0
4102307,0,0
4102406,0,0
4102505,0,0
4102604,0,0
4102703,0,0
4102752,0,0
4102802,0,0
4102901,0,0
4103008,0,0
4103024,0,0
4103040,0,0
4103057,0,0
4103107,0,0
4103156,0,0
4103206,0,0
4103222,0,0
4103305,0,0
4103354,0,0
4103370,0,0
4103404,0,0
4103453,0,0
4103479,0,0
4103503,0,0
4103602,0,0
4103701,0,0
4103800,0,0
4103909,0,0
4103958,0,0
4104006,0,0
4104055,0,0
4104105,0,0
4104204,0,0
4104253,0,0
4104303,19.8977882037534,12.0643431635389
4104402,0,0
4104428,0,0
4104451,0,0
4104501,0,0
4104600,0,0
4104659,0,0
4104709,0,0
4104808,27.0812708939528,17.187579927362
4104907,0,0
4105003,0,0
4105102,0,0
4105201,0,0
4105300,0,0
4105409,52.1730056868576,50.0860854593833
4105508,7.15853774935573,3.43609811969075
4105607,0,0
4105706,0,0
4105805,0,0
4105904,82.8328846552081,39.7597846344999
4106001,0,0
4106100,0,0
4106209,0,0
4106308,0,0
4106407,10.4510680991597,5.01651268759667
4106456,0,0
4106506,0,0
4106555,0,0
4106571,0,0
4106605,0,0
4106704,0,0
4106803,0,0
4106852,0,0
4106902,27.7118338767932,21.1102592288105
4107009,0,0
4107108,0,0
4107124,0,0
4107157,0,0
4107207,0,0
4107256,0,0
4107306,0,0
4107405,0,0
4107504,0,0
4107520,0,0
4107538,0,0
4107546,0,0
4107553,0,0
4107603,0,0
4107652,0,0
4107702,0,0
4107736,0,0
4107751,0,0
4107801,0,0
4107850,0,0
4107900,0,0
4108007,0,0
4108106,0,0
4108205,0,0
4108304,23.2334809950125,20.445463275611
4108320,0,0
4108403,26.0258523466644,17.6975795957318
4108452,0,0
4108502,0,0
4108551,0,0
4108601,34.7125798389336,33.3240766453763
4108650,0,0
4108700,0,0
4108809,0,0
4108908,0,0
4108957,0,0
4109005,0,0
4109104,0,0
4109203,0,0
4109302,0,0
4109401,16.42539585204,13.140316681632
4109500,0,0
4109609,0,0
4109658,0,0
4109708,0,0
4109757,0,0
4109807,0,0
4109906,0,0
4110003,0,0
4110052,0,0
4110078,0,0
4110102,0,0
4110201,0,0
4110300,0,0
4110409,0,0
4110508,0,0
4110607,0,0
4110656,0,0
4110706,11.4588789942378,5.50026191723415
4110805,0,0
4110904,0,0
4110953,0,0
4111001,0,0
4111100,0,0
4111209,0,0
4111258,0,0
4111308,0,0
4111407,0,0
4111506,0,0
4111555,0,0
4111605,0,0
4111704,0,0
4111803,0,0
4111902,0,0
4112009,0,0
4112108,0,0
4112207,0,0
4112306,0,0
4112405,0,0
4112504,0,0
4112603,0,0
4112702,0,0
4112751,0,0
4112801,0,0
4112900,0,0
4112959,0,0
4113007,0,0
4113106,0,0
4113205,0,0
4113254,0,0
4113304,31.1148448924982,14.9351255483991
4113403,0,0
4113429,0,0
4113452,0,0
4113502,0,0
4113601,0,0
4113700,12.3397355125422,11.4290282718983
4113734,0,0
4113759,0,0
4113809,0,0
4113908,0,0
4114005,0,0
4114104,0,0
4114203,0,0
4114302,0,0
4114351,0,0
4114401,0,0
4114500,0,0
4114609,0,0
4114708,0,0
4114807,0,0
4114906,0,0
4115002,0,0
4115101,0,0
4115200,13.0185025467446,10.7123678098927
4115309,0,0
4115358,0,0
4115408,0,0
4115457,0,0
4115507,0,0
4115606,0,0
4115705,0,0
4115739,0,0
4115754,0,0
4115804,10.7356035556319,5.15308970670331
4115853,0,0
4115903,0,0
4116000,0,0
4116059,0,0
4116109,0,0
4116208,0,0
4116307,0,0
4116406,0,0
4116505,0,0
4116604,0,0
4116703,0,0
4116802,0,0
4116901,0,0
4116950,0,0
4117008,0,0
4117057,0,0
4117107,0,0
4117206,0,0
4117214,0,0
4117222,0,0
4117255,0,0
4117271,0,0
4117297,0,0
4117305,0,0
4117404,0,0
4117453,0,0
4117503,0,0
4117602,25.1183460535214,12.0568061056903
4117701,0,0
4117800,0,0
4117909,0,0
4118006,0,0
4118105,0,0
4118204,19.2093434246417,12.2939797917707
4118303,0,0
4118402,22.4916218708531,10.7959784980095
4118451,0,0
4118501,5.96352706844936,5.72498598571139
4118600,0,0
4118709,0,0
4118808,0,0
4118857,0,0
4118907,0,0
4119004,0,0
4119103,0,0
4119152,0,0
4119202,0,0
4119251,0,0
4119301,0,0
4119400,0,0
4119509,0,0
4119608,0,0
4119657,0,0
4119707,0,0
4119806,0,0
4119905,10.6941036089785,11.8873404327172
4119954,0,0
4120002,0,0
4120101,0,0
4120150,0,0
4120200,0,0
4120309,0,0
4120333,0,0
4120358,0,0
4120408,0,0
4120507,0,0
4120606,0,0
4120655,0,0
4120705,0,0
4120804,0,0
4120853,0,0
4120903,0,0
4121000,0,0
4121109,0,0
4121208,0,0
4121257,0,0
4121307,0,0
4121356,0,0
4121406,0,0
4121505,0,0
4121604,0,0
4121703,0,0
4121752,0,0
4121802,0,0
4121901,0,0
4122008,0,0
4122107,0,0
4122156,0,0
4122172,0,0
4122206,0,0
4122305,0,0
4122404,0,0
4122503,0,0
4122602,0,0
4122651,0,0
4122701,0,0
4122800,0,0
4122909,0,0
4123006,0,0
4123105,0,0
4123204,0,0
4123303,0,0
4123402,0,0
4123501,0,0
4123600,0,0
4123709,0,0
4123808,0,0
4123824,0,0
4123857,0,0
4123907,0,0
4123956,0,0
4124004,0,0
4124020,0,0
4124053,0,0
4124103,32.4317312058118,36.3235389505092
4124202,0,0
4124301,0,0
4124400,0,0
4124509,0,0
4124608,0,0
4124707,0,0
4124806,0,0
4124905,0,0
4125001,0,0
4125100,0,0
4125209,0,0
4125308,0,0
4125357,0,0
4125407,0,0
4125456,0,0
4125506,0,0
4125555,0,0
4125605,0,0
4125704,0,0
4125753,0,0
4125803,0,0
4125902,0,0
4126009,0,0
4126108,0,0
4126207,0,0
4126256,46.0108585626208,22.085212110058
4126272,0,0
4126306,0,0
4126355,0,0
4126405,0,0
4126504,0,0
4126603,0,0
4126652,0,0
4126678,0,0
4126702,0,0
4126801,0,0
4126900,0,0
4127007,0,0
4127106,37.5977541608181,42.1094846601163
4127205,0,0
4127304,0,0
4127403,0,0
4127502,0,0
4127601,0,0
4127700,16.8249851028778,13.4599880823022
4127809,0,0
4127858,0,0
4127882,0,0
4127908,0,0
4127957,0,0
4127965,0,0
4128005,0,0
4128104,24,11.52
4128203,13.8138241845527,6.63063560858529
4128302,0,0
4128401,0,0
4128500,0,0
4128534,0,0
4128559,0,0
4128609,0,0
4128625,0,0
4128633,0,0
4128658,0,0
4128708,0,0
4128807,0,0
4200051,0,0
4200101,0,0
4200200,0,0
4200309,0,0
4200408,0,0
4200507,0,0
4200556,0,0
4200606,0,0
4200705,0,0
4200754,0,0
4200804,0,0
4200903,0,0
4201000,0,0
4201109,0,0
4201208,0,0
4201257,0,0
4201273,0,0
4201307,0,0
4201406,29.0414857624116,20.9098697489364
4201505,0,0
4201604,0,0
4201653,0,0
4201703,0,0
4201802,0,0
4201901,0,0
4201950,0,0
4202008,6.85889873521907,9.87681417871547
4202057,0,0
4202073,0,0
4202081,0,0
4202099,0,0
4202107,0,0
4202131,0,0
4202156,0,0
4202206,0,0
4202305,14.3913881933051,13.8157326655729
4202404,19.6211189564881,13.6629312846306
4202438,0,0
4202453,0,0
4202503,0,0
4202537,0,0
4202578,0,0
4202602,0,0
4202701,0,0
4202800,0,0
4202859,0,0
4202875,0,0
4202909,15.9780374612351,7.66945798139285
4203006,15.1299282589235,7.26236556428328
4203105,0,0
4203154,0,0
4203204,0,0
4203253,0,0
4203303,0,0
4203402,0,0
4203501,0,0
4203600,0,0
4203709,0,0
4203808,18.3553597650514,8.81057268722467
4203907,0,0
4203956,0,0
4204004,0,0
4204103,0,0
4204152,0,0
4204178,0,0
4204194,0,0
4204202,45.5330717413722,37.9263703445782
4204251,0,0
4204301,21.2859366477311,16.6030305852302
4204350,0,0
4204400,0,0
4204459,0,0
4204509,0,0
4204558,0,0
4204608,11.504249669828,12.1484876513384
4204707,0,0
4204756,0,0
4204806,22.5603489333968,25.2675908054045
4204905,0,0
4205001,0,0
4205100,0,0
4205159,0,0
4205175,0,0
4205191,0,0
4205209,0,0
4205308,0,0
4205357,0,0
4205407,10.0230727203405,7.1694449576083
4205431,0,0
4205456,0,0
4205506,0,0
4205555,0,0
4205605,0,0
4205704,0,0
4205803,0,0
4205902,28.2513807862359,13.5606627773932
4206009,0,0
4206108,0,0
4206207,0,0
4206306,0,0
4206405,0,0
4206504,0,0
4206603,0,0
4206652,0,0
4206702,0,0
4206751,0,0
4206801,0,0
4206900,52.3669878508588,50.2723083368245
4207007,17.4681642706168,25.1541565496882
4207106,0,0
4207205,0,0
4207304,22.0818796095924,21.1986044252087
4207403,0,0
4207502,14.1043723554302,6.77009873060649
4207577,0,0
4207601,0,0
4207650,0,0
4207684,0,0
4207700,0,0
4207759,0,0
4207809,0,0
4207858,0,0
4207908,0,0
4208005,0,0
4208104,0,0
4208203,34.0636093083294,33.7767578615225
4208302,0,0
4208401,0,0
4208450,0,0
4208500,19.7199763360284,9.46558864129363
4208609,0,0
4208708,0,0
4208807,0,0
4208906,8.27937937772185,10.597605603484
4208955,0,0
4209003,32.8904091566899,34.7322720694645
4209102,12.548982863109,9.79824581951551
4209151,0,0
4209177,0,0
4209201,0,0
4209300,27.3277872754196,26.5397301539889
4209409,21.6816269892893,31.2215428645766
4209458,0,0
4209508,0,0
4209607,0,0
4209706,0,0
4209805,0,0
4209854,0,0
4209904,0,0
4210001,0,0
4210035,0,0
4210050,0,0
4210100,24.7520376230972,35.64293417726
4210209,0,0
4210308,0,0
4210407,0,0
4210506,0,0
4210555,0,0
4210605,0,0
4210704,0,0
4210803,0,0
4210852,0,0
4210902,0,0
4211009,0,0
4211058,0,0
4211108,0,0
4211207,0,0
4211256,0,0
4211306,0,0
4211405,0,0
4211454,0,0
4211504,33.8249222026789,48.7078879718577
4211603,0,0
4211652,0,0
4211702,0,0
4211751,0,0
4211801,0,0
4211850,0,0
4211876,0,0
4211892,0,0
4211900,0,0
4212007,0,0
4212056,0,0
4212106,0,0
4212205,0,0
4212239,0,0
4212254,0,0
4212270,0,0
4212304,0,0
4212403,0,0
4212502,0,0
4212601,0,0
4212650,0,0
4212700,0,0
4212809,0,0
4212908,0,0
4213005,0,0
4213104,0,0
4213153,0,0
4213203,0,0
4213302,0,0
4213351,0,0
4213401,0,0
4213500,0,0
4213609,0,0
4213708,0,0
4213807,0,0
4213906,0,0
4214003,0,0
4214102,0,0
4214151,0,0
4214201,0,0
4214300,0,0
4214409,0,0
4214508,0,0
4214607,0,0
4214706,0,0
4214805,20.8315973668861,16.6652778935089
4214904,0,0
4215000,0,0
4215059,0,0
4215075,0,0
4215109,0,0
4215208,0,0
4215307,0,0
4215356,0,0
4215406,0,0
4215455,0,0
4215505,0,0
4215554,0,0
4215604,0,0
4215653,0,0
4215679,0,0
4215687,0,0
4215695,0,0
4215703,0,0
4215752,0,0
4215802,5.85336158555859,2.80961356106812
4215901,0,0
4216008,0,0
4216057,0,0
4216107,0,0
4216206,0,0
4216255,0,0
4216305,0,0
4216354,0,0
4216404,0,0
4216503,0,0
4216602,13.1904501141174,8.05816588789716
4216701,0,0
4216800,0,0
4216909,0,0
4217006,0,0
4217105,0,0
4217154,0,0
4217204,44.0442399921699,28.1883135949887
4217253,0,0
4217303,0,0
4217402,0,0
4217501,0,0
4217550,0,0
4217600,0,0
4217709,0,0
4217758,0,0
4217808,0,0
4217907,0,0
4217956,0,0
4218004,0,0
4218103,0,0
4218202,0,0
4218251,0,0
4218301,0,0
4218350,0,0
4218400,0,0
4218509,0,0
4218608,0,0
4218707,18.7931066884667,18.041382420928
4218756,0,0
4218806,0,0
4218855,0,0
4218905,0,0
4218954,0,0
4219002,0,0
4219101,0,0
4219150,0,0
4219176,0,0
4219200,0,0
4219309,18.6532363365044,8.9535534415221
4219358,0,0
4219408,0,0
4219507,30.9825335966849,39.0379923318229
4219606,0,0
4219705,0,0
4219853,0,0
4220000,0,0
4300034,0,0
4300059,0,0
4300109,0,0
4300208,0,0
4300307,0,0
4300406,16.4320534589473,12.4883606287999
4300455,0,0
4300471,0,0
4300505,0,0
4300554,0,0
4300570,0,0
4300604,0,0
4300638,0,0
4300646,0,0
4300661,0,0
4300703,0,0
4300802,0,0
4300851,0,0
4300877,0,0
4300901,0,0
4301008,0,0
4301057,0,0
4301073,0,0
4301107,0,0
4301206,0,0
4301305,0,0
4301404,0,0
4301503,0,0
4301552,0,0
4301602,6.59331602587877,5.14278650018544
4301636,0,0
4301651,0,0
4301701,0,0
4301750,0,0
4301800,0,0
4301859,0,0
4301875,0,0
4301909,0,0
4301925,0,0
4301958,0,0
4302006,0,0
4302055,0,0
4302105,8.20997840775679,5.91118445358489
4302154,0,0
4302204,0,0
4302220,0,0
4302238,0,0
4302253,0,0
4302303,0,0
4302352,0,0
4302378,0,0
4302402,0,0
4302451,0,0
4302501,0,0
4302584,0,0
4302600,0,0
4302659,0,0
4302709,0,0
4302808,0,0
4302907,0,0
4303004,12.2146355763476,8.79453761497026
4303103,10.667479427004,9.50929594635782
4303202,0,0
4303301,0,0
4303400,0,0
4303509,21.0595986642197,24.5494750142904
4303558,0,0
4303608,0,0
4303673,0,0
4303707,0,0
4303806,0,0
4303905,0,0
4304002,0,0
4304101,0,0
4304200,0,0
4304309,0,0
4304358,0,0
4304408,21.9838199085473,21.1044671122054
4304507,0,0
4304606,28.4312824518678,19.2988099067224
4304614,0,0
4304622,0,0
4304630,18.50104530906,8.88050174834878
4304655,0,0
4304663,0,0
4304671,0,0
4304689,0,0
4304697,0,0
4304705,14.4543483497952,16.1888701517707
4304713,0,0
4304804,0,0
4304853,0,0
4304903,0,0
4304952,0,0
4305009,0,0
4305108,11.2087907840549,9.46176546185049
4305116,0,0
4305124,0,0
4305132,0,0
4305157,0,0
4305173,0,0
4305207,0,0
4305306,0,0
4305355,48.4754471860003,23.2682146492801
4305371,0,0
4305405,0,0
4305439,0,0
4305447,0,0
4305454,0,0
4305504,0,0
4305587,0,0
4305603,0,0
4305702,0,0
4305801,0,0
4305835,0,0
4305850,0,0
4305871,0,0
4305900,0,0
4305934,0,0
4305959,0,0
4305975,0,0
4306007,0,0
4306056,0,0
4306072,0,0
4306106,33.3767230733287,32.0416541503955
4306130,0,0
4306205,0,0
4306304,0,0
4306320,0,0
4306353,0,0
4306379,0,0
4306403,0,0
4306429,0,0
4306452,0,0
4306502,0,0
4306551,0,0
4306601,26.0831007590182,37.5596650929863
4306700,0,0
4306734,0,0
4306759,0,0
4306767,0,0
4306809,21.8531468531469,20.979020979021
4306908,0,0
4306924,0,0
4306932,0,0
4306957,0,0
4306973,0,0
4307005,22.5071038046383,17.5555409676179
4307054,0,0
4307104,0,0
4307203,0,0
4307302,0,0
4307401,0,0
4307450,0,0
4307500,32.0697838496569,30.7869924956706
4307559,0,0
4307609,0,0
4307708,7.20469746274571,6.91650956423588
4307807,29.0706125178057,27.9077880170935
4307815,0,0
4307831,0,0
4307864,0,0
4307906,13.6871928936094,16.4246314723313
4308003,150.08254539997,216.118865375957
4308052,0,0
4308078,0,0
4308102,0,0
4308201,0,0
4308250,0,0
4308300,0,0
4308409,0,0
4308433,0,0
4308458,0,0
4308508,15.8740237475395,7.61953139881897
4308607,42.3250564334086,33.8600451467269
4308656,0,0
4308706,0,0
4308805,0,0
4308854,0,0
4308904,0,0
4309001,0,0
4309050,0,0
4309100,21.8848310764601,21.0094378334017
4309126,0,0
4309159,0,0
4309209,7.05168887948664,5.07721599323038
4309258,0,0
4309308,10.179256710675,4.88604322112399
4309407,0,0
4309506,0,0
4309555,0,0
4309571,0,0
4309605,0,0
4309654,0,0
4309704,0,0
4309753,0,0
4309803,0,0
4309902,0,0
4309951,0,0
4310009,0,0
4310108,26.7809319764328,12.8548473486877
4310207,40.5902296929468,30.9440809894465
4310306,0,0
4310330,0,0
4310363,0,0
4310405,0,0
4310413,0,0
4310439,0,0
4310462,0,0
4310504,0,0
4310538,0,0
4310553,0,0
4310579,0,0
4310603,0,0
4310652,0,0
4310702,0,0
4310751,0,0
4310801,0,0
4310850,0,0
4310876,0,0
4310900,0,0
4311007,0,0
4311106,0,0
4311122,0,0
4311130,0,0
4311155,0,0
4311205,0,0
4311239,0,0
4311254,0,0
4311270,0,0
4311304,0,0
4311403,11.760140180871,11.2897345736361
4311429,0,0
4311502,0,0
4311601,0,0
4311627,0,0
4311643,0,0
4311700,0,0
4311718,0,0
4311734,0,0
4311759,0,0
4311775,0,0
4311791,0,0
4311809,0,0
4311908,0,0
4311981,0,0
4312005,0,0
4312054,0,0
4312104,0,0
4312138,0,0
4312153,0,0
4312179,0,0
4312203,0,0
4312252,0,0
4312302,0,0
4312351,0,0
4312377,0,0
4312385,0,0
4312401,9.12950198566668,13.14648285936
4312427,0,0
4312443,0,0
4312450,0,0
4312476,0,0
4312500,0,0
4312609,0,0
4312617,0,0
4312625,0,0
4312658,0,0
4312674,0,0
4312708,0,0
4312757,0,0
4312807,0,0
4312906,0,0
4312955,0,0
4313003,0,0
4313011,0,0
4313037,0,0
4313060,0,0
4313086,0,0
4313102,0,0
4313201,0,0
4313300,0,0
4313334,0,0
4313359,0,0
4313375,0,0
4313391,0,0
4313409,10.1201463777972,5.82920431361119
4313425,0,0
4313441,0,0
4313466,0,0
4313490,0,0
4313508,64.6356702719007,51.7085362175206
4313607,0,0
4313656,0,0
4313706,0,0
4313805,0,0
4313904,0,0
4313953,0,0
4314001,0,0
4314027,0,0
4314035,0,0
4314050,73.0571884875463,43.2226715144925
4314068,0,0
4314076,0,0
4314100,28.3311026660545,21.3362511112631
4314134,0,0
4314159,0,0
4314175,0,0
4314209,0,0
4314308,0,0
4314407,11.0744553116585,9.51237424664561
4314423,0,0
4314456,0,0
4314464,0,0
4314472,0,0
4314498,0,0
4314506,0,0
4314548,0,0
4314555,0,0
4314605,0,0
4314704,0,0
4314753,0,0
4314779,0,0
4314787,0,0
4314803,0,0
4314902,32.3869882251124,20.0611186815136
4315008,0,0
4315057,0,0
4315073,0,0
4315107,0,0
4315131,0,0
4315149,0,0
4315156,0,0
4315172,0,0
4315206,0,0
4315305,22.1170433936391,10.6161808289468
4315313,0,0
4315321,0,0
4315354,0,0
4315404,0,0
4315453,0,0
4315503,0,0
4315552,0,0
4315602,9.43552001509683,11.3226240181162
4315701,0,0
4315750,0,0
4315800,0,0
4315909,0,0
4315958,0,0
4316006,0,0
4316105,0,0
4316204,0,0
4316303,0,0
4316402,20.3489850943684,9.76751284529684
4316428,0,0
4316436,0,0
4316451,0,0
4316477,0,0
4316501,0,0
4316600,0,0
4316709,0,0
4316733,0,0
4316758,0,0
4316808,15.2247554523655,12.7887945799871
4316907,17.6256799106025,16.9206527141784
4316956,0,0
4316972,0,0
4317004,0,0
4317103,0,0
4317202,47.5705062861026,45.6676860346585
4317251,0,0
4317301,0,0
4317400,52.6742301458671,25.2836304700162
4317509,18.0486798679868,11.7574257425743
4317558,0,0
4317608,23.1636978527252,11.1185749693081
4317707,0,0
4317756,0,0
4317806,0,0
4317905,0,0
4317954,0,0
4318002,16.6613905596561,7.99746746863493
4318051,0,0
4318101,0,0
4318200,0,0
4318309,16.0908812975687,15.4472460456659
4318408,73.7342290676716,55.0548910371948
4318424,0,0
4318432,0,0
4318440,0,0
4318457,0,0
4318465,0,0
4318481,0,0
4318499,0,0
4318507,0,0
4318606,0,0
4318614,0,0
4318622,0,0
4318705,7.54248935670946,6.83852368341658
4318804,0,0
4318903,0,0
4319000,0,0
4319109,0,0
4319125,0,0
4319158,0,0
4319208,0,0
4319307,0,0
4319356,0,0
4319364,0,0
4319372,0,0
4319406,0,0
4319505,0,0
4319604,0,0
4319703,0,0
4319711,0,0
4319737,0,0
4319752,0,0
4319802,0,0
4319901,37.4826642677762,20.9902919899546
4320008,20.450186167212,13.5394336003611
4320107,0,0
4320206,0,0
4320230,0,0
4320263,0,0
4320305,0,0
4320321,0,0
4320354,0,0
4320404,0,0
4320453,0,0
4320503,0,0
4320552,0,0
4320578,0,0
4320602,0,0
4320651,0,0
4320677,0,0
4320701,0,0
4320800,32.2216851941357,27.8395360077332
4320859,0,0
4320909,0,0
4321006,0,0
4321105,0,0
4321204,45.1514309530425,26.674076132259
4321303,37.1954621536173,35.7076436674726
4321329,0,0
4321352,0,0
4321402,37.2189965758523,35.7302367128182
4321436,0,0
4321451,0,0
4321469,0,0
4321477,0,0
4321493,0,0
4321501,12.7995084988736,12.2875281589187
4321600,39.8996808025536,33.7437300501596
4321626,0,0
4321634,0,0
4321667,0,0
4321709,0,0
4321808,20.9415312447646,10.051934997487
4321832,0,0
4321857,0,0
4321907,0,0
4321956,0,0
4322004,0,0
4322103,0,0
4322152,0,0
4322186,0,0
4322202,0,0
4322251,0,0
4322301,0,0
4322327,0,0
4322343,0,0
4322350,0,0
4322376,0,0
4322400,9.45879904781423,7.56703923825138
4322509,12.0165227187383,11.5358618099887
4322525,0,0
4322533,0,0
4322541,0,0
4322558,0,0
4322608,18.0623289289039,14.0052519694886
4322707,0,0
4322806,0,0
4322855,0,0
4322905,0,0
4323002,5.85247091321956,4.68197673057565
4323101,0,0
4323200,0,0
4323309,0,0
4323358,0,0
4323408,0,0
4323457,0,0
4323507,0,0
4323606,0,0
4323705,0,0
4323754,0,0
4323770,0,0
4323804,0,0
5000203,0,0
5000252,0,0
5000609,0,0
5000708,0,0
5000807,0,0
5000856,0,0
5000906,0,0
5001003,38.3597376193947,27.6190110859642
5001102,0,0
5001243,0,0
5001508,0,0
5001904,21.4362272240086,20.5787781350482
5002001,0,0
5002100,0,0
5002159,0,0
5002209,0,0
5002308,0,0
5002407,0,0
5002605,0,0
5002704,14.1266008308207,12.8728650070854
5002803,0,0
5002902,0,0
5002951,0,0
5003108,0,0
5003157,0,0
5003207,15.1707151653608,10.2803905120563
5003256,47.2992148330338,34.0554346797843
5003306,14.9436623927792,7.17295794853403
5003454,0,0
5003488,0,0
5003504,0,0
5003702,13.7475332047274,10.0046564225371
5003751,0,0
5003801,0,0
5003900,0,0
5004007,0,0
5004106,0,0
5004304,0,0
5004403,0,0
5004502,0,0
5004601,0,0
5004700,0,0
5004809,0,0
5004908,0,0
5005004,22.8675966155957,10.9764463754859
5005103,0,0
5005152,0,0
5005202,0,0
5005251,0,0
5005400,0,0
5005608,0,0
5005681,0,0
5005707,17.9568676040152,8.61929644992727
5005806,0,0
5006002,0,0
5006200,14.4864551644213,6.95349847892221
5006259,0,0
5006275,0,0
5006309,23.6540826946731,17.0309395401646
5006358,0,0
5006408,0,0
5006606,31.9362977314583,20.4392305481333
5006903,0,0
5007109,0,0
5007208,0,0
5007307,0,0
5007406,0,0
5007505,0,0
5007554,0,0
5007695,0,0
5007703,0,0
5007802,0,0
5007901,8.43953076208963,4.05097476580302
5007935,0,0
5007950,0,0
5007976,0,0
5008008,0,0
5008305,16.2231000721928,7.78708803465254
5008404,0,0
5100102,0,0
5100201,38.1621126545566,18.3178140741871
5100250,38.4918878346389,29.5617698570026
5100300,0,0
5100359,0,0
5100409,0,0
5100508,0,0
5100607,0,0
5100805,0,0
5101001,0,0
5101209,0,0
5101258,0,0
5101308,0,0
5101407,0,0
5101605,0,0
5101704,0,0
5101803,14.7215179520733,7.06632861699517
5101852,0,0
5101902,0,0
5102504,10.5417400196076,10.1200704188233
5102603,0,0
5102637,0,0
5102678,21.8627022299956,20.9881941407958
5102686,0,0
5102694,0,0
5102702,0,0
5102793,0,0
5102850,0,0
5103007,0,0
5103056,0,0
5103106,0,0
5103205,0,0
5103254,0,0
5103304,0,0
5103353,0,0
5103361,0,0
5103379,0,0
5103403,30.4146093664054,15.3755557137403
5103437,0,0
5103452,0,0
5103502,0,0
5103601,0,0
5103700,0,0
5103809,0,0
5103858,0,0
5103908,0,0
5103957,0,0
5104104,0,0
5104203,0,0
5104500,0,0
5104526,0,0
5104542,0,0
5104559,0,0
5104609,0,0
5104807,0,0
5104906,0,0
5105002,0,0
5105101,0,0
5105150,24.3303082650057,35.0356439016082
5105176,0,0
5105200,0,0
5105234,0,0
5105259,14.7885241052943,7.09849157054126
5105309,0,0
5105507,0,0
5105580,0,0
5105606,0,0
5105622,0,0
5105903,0,0
5106000,0,0
5106109,0,0
5106158,0,0
5106174,0,0
5106182,0,0
5106190,0,0
5106208,0,0
5106216,0,0
5106224,64.0847627795698,71.7749343131182
5106232,0,0
5106240,0,0
5106257,0,0
5106265,0,0
5106273,0,0
5106281,0,0
5106299,0,0
5106307,0,0
5106315,0,0
5106372,0,0
5106422,28.2981493010357,13.5831116644971
5106455,0,0
5106505,0,0
5106653,0,0
5106703,0,0
5106752,0,0
5106778,0,0
5106802,0,0
5106828,0,0
5106851,0,0
5107008,0,0
5107040,31.6997400621315,22.8238128447347
5107065,0,0
5107107,0,0
5107156,0,0
5107180,0,0
5107198,0,0
5107206,0,0
5107248,0,0
5107263,0,0
5107297,0,0
5107305,0,0
5107354,0,0
5107404,0,0
5107578,0,0
5107602,12.7096025283636,11.18445022496
5107701,0,0
5107743,0,0
5107750,0,0
5107768,0,0
5107776,0,0
5107792,0,0
5107800,0,0
5107859,0,0
5107875,0,0
5107883,0,0
5107909,13.0132529707887,10.8489435293312
5107925,0,0
5107941,0,0
5107958,9.45975347882434,4.54068166983568
5108006,0,0
5108055,0,0
5108105,0,0
5108204,0,0
5108303,0,0
5108352,0,0
5108402,27.8235707379507,16.6941424427704
5108501,0,0
5108600,0,0
5108808,0,0
5108857,0,0
5108907,0,0
5108956,0,0
5200050,0,0
5200100,0,0
5200134,0,0
5200159,0,0
5200175,0,0
5200209,0,0
5200258,0,0
5200308,0,0
5200506,0,0
5200555,0,0
5200605,0,0
5200803,0,0
5200829,0,0
5200852,0,0
5200902,0,0
5201108,1.27625251421745,1.22520241364875
5201207,0,0
5201306,0,0
5201405,24.2312919175933,16.9178474479197
5201454,0,0
5201504,0,0
5201603,0,0
5201702,0,0
5201801,0,0
5202155,0,0
5202353,0,0
5202502,0,0
5202601,0,0
5202809,0,0
5203104,0,0
5203203,0,0
5203302,0,0
5203401,0,0
5203500,0,0
5203559,0,0
5203575,0,0
5203609,0,0
5203807,0,0
5203906,0,0
5203939,0,0
5203962,0,0
5204003,0,0
5204102,0,0
5204201,0,0
5204250,0,0
5204300,0,0
5204409,0,0
5204508,0,0
5204557,0,0
5204607,0,0
5204656,0,0
5204706,0,0
5204805,0,0
5204854,0,0
5204904,0,0
5204953,0,0
5205000,0,0
5205059,0,0
5205109,18.0207779569844,17.299946838705
5205208,0,0
5205307,0,0
5205406,0,0
5205455,0,0
5205471,0,0
5205497,0,0
5205513,0,0
5205521,0,0
5205703,0,0
5205802,0,0
5205901,0,0
5206206,0,0
5206305,0,0
5206404,0,0
5206503,0,0
5206602,0,0
5206701,0,0
5206800,0,0
5206909,0,0
5207105,0,0
5207253,0,0
5207352,0,0
5207402,0,0
5207501,0,0
5207535,0,0
5207600,0,0
5207808,0,0
5207907,0,0
5208004,8.08512014488535,7.76171533908994
5208103,0,0
5208152,0,0
5208301,0,0
5208400,0,0
5208509,0,0
5208608,0,0
5208707,28.0581239335797,20.7799377252869
5208806,0,0
5208905,22.3403779991957,10.723381439614
5209101,0,0
5209150,0,0
5209200,0,0
5209291,0,0
5209408,0,0
5209457,0,0
5209606,0,0
5209705,0,0
5209804,0,0
5209903,0,0
5209937,0,0
5209952,0,0
5210000,0,0
5210109,0,0
5210158,0,0
5210208,0,0
5210307,0,0
5210406,0,0
5210562,0,0
5210604,0,0
5210802,0,0
5210901,0,0
5211008,0,0
5211206,0,0
5211305,0,0
5211404,0,0
5211503,37.8039675263919,25.4042661777354
5211602,0,0
5211701,0,0
5211800,19.4787486851845,18.6995987377771
5211909,29.3930338509773,18.8115416646255
5212006,0,0
5212055,0,0
5212105,0,0
5212204,0,0
5212253,0,0
5212303,0,0
5212501,14.1838606577529,9.07767082096185
5212600,0,0
5212709,0,0
5212808,0,0
5212907,0,0
5212956,0,0
5213004,0,0
5213053,0,0
5213087,0,0
5213103,14.6726531091352,14.0857469847698
5213400,0,0
5213509,0,0
5213707,0,0
5213756,0,0
5213772,0,0
5213806,0,0
5213855,0,0
5213905,0,0
5214002,0,0
5214051,0,0
5214101,0,0
5214408,0,0
5214507,0,0
5214606,0,0
5214705,0,0
5214804,0,0
5214838,0,0
5214861,0,0
5214879,0,0
5214903,0,0
5215009,0,0
5215207,0,0
5215231,0,0
5215256,0,0
5215306,0,0
5215405,0,0
5215504,0,0
5215603,0,0
5215652,0,0
5215702,0,0
5215801,0,0
5215900,0,0
5216007,0,0
5216304,0,0
5216403,0,0
5216452,0,0
5216809,0,0
5216908,0,0
5217104,0,0
5217203,0,0
5217302,0,0
5217401,0,0
5217609,0,0
5217708,0,0
5218003,0,0
5218052,0,0
5218102,0,0
5218300,0,0
5218391,0,0
5218508,0,0
5218607,0,0
5218706,0,0
5218789,0,0
5218805,10.3511953560397,6.95600327925869
5218904,0,0
5219001,0,0
5219100,0,0
5219209,0,0
5219258,0,0
5219308,0,0
5219357,0,0
5219407,0,0
5219456,0,0
5219506,0,0
5219605,0,0
5219704,0,0
5219712,0,0
5219738,0,0
5219753,0,0
5219803,0,0
5219902,0,0
5220009,0,0
5220058,0,0
5220108,55.6254940422168,33.7266153350704
5220157,0,0
5220207,0,0
5220264,0,0
5220280,0,0
5220405,0,0
5220454,0,0
5220504,0,0
5220603,0,0
5220686,0,0
5220702,0,0
5221007,0,0
5221080,0,0
5221197,0,0
5221304,0,0
5221403,7.70279534443049,3.69734176532664
5221452,0,0
5221502,0,0
5221551,0,0
5221577,0,0
5221601,97.9431929480901,47.0127326150833
5221700,0,0
5221809,0,0
5221858,0,0
5221908,0,0
5222005,0,0
5222054,0,0
5222203,0,0
5222302,0,0
5300108,5.20432882324234,2.65518964868817
