"city_code","state"
1100015,"RO"
1100023,"RO"
1100031,"RO"
1100049,"RO"
1100056,"RO"
1100064,"RO"
1100072,"RO"
1100080,"RO"
1100098,"RO"
1100106,"RO"
1100114,"RO"
1100122,"RO"
1100130,"RO"
1100148,"RO"
1100155,"RO"
1100189,"RO"
1100205,"RO"
1100254,"RO"
1100262,"RO"
1100288,"RO"
1100296,"RO"
1100304,"RO"
1100320,"RO"
1100338,"RO"
1100346,"RO"
1100379,"RO"
1100403,"RO"
1100452,"RO"
1100502,"RO"
1100601,"RO"
1100700,"RO"
1100809,"RO"
1100908,"RO"
1100924,"RO"
1100940,"RO"
1101005,"RO"
1101104,"RO"
1101203,"RO"
1101302,"RO"
1101401,"RO"
1101435,"RO"
1101450,"RO"
1101468,"RO"
1101476,"RO"
1101484,"RO"
1101492,"RO"
1101500,"RO"
1101559,"RO"
1101609,"RO"
1101708,"RO"
1101757,"RO"
1101807,"RO"
1200013,"AC"
1200054,"AC"
1200104,"AC"
1200138,"AC"
1200179,"AC"
1200203,"AC"
1200252,"AC"
1200302,"AC"
1200328,"AC"
1200336,"AC"
1200344,"AC"
1200351,"AC"
1200385,"AC"
1200393,"AC"
1200401,"AC"
1200427,"AC"
1200435,"AC"
1200450,"AC"
1200500,"AC"
1200609,"AC"
1200708,"AC"
1200807,"AC"
1300029,"AM"
1300060,"AM"
1300086,"AM"
1300102,"AM"
1300144,"AM"
1300201,"AM"
1300300,"AM"
1300409,"AM"
1300508,"AM"
1300607,"AM"
1300631,"AM"
1300680,"AM"
1300706,"AM"
1300805,"AM"
1300839,"AM"
1300904,"AM"
1301001,"AM"
1301100,"AM"
1301159,"AM"
1301209,"AM"
1301308,"AM"
1301407,"AM"
1301506,"AM"
1301605,"AM"
1301654,"AM"
1301704,"AM"
1301803,"AM"
1301852,"AM"
1301902,"AM"
1301951,"AM"
1302009,"AM"
1302108,"AM"
1302207,"AM"
1302306,"AM"
1302405,"AM"
1302504,"AM"
1302553,"AM"
1302603,"AM"
1302702,"AM"
1302801,"AM"
1302900,"AM"
1303007,"AM"
1303106,"AM"
1303205,"AM"
1303304,"AM"
1303403,"AM"
1303502,"AM"
1303536,"AM"
1303569,"AM"
1303601,"AM"
1303700,"AM"
1303809,"AM"
1303908,"AM"
1303957,"AM"
1304005,"AM"
1304062,"AM"
1304104,"AM"
1304203,"AM"
1304237,"AM"
1304260,"AM"
1304302,"AM"
1304401,"AM"
1400027,"RR"
1400050,"RR"
1400100,"RR"
1400159,"RR"
1400175,"RR"
1400209,"RR"
1400233,"RR"
1400282,"RR"
1400308,"RR"
1400407,"RR"
1400456,"RR"
1400472,"RR"
1400506,"RR"
1400605,"RR"
1400704,"RR"
1500107,"PA"
1500131,"PA"
1500206,"PA"
1500305,"PA"
1500347,"PA"
1500404,"PA"
1500503,"PA"
1500602,"PA"
1500701,"PA"
1500800,"PA"
1500859,"PA"
1500909,"PA"
1500958,"PA"
1501006,"PA"
1501105,"PA"
1501204,"PA"
1501253,"PA"
1501303,"PA"
1501402,"PA"
1501451,"PA"
1501501,"PA"
1501576,"PA"
1501600,"PA"
1501709,"PA"
1501725,"PA"
1501758,"PA"
1501782,"PA"
1501808,"PA"
1501907,"PA"
1501956,"PA"
1502004,"PA"
1502103,"PA"
1502152,"PA"
1502202,"PA"
1502301,"PA"
1502400,"PA"
1502509,"PA"
1502608,"PA"
1502707,"PA"
1502756,"PA"
1502764,"PA"
1502772,"PA"
1502806,"PA"
1502855,"PA"
1502905,"PA"
1502939,"PA"
1502954,"PA"
1503002,"PA"
1503044,"PA"
1503077,"PA"
1503093,"PA"
1503101,"PA"
1503200,"PA"
1503309,"PA"
1503408,"PA"
1503457,"PA"
1503507,"PA"
1503606,"PA"
1503705,"PA"
1503754,"PA"
1503804,"PA"
1503903,"PA"
1504000,"PA"
1504059,"PA"
1504109,"PA"
1504208,"PA"
1504307,"PA"
1504406,"PA"
1504422,"PA"
1504455,"PA"
1504505,"PA"
1504604,"PA"
1504703,"PA"
1504752,"PA"
1504802,"PA"
1504901,"PA"
1504950,"PA"
1504976,"PA"
1505007,"PA"
1505031,"PA"
1505064,"PA"
1505106,"PA"
1505205,"PA"
1505304,"PA"
1505403,"PA"
1505437,"PA"
1505486,"PA"
1505494,"PA"
1505502,"PA"
1505536,"PA"
1505551,"PA"
1505601,"PA"
1505635,"PA"
1505650,"PA"
1505700,"PA"
1505809,"PA"
1505908,"PA"
1506005,"PA"
1506104,"PA"
1506112,"PA"
1506138,"PA"
1506161,"PA"
1506187,"PA"
1506195,"PA"
1506203,"PA"
1506302,"PA"
1506351,"PA"
1506401,"PA"
1506500,"PA"
1506559,"PA"
1506583,"PA"
1506609,"PA"
1506708,"PA"
1506807,"PA"
1506906,"PA"
1507003,"PA"
1507102,"PA"
1507151,"PA"
1507201,"PA"
1507300,"PA"
1507409,"PA"
1507458,"PA"
1507466,"PA"
1507474,"PA"
1507508,"PA"
1507607,"PA"
1507706,"PA"
1507755,"PA"
1507805,"PA"
1507904,"PA"
1507953,"PA"
1507961,"PA"
1507979,"PA"
1508001,"PA"
1508035,"PA"
1508050,"PA"
1508084,"PA"
1508100,"PA"
1508126,"PA"
1508159,"PA"
1508209,"PA"
1508308,"PA"
1508357,"PA"
1508407,"PA"
1600055,"AP"
1600105,"AP"
1600154,"AP"
1600204,"AP"
1600212,"AP"
1600238,"AP"
1600253,"AP"
1600279,"AP"
1600303,"AP"
1600402,"AP"
1600501,"AP"
1600535,"AP"
1600550,"AP"
1600600,"AP"
1600709,"AP"
1600808,"AP"
1700251,"TO"
1700301,"TO"
1700350,"TO"
1700400,"TO"
1700707,"TO"
1701002,"TO"
1701051,"TO"
1701101,"TO"
1701309,"TO"
1701903,"TO"
1702000,"TO"
1702109,"TO"
1702158,"TO"
1702208,"TO"
1702307,"TO"
1702406,"TO"
1702554,"TO"
1702703,"TO"
1702901,"TO"
1703008,"TO"
1703057,"TO"
1703073,"TO"
1703107,"TO"
1703206,"TO"
1703305,"TO"
1703602,"TO"
1703701,"TO"
1703800,"TO"
1703826,"TO"
1703842,"TO"
1703867,"TO"
1703883,"TO"
1703891,"TO"
1703909,"TO"
1704105,"TO"
1704600,"TO"
1705102,"TO"
1705508,"TO"
1705557,"TO"
1705607,"TO"
1706001,"TO"
1706100,"TO"
1706258,"TO"
1706506,"TO"
1707009,"TO"
1707108,"TO"
1707207,"TO"
1707306,"TO"
1707405,"TO"
1707553,"TO"
1707652,"TO"
1707702,"TO"
1708205,"TO"
1708254,"TO"
1708304,"TO"
1709005,"TO"
1709302,"TO"
1709500,"TO"
1709807,"TO"
1710508,"TO"
1710706,"TO"
1710904,"TO"
1711100,"TO"
1711506,"TO"
1711803,"TO"
1711902,"TO"
1711951,"TO"
1712009,"TO"
1712157,"TO"
1712405,"TO"
1712454,"TO"
1712504,"TO"
1712702,"TO"
1712801,"TO"
1713205,"TO"
1713304,"TO"
1713601,"TO"
1713700,"TO"
1713809,"TO"
1713957,"TO"
1714203,"TO"
1714302,"TO"
1714880,"TO"
1715002,"TO"
1715101,"TO"
1715150,"TO"
1715259,"TO"
1715507,"TO"
1715705,"TO"
1715754,"TO"
1716109,"TO"
1716208,"TO"
1716307,"TO"
1716505,"TO"
1716604,"TO"
1716653,"TO"
1716703,"TO"
1717008,"TO"
1717206,"TO"
1717503,"TO"
1717800,"TO"
1717909,"TO"
1718006,"TO"
1718204,"TO"
1718303,"TO"
1718402,"TO"
1718451,"TO"
1718501,"TO"
1718550,"TO"
1718659,"TO"
1718709,"TO"
1718758,"TO"
1718808,"TO"
1718840,"TO"
1718865,"TO"
1718881,"TO"
1718899,"TO"
1718907,"TO"
1719004,"TO"
1720002,"TO"
1720101,"TO"
1720150,"TO"
1720200,"TO"
1720259,"TO"
1720309,"TO"
1720499,"TO"
1720655,"TO"
1720804,"TO"
1720853,"TO"
1720903,"TO"
1720937,"TO"
1720978,"TO"
1721000,"TO"
1721109,"TO"
1721208,"TO"
1721257,"TO"
1721307,"TO"
1722081,"TO"
1722107,"TO"
2100055,"MA"
2100105,"MA"
2100154,"MA"
2100204,"MA"
2100303,"MA"
2100402,"MA"
2100436,"MA"
2100477,"MA"
2100501,"MA"
2100550,"MA"
2100600,"MA"
2100709,"MA"
2100808,"MA"
2100832,"MA"
2100873,"MA"
2100907,"MA"
2100956,"MA"
2101004,"MA"
2101103,"MA"
2101202,"MA"
2101251,"MA"
2101301,"MA"
2101350,"MA"
2101400,"MA"
2101509,"MA"
2101608,"MA"
2101707,"MA"
2101731,"MA"
2101772,"MA"
2101806,"MA"
2101905,"MA"
2101939,"MA"
2101970,"MA"
2102002,"MA"
2102036,"MA"
2102077,"MA"
2102101,"MA"
2102150,"MA"
2102200,"MA"
2102309,"MA"
2102325,"MA"
2102358,"MA"
2102374,"MA"
2102408,"MA"
2102507,"MA"
2102556,"MA"
2102606,"MA"
2102705,"MA"
2102754,"MA"
2102804,"MA"
2102903,"MA"
2103000,"MA"
2103109,"MA"
2103125,"MA"
2103158,"MA"
2103174,"MA"
2103208,"MA"
2103257,"MA"
2103307,"MA"
2103406,"MA"
2103505,"MA"
2103554,"MA"
2103604,"MA"
2103703,"MA"
2103752,"MA"
2103802,"MA"
2103901,"MA"
2104008,"MA"
2104057,"MA"
2104073,"MA"
2104081,"MA"
2104099,"MA"
2104107,"MA"
2104206,"MA"
2104305,"MA"
2104404,"MA"
2104503,"MA"
2104552,"MA"
2104602,"MA"
2104628,"MA"
2104651,"MA"
2104677,"MA"
2104701,"MA"
2104800,"MA"
2104909,"MA"
2105005,"MA"
2105104,"MA"
2105153,"MA"
2105203,"MA"
2105302,"MA"
2105351,"MA"
2105401,"MA"
2105427,"MA"
2105450,"MA"
2105476,"MA"
2105500,"MA"
2105609,"MA"
2105658,"MA"
2105708,"MA"
2105807,"MA"
2105906,"MA"
2105922,"MA"
2105948,"MA"
2105963,"MA"
2105989,"MA"
2106003,"MA"
2106102,"MA"
2106201,"MA"
2106300,"MA"
2106326,"MA"
2106359,"MA"
2106375,"MA"
2106409,"MA"
2106508,"MA"
2106607,"MA"
2106631,"MA"
2106672,"MA"
2106706,"MA"
2106755,"MA"
2106805,"MA"
2106904,"MA"
2107001,"MA"
2107100,"MA"
2107209,"MA"
2107258,"MA"
2107308,"MA"
2107357,"MA"
2107407,"MA"
2107456,"MA"
2107506,"MA"
2107605,"MA"
2107704,"MA"
2107803,"MA"
2107902,"MA"
2108009,"MA"
2108058,"MA"
2108108,"MA"
2108207,"MA"
2108256,"MA"
2108306,"MA"
2108405,"MA"
2108454,"MA"
2108504,"MA"
2108603,"MA"
2108702,"MA"
2108801,"MA"
2108900,"MA"
2109007,"MA"
2109056,"MA"
2109106,"MA"
2109205,"MA"
2109239,"MA"
2109270,"MA"
2109304,"MA"
2109403,"MA"
2109452,"MA"
2109502,"MA"
2109551,"MA"
2109601,"MA"
2109700,"MA"
2109759,"MA"
2109809,"MA"
2109908,"MA"
2110005,"MA"
2110039,"MA"
2110104,"MA"
2110203,"MA"
2110237,"MA"
2110278,"MA"
2110302,"MA"
2110401,"MA"
2110500,"MA"
2110609,"MA"
2110658,"MA"
2110708,"MA"
2110807,"MA"
2110856,"MA"
2110906,"MA"
2111003,"MA"
2111029,"MA"
2111052,"MA"
2111078,"MA"
2111102,"MA"
2111201,"MA"
2111250,"MA"
2111300,"MA"
2111409,"MA"
2111508,"MA"
2111532,"MA"
2111573,"MA"
2111607,"MA"
2111631,"MA"
2111672,"MA"
2111706,"MA"
2111722,"MA"
2111748,"MA"
2111763,"MA"
2111789,"MA"
2111805,"MA"
2111904,"MA"
2111953,"MA"
2112001,"MA"
2112100,"MA"
2112209,"MA"
2112233,"MA"
2112274,"MA"
2112308,"MA"
2112407,"MA"
2112456,"MA"
2112506,"MA"
2112605,"MA"
2112704,"MA"
2112803,"MA"
2112852,"MA"
2112902,"MA"
2113009,"MA"
2114007,"MA"
2200053,"PI"
2200103,"PI"
2200202,"PI"
2200251,"PI"
2200277,"PI"
2200301,"PI"
2200400,"PI"
2200459,"PI"
2200509,"PI"
2200608,"PI"
2200707,"PI"
2200806,"PI"
2200905,"PI"
2200954,"PI"
2201002,"PI"
2201051,"PI"
2201101,"PI"
2201150,"PI"
2201176,"PI"
2201200,"PI"
2201309,"PI"
2201408,"PI"
2201507,"PI"
2201556,"PI"
2201572,"PI"
2201606,"PI"
2201705,"PI"
2201739,"PI"
2201770,"PI"
2201804,"PI"
2201903,"PI"
2201919,"PI"
2201929,"PI"
2201945,"PI"
2201960,"PI"
2201988,"PI"
2202000,"PI"
2202026,"PI"
2202059,"PI"
2202075,"PI"
2202083,"PI"
2202091,"PI"
2202109,"PI"
2202117,"PI"
2202133,"PI"
2202174,"PI"
2202208,"PI"
2202251,"PI"
2202307,"PI"
2202406,"PI"
2202455,"PI"
2202505,"PI"
2202539,"PI"
2202554,"PI"
2202604,"PI"
2202653,"PI"
2202703,"PI"
2202711,"PI"
2202729,"PI"
2202737,"PI"
2202752,"PI"
2202778,"PI"
2202802,"PI"
2202851,"PI"
2202901,"PI"
2203008,"PI"
2203107,"PI"
2203206,"PI"
2203230,"PI"
2203255,"PI"
2203271,"PI"
2203305,"PI"
2203354,"PI"
2203404,"PI"
2203420,"PI"
2203453,"PI"
2203503,"PI"
2203602,"PI"
2203701,"PI"
2203750,"PI"
2203800,"PI"
2203859,"PI"
2203909,"PI"
2204006,"PI"
2204105,"PI"
2204154,"PI"
2204204,"PI"
2204303,"PI"
2204352,"PI"
2204402,"PI"
2204501,"PI"
2204550,"PI"
2204600,"PI"
2204659,"PI"
2204709,"PI"
2204808,"PI"
2204907,"PI"
2205003,"PI"
2205102,"PI"
2205151,"PI"
2205201,"PI"
2205250,"PI"
2205276,"PI"
2205300,"PI"
2205359,"PI"
2205409,"PI"
2205458,"PI"
2205508,"PI"
2205516,"PI"
2205524,"PI"
2205532,"PI"
2205540,"PI"
2205557,"PI"
2205565,"PI"
2205573,"PI"
2205581,"PI"
2205599,"PI"
2205607,"PI"
2205706,"PI"
2205805,"PI"
2205854,"PI"
2205904,"PI"
2205953,"PI"
2206001,"PI"
2206050,"PI"
2206100,"PI"
2206209,"PI"
2206308,"PI"
2206357,"PI"
2206407,"PI"
2206506,"PI"
2206605,"PI"
2206654,"PI"
2206670,"PI"
2206696,"PI"
2206704,"PI"
2206720,"PI"
2206753,"PI"
2206803,"PI"
2206902,"PI"
2206951,"PI"
2207009,"PI"
2207108,"PI"
2207207,"PI"
2207306,"PI"
2207355,"PI"
2207405,"PI"
2207504,"PI"
2207553,"PI"
2207603,"PI"
2207702,"PI"
2207751,"PI"
2207777,"PI"
2207793,"PI"
2207801,"PI"
2207850,"PI"
2207900,"PI"
2207934,"PI"
2207959,"PI"
2208007,"PI"
2208106,"PI"
2208205,"PI"
2208304,"PI"
2208403,"PI"
2208502,"PI"
2208551,"PI"
2208601,"PI"
2208650,"PI"
2208700,"PI"
2208809,"PI"
2208858,"PI"
2208874,"PI"
2208908,"PI"
2209005,"PI"
2209104,"PI"
2209153,"PI"
2209203,"PI"
2209302,"PI"
2209351,"PI"
2209377,"PI"
2209401,"PI"
2209450,"PI"
2209500,"PI"
2209559,"PI"
2209609,"PI"
2209658,"PI"
2209708,"PI"
2209757,"PI"
2209807,"PI"
2209856,"PI"
2209872,"PI"
2209906,"PI"
2209955,"PI"
2209971,"PI"
2210003,"PI"
2210052,"PI"
2210102,"PI"
2210201,"PI"
2210300,"PI"
2210359,"PI"
2210375,"PI"
2210383,"PI"
2210391,"PI"
2210409,"PI"
2210508,"PI"
2210607,"PI"
2210623,"PI"
2210631,"PI"
2210656,"PI"
2210706,"PI"
2210805,"PI"
2210904,"PI"
2210938,"PI"
2210953,"PI"
2210979,"PI"
2211001,"PI"
2211100,"PI"
2211209,"PI"
2211308,"PI"
2211357,"PI"
2211407,"PI"
2211506,"PI"
2211605,"PI"
2211704,"PI"
2300101,"CE"
2300150,"CE"
2300200,"CE"
2300309,"CE"
2300408,"CE"
2300507,"CE"
2300606,"CE"
2300705,"CE"
2300754,"CE"
2300804,"CE"
2300903,"CE"
2301000,"CE"
2301109,"CE"
2301208,"CE"
2301257,"CE"
2301307,"CE"
2301406,"CE"
2301505,"CE"
2301604,"CE"
2301703,"CE"
2301802,"CE"
2301851,"CE"
2301901,"CE"
2301950,"CE"
2302008,"CE"
2302057,"CE"
2302107,"CE"
2302206,"CE"
2302305,"CE"
2302404,"CE"
2302503,"CE"
2302602,"CE"
2302701,"CE"
2302800,"CE"
2302909,"CE"
2303006,"CE"
2303105,"CE"
2303204,"CE"
2303303,"CE"
2303402,"CE"
2303501,"CE"
2303600,"CE"
2303659,"CE"
2303709,"CE"
2303808,"CE"
2303907,"CE"
2303931,"CE"
2303956,"CE"
2304004,"CE"
2304103,"CE"
2304202,"CE"
2304236,"CE"
2304251,"CE"
2304269,"CE"
2304277,"CE"
2304285,"CE"
2304301,"CE"
2304350,"CE"
2304400,"CE"
2304459,"CE"
2304509,"CE"
2304608,"CE"
2304657,"CE"
2304707,"CE"
2304806,"CE"
2304905,"CE"
2304954,"CE"
2305001,"CE"
2305100,"CE"
2305209,"CE"
2305233,"CE"
2305266,"CE"
2305308,"CE"
2305332,"CE"
2305357,"CE"
2305407,"CE"
2305506,"CE"
2305605,"CE"
2305654,"CE"
2305704,"CE"
2305803,"CE"
2305902,"CE"
2306009,"CE"
2306108,"CE"
2306207,"CE"
2306256,"CE"
2306306,"CE"
2306405,"CE"
2306504,"CE"
2306553,"CE"
2306603,"CE"
2306702,"CE"
2306801,"CE"
2306900,"CE"
2307007,"CE"
2307106,"CE"
2307205,"CE"
2307254,"CE"
2307304,"CE"
2307403,"CE"
2307502,"CE"
2307601,"CE"
2307635,"CE"
2307650,"CE"
2307700,"CE"
2307809,"CE"
2307908,"CE"
2308005,"CE"
2308104,"CE"
2308203,"CE"
2308302,"CE"
2308351,"CE"
2308377,"CE"
2308401,"CE"
2308500,"CE"
2308609,"CE"
2308708,"CE"
2308807,"CE"
2308906,"CE"
2309003,"CE"
2309102,"CE"
2309201,"CE"
2309300,"CE"
2309409,"CE"
2309458,"CE"
2309508,"CE"
2309607,"CE"
2309706,"CE"
2309805,"CE"
2309904,"CE"
2310001,"CE"
2310100,"CE"
2310209,"CE"
2310258,"CE"
2310308,"CE"
2310407,"CE"
2310506,"CE"
2310605,"CE"
2310704,"CE"
2310803,"CE"
2310852,"CE"
2310902,"CE"
2310951,"CE"
2311009,"CE"
2311108,"CE"
2311207,"CE"
2311231,"CE"
2311264,"CE"
2311306,"CE"
2311355,"CE"
2311405,"CE"
2311504,"CE"
2311603,"CE"
2311702,"CE"
2311801,"CE"
2311900,"CE"
2311959,"CE"
2312007,"CE"
2312106,"CE"
2312205,"CE"
2312304,"CE"
2312403,"CE"
2312502,"CE"
2312601,"CE"
2312700,"CE"
2312809,"CE"
2312908,"CE"
2313005,"CE"
2313104,"CE"
2313203,"CE"
2313252,"CE"
2313302,"CE"
2313351,"CE"
2313401,"CE"
2313500,"CE"
2313559,"CE"
2313609,"CE"
2313708,"CE"
2313757,"CE"
2313807,"CE"
2313906,"CE"
2313955,"CE"
2314003,"CE"
2314102,"CE"
2400109,"RN"
2400208,"RN"
2400307,"RN"
2400406,"RN"
2400505,"RN"
2400604,"RN"
2400703,"RN"
2400802,"RN"
2400901,"RN"
2401008,"RN"
2401107,"RN"
2401206,"RN"
2401305,"RN"
2401404,"RN"
2401453,"RN"
2401503,"RN"
2401602,"RN"
2401651,"RN"
2401701,"RN"
2401800,"RN"
2401859,"RN"
2401909,"RN"
2402006,"RN"
2402105,"RN"
2402204,"RN"
2402303,"RN"
2402402,"RN"
2402501,"RN"
2402600,"RN"
2402709,"RN"
2402808,"RN"
2402907,"RN"
2403004,"RN"
2403103,"RN"
2403202,"RN"
2403251,"RN"
2403301,"RN"
2403400,"RN"
2403509,"RN"
2403608,"RN"
2403707,"RN"
2403756,"RN"
2403806,"RN"
2403905,"RN"
2404002,"RN"
2404101,"RN"
2404200,"RN"
2404309,"RN"
2404408,"RN"
2404507,"RN"
2404606,"RN"
2404705,"RN"
2404804,"RN"
2404853,"RN"
2404903,"RN"
2405009,"RN"
2405108,"RN"
2405207,"RN"
2405306,"RN"
2405405,"RN"
2405504,"RN"
2405603,"RN"
2405702,"RN"
2405801,"RN"
2405900,"RN"
2406007,"RN"
2406106,"RN"
2406155,"RN"
2406205,"RN"
2406304,"RN"
2406403,"RN"
2406502,"RN"
2406601,"RN"
2406700,"RN"
2406809,"RN"
2406908,"RN"
2407005,"RN"
2407104,"RN"
2407203,"RN"
2407252,"RN"
2407302,"RN"
2407401,"RN"
2407500,"RN"
2407609,"RN"
2407708,"RN"
2407807,"RN"
2407906,"RN"
2408003,"RN"
2408102,"RN"
2408201,"RN"
2408300,"RN"
2408409,"RN"
2408508,"RN"
2408607,"RN"
2408706,"RN"
2408805,"RN"
2408904,"RN"
2408953,"RN"
2409100,"RN"
2409209,"RN"
2409308,"RN"
2409332,"RN"
2409407,"RN"
2409506,"RN"
2409605,"RN"
2409704,"RN"
2409803,"RN"
2409902,"RN"
2410009,"RN"
2410108,"RN"
2410207,"RN"
2410256,"RN"
2410306,"RN"
2410405,"RN"
2410504,"RN"
2410603,"RN"
2410702,"RN"
2410801,"RN"
2410900,"RN"
2411007,"RN"
2411056,"RN"
2411106,"RN"
2411205,"RN"
2411403,"RN"
2411429,"RN"
2411502,"RN"
2411601,"RN"
2411700,"RN"
2411809,"RN"
2411908,"RN"
2412005,"RN"
2412104,"RN"
2412203,"RN"
2412302,"RN"
2412401,"RN"
2412500,"RN"
2412559,"RN"
2412609,"RN"
2412708,"RN"
2412807,"RN"
2412906,"RN"
2413003,"RN"
2413102,"RN"
2413201,"RN"
2413300,"RN"
2413359,"RN"
2413409,"RN"
2413508,"RN"
2413557,"RN"
2413607,"RN"
2413706,"RN"
2413805,"RN"
2413904,"RN"
2414001,"RN"
2414100,"RN"
2414159,"RN"
2414209,"RN"
2414308,"RN"
2414407,"RN"
2414456,"RN"
2414506,"RN"
2414605,"RN"
2414704,"RN"
2414753,"RN"
2414803,"RN"
2414902,"RN"
2415008,"RN"
2500106,"PB"
2500205,"PB"
2500304,"PB"
2500403,"PB"
2500502,"PB"
2500536,"PB"
2500577,"PB"
2500601,"PB"
2500700,"PB"
2500734,"PB"
2500775,"PB"
2500809,"PB"
2500908,"PB"
2501005,"PB"
2501104,"PB"
2501153,"PB"
2501203,"PB"
2501302,"PB"
2501351,"PB"
2501401,"PB"
2501500,"PB"
2501534,"PB"
2501575,"PB"
2501609,"PB"
2501708,"PB"
2501807,"PB"
2501906,"PB"
2502003,"PB"
2502052,"PB"
2502102,"PB"
2502151,"PB"
2502201,"PB"
2502300,"PB"
2502409,"PB"
2502508,"PB"
2502607,"PB"
2502706,"PB"
2502805,"PB"
2502904,"PB"
2503001,"PB"
2503100,"PB"
2503209,"PB"
2503308,"PB"
2503407,"PB"
2503506,"PB"
2503555,"PB"
2503605,"PB"
2503704,"PB"
2503753,"PB"
2503803,"PB"
2503902,"PB"
2504009,"PB"
2504033,"PB"
2504074,"PB"
2504108,"PB"
2504157,"PB"
2504207,"PB"
2504306,"PB"
2504355,"PB"
2504405,"PB"
2504504,"PB"
2504603,"PB"
2504702,"PB"
2504801,"PB"
2504850,"PB"
2504900,"PB"
2505006,"PB"
2505105,"PB"
2505204,"PB"
2505238,"PB"
2505279,"PB"
2505303,"PB"
2505352,"PB"
2505402,"PB"
2505501,"PB"
2505600,"PB"
2505709,"PB"
2505808,"PB"
2505907,"PB"
2506004,"PB"
2506103,"PB"
2506202,"PB"
2506251,"PB"
2506301,"PB"
2506400,"PB"
2506509,"PB"
2506608,"PB"
2506707,"PB"
2506806,"PB"
2506905,"PB"
2507002,"PB"
2507101,"PB"
2507200,"PB"
2507309,"PB"
2507408,"PB"
2507507,"PB"
2507606,"PB"
2507705,"PB"
2507804,"PB"
2507903,"PB"
2508000,"PB"
2508109,"PB"
2508208,"PB"
2508307,"PB"
2508406,"PB"
2508505,"PB"
2508554,"PB"
2508604,"PB"
2508703,"PB"
2508802,"PB"
2508901,"PB"
2509008,"PB"
2509057,"PB"
2509107,"PB"
2509156,"PB"
2509206,"PB"
2509305,"PB"
2509339,"PB"
2509370,"PB"
2509396,"PB"
2509404,"PB"
2509503,"PB"
2509602,"PB"
2509701,"PB"
2509800,"PB"
2509909,"PB"
2510006,"PB"
2510105,"PB"
2510204,"PB"
2510303,"PB"
2510402,"PB"
2510501,"PB"
2510600,"PB"
2510659,"PB"
2510709,"PB"
2510808,"PB"
2510907,"PB"
2511004,"PB"
2511103,"PB"
2511202,"PB"
2511301,"PB"
2511400,"PB"
2511509,"PB"
2511608,"PB"
2511707,"PB"
2511806,"PB"
2511905,"PB"
2512002,"PB"
2512036,"PB"
2512077,"PB"
2512101,"PB"
2512200,"PB"
2512309,"PB"
2512408,"PB"
2512507,"PB"
2512606,"PB"
2512705,"PB"
2512721,"PB"
2512747,"PB"
2512754,"PB"
2512762,"PB"
2512788,"PB"
2512804,"PB"
2512903,"PB"
2513000,"PB"
2513109,"PB"
2513158,"PB"
2513208,"PB"
2513307,"PB"
2513356,"PB"
2513406,"PB"
2513505,"PB"
2513604,"PB"
2513653,"PB"
2513703,"PB"
2513802,"PB"
2513851,"PB"
2513901,"PB"
2513927,"PB"
2513943,"PB"
2513968,"PB"
2513984,"PB"
2514008,"PB"
2514107,"PB"
2514206,"PB"
2514305,"PB"
2514404,"PB"
2514453,"PB"
2514503,"PB"
2514552,"PB"
2514602,"PB"
2514651,"PB"
2514701,"PB"
2514800,"PB"
2514909,"PB"
2515005,"PB"
2515104,"PB"
2515203,"PB"
2515302,"PB"
2515401,"PB"
2515500,"PB"
2515609,"PB"
2515708,"PB"
2515807,"PB"
2515906,"PB"
2515930,"PB"
2515971,"PB"
2516003,"PB"
2516102,"PB"
2516151,"PB"
2516201,"PB"
2516300,"PB"
2516409,"PB"
2516508,"PB"
2516607,"PB"
2516706,"PB"
2516755,"PB"
2516805,"PB"
2516904,"PB"
2517001,"PB"
2517100,"PB"
2517209,"PB"
2517407,"PB"
2600054,"PE"
2600104,"PE"
2600203,"PE"
2600302,"PE"
2600401,"PE"
2600500,"PE"
2600609,"PE"
2600708,"PE"
2600807,"PE"
2600906,"PE"
2601003,"PE"
2601052,"PE"
2601102,"PE"
2601201,"PE"
2601300,"PE"
2601409,"PE"
2601508,"PE"
2601607,"PE"
2601706,"PE"
2601805,"PE"
2601904,"PE"
2602001,"PE"
2602100,"PE"
2602209,"PE"
2602308,"PE"
2602407,"PE"
2602506,"PE"
2602605,"PE"
2602704,"PE"
2602803,"PE"
2602902,"PE"
2603009,"PE"
2603108,"PE"
2603207,"PE"
2603306,"PE"
2603405,"PE"
2603454,"PE"
2603504,"PE"
2603603,"PE"
2603702,"PE"
2603801,"PE"
2603900,"PE"
2603926,"PE"
2604007,"PE"
2604106,"PE"
2604155,"PE"
2604205,"PE"
2604304,"PE"
2604403,"PE"
2604502,"PE"
2604601,"PE"
2604700,"PE"
2604809,"PE"
2604908,"PE"
2605004,"PE"
2605103,"PE"
2605152,"PE"
2605202,"PE"
2605301,"PE"
2605400,"PE"
2605459,"PE"
2605509,"PE"
2605608,"PE"
2605707,"PE"
2605806,"PE"
2605905,"PE"
2606002,"PE"
2606101,"PE"
2606200,"PE"
2606309,"PE"
2606408,"PE"
2606507,"PE"
2606606,"PE"
2606705,"PE"
2606804,"PE"
2606903,"PE"
2607000,"PE"
2607109,"PE"
2607208,"PE"
2607307,"PE"
2607406,"PE"
2607505,"PE"
2607604,"PE"
2607653,"PE"
2607703,"PE"
2607752,"PE"
2607802,"PE"
2607901,"PE"
2607950,"PE"
2608008,"PE"
2608057,"PE"
2608107,"PE"
2608206,"PE"
2608255,"PE"
2608305,"PE"
2608404,"PE"
2608453,"PE"
2608503,"PE"
2608602,"PE"
2608701,"PE"
2608750,"PE"
2608800,"PE"
2608909,"PE"
2609006,"PE"
2609105,"PE"
2609154,"PE"
2609204,"PE"
2609303,"PE"
2609402,"PE"
2609501,"PE"
2609600,"PE"
2609709,"PE"
2609808,"PE"
2609907,"PE"
2610004,"PE"
2610103,"PE"
2610202,"PE"
2610301,"PE"
2610400,"PE"
2610509,"PE"
2610608,"PE"
2610707,"PE"
2610806,"PE"
2610905,"PE"
2611002,"PE"
2611101,"PE"
2611200,"PE"
2611309,"PE"
2611408,"PE"
2611507,"PE"
2611533,"PE"
2611606,"PE"
2611705,"PE"
2611804,"PE"
2611903,"PE"
2612000,"PE"
2612109,"PE"
2612208,"PE"
2612307,"PE"
2612406,"PE"
2612455,"PE"
2612471,"PE"
2612505,"PE"
2612554,"PE"
2612604,"PE"
2612703,"PE"
2612802,"PE"
2612901,"PE"
2613008,"PE"
2613107,"PE"
2613206,"PE"
2613305,"PE"
2613404,"PE"
2613503,"PE"
2613602,"PE"
2613701,"PE"
2613800,"PE"
2613909,"PE"
2614006,"PE"
2614105,"PE"
2614204,"PE"
2614303,"PE"
2614402,"PE"
2614501,"PE"
2614600,"PE"
2614709,"PE"
2614808,"PE"
2614857,"PE"
2615003,"PE"
2615102,"PE"
2615201,"PE"
2615300,"PE"
2615409,"PE"
2615508,"PE"
2615607,"PE"
2615706,"PE"
2615805,"PE"
2615904,"PE"
2616001,"PE"
2616100,"PE"
2616183,"PE"
2616209,"PE"
2616308,"PE"
2616407,"PE"
2616506,"PE"
2700102,"AL"
2700201,"AL"
2700300,"AL"
2700409,"AL"
2700508,"AL"
2700607,"AL"
2700706,"AL"
2700805,"AL"
2700904,"AL"
2701001,"AL"
2701100,"AL"
2701209,"AL"
2701308,"AL"
2701357,"AL"
2701407,"AL"
2701506,"AL"
2701605,"AL"
2701704,"AL"
2701803,"AL"
2701902,"AL"
2702009,"AL"
2702108,"AL"
2702207,"AL"
2702306,"AL"
2702355,"AL"
2702405,"AL"
2702504,"AL"
2702553,"AL"
2702603,"AL"
2702702,"AL"
2702801,"AL"
2702900,"AL"
2703007,"AL"
2703106,"AL"
2703205,"AL"
2703304,"AL"
2703403,"AL"
2703502,"AL"
2703601,"AL"
2703700,"AL"
2703759,"AL"
2703809,"AL"
2703908,"AL"
2704005,"AL"
2704104,"AL"
2704203,"AL"
2704302,"AL"
2704401,"AL"
2704500,"AL"
2704609,"AL"
2704708,"AL"
2704807,"AL"
2704906,"AL"
2705002,"AL"
2705101,"AL"
2705200,"AL"
2705309,"AL"
2705408,"AL"
2705507,"AL"
2705606,"AL"
2705705,"AL"
2705804,"AL"
2705903,"AL"
2706000,"AL"
2706109,"AL"
2706208,"AL"
2706307,"AL"
2706406,"AL"
2706422,"AL"
2706448,"AL"
2706505,"AL"
2706604,"AL"
2706703,"AL"
2706802,"AL"
2706901,"AL"
2707008,"AL"
2707107,"AL"
2707206,"AL"
2707305,"AL"
2707404,"AL"
2707503,"AL"
2707602,"AL"
2707701,"AL"
2707800,"AL"
2707909,"AL"
2708006,"AL"
2708105,"AL"
2708204,"AL"
2708303,"AL"
2708402,"AL"
2708501,"AL"
2708600,"AL"
2708709,"AL"
2708808,"AL"
2708907,"AL"
2708956,"AL"
2709004,"AL"
2709103,"AL"
2709152,"AL"
2709202,"AL"
2709301,"AL"
2709400,"AL"
2800100,"SE"
2800209,"SE"
2800308,"SE"
2800407,"SE"
2800506,"SE"
2800605,"SE"
2800670,"SE"
2800704,"SE"
2801009,"SE"
2801108,"SE"
2801207,"SE"
2801306,"SE"
2801405,"SE"
2801504,"SE"
2801603,"SE"
2801702,"SE"
2801900,"SE"
2802007,"SE"
2802106,"SE"
2802205,"SE"
2802304,"SE"
2802403,"SE"
2802502,"SE"
2802601,"SE"
2802700,"SE"
2802809,"SE"
2802908,"SE"
2803005,"SE"
2803104,"SE"
2803203,"SE"
2803302,"SE"
2803401,"SE"
2803500,"SE"
2803609,"SE"
2803708,"SE"
2803807,"SE"
2803906,"SE"
2804003,"SE"
2804102,"SE"
2804201,"SE"
2804300,"SE"
2804409,"SE"
2804458,"SE"
2804508,"SE"
2804607,"SE"
2804706,"SE"
2804805,"SE"
2804904,"SE"
2805000,"SE"
2805109,"SE"
2805208,"SE"
2805307,"SE"
2805406,"SE"
2805505,"SE"
2805604,"SE"
2805703,"SE"
2805802,"SE"
2805901,"SE"
2806008,"SE"
2806107,"SE"
2806206,"SE"
2806305,"SE"
2806404,"SE"
2806503,"SE"
2806602,"SE"
2806701,"SE"
2806800,"SE"
2806909,"SE"
2807006,"SE"
2807105,"SE"
2807204,"SE"
2807303,"SE"
2807402,"SE"
2807501,"SE"
2807600,"SE"
2900108,"BA"
2900207,"BA"
2900306,"BA"
2900355,"BA"
2900405,"BA"
2900504,"BA"
2900603,"BA"
2900702,"BA"
2900801,"BA"
2900900,"BA"
2901007,"BA"
2901106,"BA"
2901155,"BA"
2901205,"BA"
2901304,"BA"
2901353,"BA"
2901403,"BA"
2901502,"BA"
2901601,"BA"
2901700,"BA"
2901809,"BA"
2901908,"BA"
2901957,"BA"
2902005,"BA"
2902054,"BA"
2902104,"BA"
2902203,"BA"
2902252,"BA"
2902302,"BA"
2902401,"BA"
2902500,"BA"
2902609,"BA"
2902658,"BA"
2902708,"BA"
2902807,"BA"
2902906,"BA"
2903003,"BA"
2903102,"BA"
2903201,"BA"
2903235,"BA"
2903276,"BA"
2903300,"BA"
2903409,"BA"
2903508,"BA"
2903607,"BA"
2903706,"BA"
2903805,"BA"
2903904,"BA"
2903953,"BA"
2904001,"BA"
2904050,"BA"
2904100,"BA"
2904209,"BA"
2904308,"BA"
2904407,"BA"
2904506,"BA"
2904605,"BA"
2904704,"BA"
2904753,"BA"
2904803,"BA"
2904852,"BA"
2904902,"BA"
2905008,"BA"
2905107,"BA"
2905156,"BA"
2905206,"BA"
2905305,"BA"
2905404,"BA"
2905503,"BA"
2905602,"BA"
2905701,"BA"
2905800,"BA"
2905909,"BA"
2906006,"BA"
2906105,"BA"
2906204,"BA"
2906303,"BA"
2906402,"BA"
2906501,"BA"
2906600,"BA"
2906709,"BA"
2906808,"BA"
2906824,"BA"
2906857,"BA"
2906873,"BA"
2906899,"BA"
2906907,"BA"
2907004,"BA"
2907103,"BA"
2907202,"BA"
2907301,"BA"
2907400,"BA"
2907509,"BA"
2907558,"BA"
2907608,"BA"
2907707,"BA"
2907806,"BA"
2907905,"BA"
2908002,"BA"
2908101,"BA"
2908200,"BA"
2908309,"BA"
2908408,"BA"
2908507,"BA"
2908606,"BA"
2908705,"BA"
2908804,"BA"
2908903,"BA"
2909000,"BA"
2909109,"BA"
2909208,"BA"
2909307,"BA"
2909406,"BA"
2909505,"BA"
2909604,"BA"
2909703,"BA"
2909802,"BA"
2909901,"BA"
2910008,"BA"
2910057,"BA"
2910107,"BA"
2910206,"BA"
2910305,"BA"
2910404,"BA"
2910503,"BA"
2910602,"BA"
2910701,"BA"
2910727,"BA"
2910750,"BA"
2910776,"BA"
2910800,"BA"
2910859,"BA"
2910909,"BA"
2911006,"BA"
2911105,"BA"
2911204,"BA"
2911253,"BA"
2911303,"BA"
2911402,"BA"
2911501,"BA"
2911600,"BA"
2911659,"BA"
2911709,"BA"
2911808,"BA"
2911857,"BA"
2911907,"BA"
2912004,"BA"
2912103,"BA"
2912202,"BA"
2912301,"BA"
2912400,"BA"
2912509,"BA"
2912608,"BA"
2912707,"BA"
2912806,"BA"
2912905,"BA"
2913002,"BA"
2913101,"BA"
2913200,"BA"
2913309,"BA"
2913408,"BA"
2913457,"BA"
2913507,"BA"
2913606,"BA"
2913705,"BA"
2913804,"BA"
2913903,"BA"
2914000,"BA"
2914109,"BA"
2914208,"BA"
2914307,"BA"
2914406,"BA"
2914505,"BA"
2914604,"BA"
2914653,"BA"
2914703,"BA"
2914802,"BA"
2914901,"BA"
2915007,"BA"
2915106,"BA"
2915205,"BA"
2915304,"BA"
2915353,"BA"
2915403,"BA"
2915502,"BA"
2915601,"BA"
2915700,"BA"
2915809,"BA"
2915908,"BA"
2916005,"BA"
2916104,"BA"
2916203,"BA"
2916302,"BA"
2916401,"BA"
2916500,"BA"
2916609,"BA"
2916708,"BA"
2916807,"BA"
2916856,"BA"
2916906,"BA"
2917003,"BA"
2917102,"BA"
2917201,"BA"
2917300,"BA"
2917334,"BA"
2917359,"BA"
2917409,"BA"
2917508,"BA"
2917607,"BA"
2917706,"BA"
2917805,"BA"
2917904,"BA"
2918001,"BA"
2918100,"BA"
2918209,"BA"
2918308,"BA"
2918357,"BA"
2918407,"BA"
2918456,"BA"
2918506,"BA"
2918555,"BA"
2918605,"BA"
2918704,"BA"
2918753,"BA"
2918803,"BA"
2918902,"BA"
2919009,"BA"
2919058,"BA"
2919108,"BA"
2919157,"BA"
2919207,"BA"
2919306,"BA"
2919405,"BA"
2919504,"BA"
2919553,"BA"
2919603,"BA"
2919702,"BA"
2919801,"BA"
2919900,"BA"
2919926,"BA"
2919959,"BA"
2920007,"BA"
2920106,"BA"
2920205,"BA"
2920304,"BA"
2920403,"BA"
2920452,"BA"
2920502,"BA"
2920601,"BA"
2920700,"BA"
2920809,"BA"
2920908,"BA"
2921005,"BA"
2921054,"BA"
2921104,"BA"
2921203,"BA"
2921302,"BA"
2921401,"BA"
2921450,"BA"
2921500,"BA"
2921609,"BA"
2921708,"BA"
2921807,"BA"
2921906,"BA"
2922003,"BA"
2922052,"BA"
2922102,"BA"
2922201,"BA"
2922250,"BA"
2922300,"BA"
2922409,"BA"
2922508,"BA"
2922607,"BA"
2922656,"BA"
2922706,"BA"
2922730,"BA"
2922755,"BA"
2922805,"BA"
2922854,"BA"
2922904,"BA"
2923001,"BA"
2923035,"BA"
2923050,"BA"
2923100,"BA"
2923209,"BA"
2923308,"BA"
2923357,"BA"
2923407,"BA"
2923506,"BA"
2923605,"BA"
2923704,"BA"
2923803,"BA"
2923902,"BA"
2924009,"BA"
2924058,"BA"
2924108,"BA"
2924207,"BA"
2924306,"BA"
2924405,"BA"
2924504,"BA"
2924603,"BA"
2924652,"BA"
2924678,"BA"
2924702,"BA"
2924801,"BA"
2924900,"BA"
2925006,"BA"
2925105,"BA"
2925204,"BA"
2925253,"BA"
2925303,"BA"
2925402,"BA"
2925501,"BA"
2925600,"BA"
2925709,"BA"
2925758,"BA"
2925808,"BA"
2925907,"BA"
2925931,"BA"
2925956,"BA"
2926004,"BA"
2926103,"BA"
2926202,"BA"
2926301,"BA"
2926400,"BA"
2926509,"BA"
2926608,"BA"
2926657,"BA"
2926707,"BA"
2926806,"BA"
2926905,"BA"
2927002,"BA"
2927101,"BA"
2927200,"BA"
2927309,"BA"
2927408,"BA"
2927507,"BA"
2927606,"BA"
2927705,"BA"
2927804,"BA"
2927903,"BA"
2928000,"BA"
2928059,"BA"
2928109,"BA"
2928208,"BA"
2928307,"BA"
2928406,"BA"
2928505,"BA"
2928604,"BA"
2928703,"BA"
2928802,"BA"
2928901,"BA"
2928950,"BA"
2929008,"BA"
2929057,"BA"
2929107,"BA"
2929206,"BA"
2929255,"BA"
2929305,"BA"
2929354,"BA"
2929370,"BA"
2929404,"BA"
2929503,"BA"
2929602,"BA"
2929701,"BA"
2929750,"BA"
2929800,"BA"
2929909,"BA"
2930006,"BA"
2930105,"BA"
2930154,"BA"
2930204,"BA"
2930303,"BA"
2930402,"BA"
2930501,"BA"
2930600,"BA"
2930709,"BA"
2930758,"BA"
2930766,"BA"
2930774,"BA"
2930808,"BA"
2930907,"BA"
2931004,"BA"
2931053,"BA"
2931103,"BA"
2931202,"BA"
2931301,"BA"
2931350,"BA"
2931400,"BA"
2931509,"BA"
2931608,"BA"
2931707,"BA"
2931806,"BA"
2931905,"BA"
2932002,"BA"
2932101,"BA"
2932200,"BA"
2932309,"BA"
2932408,"BA"
2932457,"BA"
2932507,"BA"
2932606,"BA"
2932705,"BA"
2932804,"BA"
2932903,"BA"
2933000,"BA"
2933059,"BA"
2933109,"BA"
2933158,"BA"
2933174,"BA"
2933208,"BA"
2933257,"BA"
2933307,"BA"
2933406,"BA"
2933455,"BA"
2933505,"BA"
2933604,"BA"
3100104,"MG"
3100203,"MG"
3100302,"MG"
3100401,"MG"
3100500,"MG"
3100609,"MG"
3100708,"MG"
3100807,"MG"
3100906,"MG"
3101003,"MG"
3101102,"MG"
3101201,"MG"
3101300,"MG"
3101409,"MG"
3101508,"MG"
3101607,"MG"
3101631,"MG"
3101706,"MG"
3101805,"MG"
3101904,"MG"
3102001,"MG"
3102050,"MG"
3102100,"MG"
3102209,"MG"
3102308,"MG"
3102407,"MG"
3102506,"MG"
3102605,"MG"
3102704,"MG"
3102803,"MG"
3102852,"MG"
3102902,"MG"
3103009,"MG"
3103108,"MG"
3103207,"MG"
3103306,"MG"
3103405,"MG"
3103504,"MG"
3103603,"MG"
3103702,"MG"
3103751,"MG"
3103801,"MG"
3103900,"MG"
3104007,"MG"
3104106,"MG"
3104205,"MG"
3104304,"MG"
3104403,"MG"
3104452,"MG"
3104502,"MG"
3104601,"MG"
3104700,"MG"
3104809,"MG"
3104908,"MG"
3105004,"MG"
3105103,"MG"
3105202,"MG"
3105301,"MG"
3105400,"MG"
3105509,"MG"
3105608,"MG"
3105707,"MG"
3105905,"MG"
3106002,"MG"
3106101,"MG"
3106200,"MG"
3106309,"MG"
3106408,"MG"
3106507,"MG"
3106606,"MG"
3106655,"MG"
3106705,"MG"
3106804,"MG"
3106903,"MG"
3107000,"MG"
3107109,"MG"
3107208,"MG"
3107307,"MG"
3107406,"MG"
3107505,"MG"
3107604,"MG"
3107703,"MG"
3107802,"MG"
3107901,"MG"
3108008,"MG"
3108107,"MG"
3108206,"MG"
3108255,"MG"
3108305,"MG"
3108404,"MG"
3108503,"MG"
3108552,"MG"
3108602,"MG"
3108701,"MG"
3108800,"MG"
3108909,"MG"
3109006,"MG"
3109105,"MG"
3109204,"MG"
3109253,"MG"
3109303,"MG"
3109402,"MG"
3109451,"MG"
3109501,"MG"
3109600,"MG"
3109709,"MG"
3109808,"MG"
3109907,"MG"
3110004,"MG"
3110103,"MG"
3110202,"MG"
3110301,"MG"
3110400,"MG"
3110509,"MG"
3110608,"MG"
3110707,"MG"
3110806,"MG"
3110905,"MG"
3111002,"MG"
3111101,"MG"
3111150,"MG"
3111200,"MG"
3111309,"MG"
3111408,"MG"
3111507,"MG"
3111606,"MG"
3111705,"MG"
3111804,"MG"
3111903,"MG"
3112000,"MG"
3112059,"MG"
3112109,"MG"
3112208,"MG"
3112307,"MG"
3112406,"MG"
3112505,"MG"
3112604,"MG"
3112653,"MG"
3112703,"MG"
3112802,"MG"
3112901,"MG"
3113008,"MG"
3113107,"MG"
3113206,"MG"
3113305,"MG"
3113404,"MG"
3113503,"MG"
3113602,"MG"
3113701,"MG"
3113800,"MG"
3113909,"MG"
3114006,"MG"
3114105,"MG"
3114204,"MG"
3114303,"MG"
3114402,"MG"
3114501,"MG"
3114550,"MG"
3114600,"MG"
3114709,"MG"
3114808,"MG"
3114907,"MG"
3115003,"MG"
3115102,"MG"
3115201,"MG"
3115300,"MG"
3115359,"MG"
3115409,"MG"
3115458,"MG"
3115474,"MG"
3115508,"MG"
3115607,"MG"
3115706,"MG"
3115805,"MG"
3115904,"MG"
3116001,"MG"
3116100,"MG"
3116159,"MG"
3116209,"MG"
3116308,"MG"
3116407,"MG"
3116506,"MG"
3116605,"MG"
3116704,"MG"
3116803,"MG"
3116902,"MG"
3117009,"MG"
3117108,"MG"
3117207,"MG"
3117306,"MG"
3117405,"MG"
3117504,"MG"
3117603,"MG"
3117702,"MG"
3117801,"MG"
3117836,"MG"
3117876,"MG"
3117900,"MG"
3118007,"MG"
3118106,"MG"
3118205,"MG"
3118304,"MG"
3118403,"MG"
3118502,"MG"
3118601,"MG"
3118700,"MG"
3118809,"MG"
3118908,"MG"
3119005,"MG"
3119104,"MG"
3119203,"MG"
3119302,"MG"
3119401,"MG"
3119500,"MG"
3119609,"MG"
3119708,"MG"
3119807,"MG"
3119906,"MG"
3119955,"MG"
3120003,"MG"
3120102,"MG"
3120151,"MG"
3120201,"MG"
3120300,"MG"
3120409,"MG"
3120508,"MG"
3120607,"MG"
3120706,"MG"
3120805,"MG"
3120839,"MG"
3120870,"MG"
3120904,"MG"
3121001,"MG"
3121100,"MG"
3121209,"MG"
3121258,"MG"
3121308,"MG"
3121407,"MG"
3121506,"MG"
3121605,"MG"
3121704,"MG"
3121803,"MG"
3121902,"MG"
3122009,"MG"
3122108,"MG"
3122207,"MG"
3122306,"MG"
3122355,"MG"
3122405,"MG"
3122454,"MG"
3122470,"MG"
3122504,"MG"
3122603,"MG"
3122702,"MG"
3122801,"MG"
3122900,"MG"
3123007,"MG"
3123106,"MG"
3123205,"MG"
3123304,"MG"
3123403,"MG"
3123502,"MG"
3123528,"MG"
3123601,"MG"
3123700,"MG"
3123809,"MG"
3123858,"MG"
3123908,"MG"
3124005,"MG"
3124104,"MG"
3124203,"MG"
3124302,"MG"
3124401,"MG"
3124500,"MG"
3124609,"MG"
3124708,"MG"
3124807,"MG"
3124906,"MG"
3125002,"MG"
3125101,"MG"
3125200,"MG"
3125309,"MG"
3125408,"MG"
3125507,"MG"
3125606,"MG"
3125705,"MG"
3125804,"MG"
3125903,"MG"
3125952,"MG"
3126000,"MG"
3126109,"MG"
3126208,"MG"
3126307,"MG"
3126406,"MG"
3126505,"MG"
3126604,"MG"
3126703,"MG"
3126752,"MG"
3126802,"MG"
3126901,"MG"
3126950,"MG"
3127008,"MG"
3127057,"MG"
3127073,"MG"
3127107,"MG"
3127206,"MG"
3127305,"MG"
3127339,"MG"
3127354,"MG"
3127370,"MG"
3127388,"MG"
3127404,"MG"
3127503,"MG"
3127602,"MG"
3127701,"MG"
3127800,"MG"
3127909,"MG"
3128006,"MG"
3128105,"MG"
3128204,"MG"
3128253,"MG"
3128303,"MG"
3128402,"MG"
3128501,"MG"
3128600,"MG"
3128709,"MG"
3128808,"MG"
3128907,"MG"
3129004,"MG"
3129103,"MG"
3129202,"MG"
3129301,"MG"
3129400,"MG"
3129509,"MG"
3129608,"MG"
3129657,"MG"
3129707,"MG"
3129806,"MG"
3129905,"MG"
3130002,"MG"
3130051,"MG"
3130101,"MG"
3130200,"MG"
3130309,"MG"
3130408,"MG"
3130507,"MG"
3130556,"MG"
3130606,"MG"
3130655,"MG"
3130705,"MG"
3130804,"MG"
3130903,"MG"
3131000,"MG"
3131109,"MG"
3131158,"MG"
3131208,"MG"
3131307,"MG"
3131406,"MG"
3131505,"MG"
3131604,"MG"
3131703,"MG"
3131802,"MG"
3131901,"MG"
3132008,"MG"
3132107,"MG"
3132206,"MG"
3132305,"MG"
3132404,"MG"
3132503,"MG"
3132602,"MG"
3132701,"MG"
3132800,"MG"
3132909,"MG"
3133006,"MG"
3133105,"MG"
3133204,"MG"
3133303,"MG"
3133402,"MG"
3133501,"MG"
3133600,"MG"
3133709,"MG"
3133758,"MG"
3133808,"MG"
3133907,"MG"
3134004,"MG"
3134103,"MG"
3134202,"MG"
3134301,"MG"
3134400,"MG"
3134509,"MG"
3134608,"MG"
3134707,"MG"
3134806,"MG"
3134905,"MG"
3135001,"MG"
3135050,"MG"
3135076,"MG"
3135100,"MG"
3135209,"MG"
3135308,"MG"
3135357,"MG"
3135407,"MG"
3135456,"MG"
3135506,"MG"
3135605,"MG"
3135704,"MG"
3135803,"MG"
3135902,"MG"
3136009,"MG"
3136108,"MG"
3136207,"MG"
3136306,"MG"
3136405,"MG"
3136504,"MG"
3136520,"MG"
3136553,"MG"
3136579,"MG"
3136603,"MG"
3136652,"MG"
3136702,"MG"
3136801,"MG"
3136900,"MG"
3136959,"MG"
3137007,"MG"
3137106,"MG"
3137205,"MG"
3137304,"MG"
3137403,"MG"
3137502,"MG"
3137536,"MG"
3137601,"MG"
3137700,"MG"
3137809,"MG"
3137908,"MG"
3138005,"MG"
3138104,"MG"
3138203,"MG"
3138302,"MG"
3138351,"MG"
3138401,"MG"
3138500,"MG"
3138609,"MG"
3138625,"MG"
3138658,"MG"
3138674,"MG"
3138682,"MG"
3138708,"MG"
3138807,"MG"
3138906,"MG"
3139003,"MG"
3139102,"MG"
3139201,"MG"
3139250,"MG"
3139300,"MG"
3139409,"MG"
3139508,"MG"
3139607,"MG"
3139706,"MG"
3139805,"MG"
3139904,"MG"
3140001,"MG"
3140100,"MG"
3140159,"MG"
3140209,"MG"
3140308,"MG"
3140407,"MG"
3140506,"MG"
3140530,"MG"
3140555,"MG"
3140605,"MG"
3140704,"MG"
3140803,"MG"
3140852,"MG"
3140902,"MG"
3141009,"MG"
3141108,"MG"
3141207,"MG"
3141306,"MG"
3141405,"MG"
3141504,"MG"
3141603,"MG"
3141702,"MG"
3141801,"MG"
3141900,"MG"
3142007,"MG"
3142106,"MG"
3142205,"MG"
3142254,"MG"
3142304,"MG"
3142403,"MG"
3142502,"MG"
3142601,"MG"
3142700,"MG"
3142809,"MG"
3142908,"MG"
3143005,"MG"
3143104,"MG"
3143153,"MG"
3143203,"MG"
3143302,"MG"
3143401,"MG"
3143450,"MG"
3143500,"MG"
3143609,"MG"
3143708,"MG"
3143807,"MG"
3143906,"MG"
3144003,"MG"
3144102,"MG"
3144201,"MG"
3144300,"MG"
3144359,"MG"
3144375,"MG"
3144409,"MG"
3144508,"MG"
3144607,"MG"
3144656,"MG"
3144672,"MG"
3144706,"MG"
3144805,"MG"
3144904,"MG"
3145000,"MG"
3145059,"MG"
3145109,"MG"
3145208,"MG"
3145307,"MG"
3145356,"MG"
3145372,"MG"
3145406,"MG"
3145455,"MG"
3145505,"MG"
3145604,"MG"
3145703,"MG"
3145802,"MG"
3145851,"MG"
3145877,"MG"
3145901,"MG"
3146008,"MG"
3146107,"MG"
3146206,"MG"
3146255,"MG"
3146305,"MG"
3146404,"MG"
3146503,"MG"
3146552,"MG"
3146602,"MG"
3146701,"MG"
3146750,"MG"
3146909,"MG"
3147006,"MG"
3147105,"MG"
3147204,"MG"
3147303,"MG"
3147402,"MG"
3147501,"MG"
3147600,"MG"
3147709,"MG"
3147808,"MG"
3147907,"MG"
3147956,"MG"
3148004,"MG"
3148103,"MG"
3148202,"MG"
3148301,"MG"
3148400,"MG"
3148509,"MG"
3148608,"MG"
3148707,"MG"
3148756,"MG"
3148806,"MG"
3148905,"MG"
3149002,"MG"
3149101,"MG"
3149150,"MG"
3149200,"MG"
3149309,"MG"
3149408,"MG"
3149507,"MG"
3149606,"MG"
3149705,"MG"
3149804,"MG"
3149903,"MG"
3149952,"MG"
3150000,"MG"
3150109,"MG"
3150158,"MG"
3150208,"MG"
3150307,"MG"
3150406,"MG"
3150505,"MG"
3150539,"MG"
3150570,"MG"
3150604,"MG"
3150703,"MG"
3150802,"MG"
3150901,"MG"
3151008,"MG"
3151107,"MG"
3151206,"MG"
3151305,"MG"
3151404,"MG"
3151503,"MG"
3151602,"MG"
3151701,"MG"
3151800,"MG"
3151909,"MG"
3152006,"MG"
3152105,"MG"
3152131,"MG"
3152170,"MG"
3152204,"MG"
3152303,"MG"
3152402,"MG"
3152501,"MG"
3152600,"MG"
3152709,"MG"
3152808,"MG"
3152907,"MG"
3153004,"MG"
3153103,"MG"
3153202,"MG"
3153301,"MG"
3153400,"MG"
3153509,"MG"
3153608,"MG"
3153707,"MG"
3153806,"MG"
3153905,"MG"
3154002,"MG"
3154101,"MG"
3154150,"MG"
3154200,"MG"
3154309,"MG"
3154408,"MG"
3154457,"MG"
3154507,"MG"
3154606,"MG"
3154705,"MG"
3154804,"MG"
3154903,"MG"
3155009,"MG"
3155108,"MG"
3155207,"MG"
3155306,"MG"
3155405,"MG"
3155504,"MG"
3155603,"MG"
3155702,"MG"
3155801,"MG"
3155900,"MG"
3156007,"MG"
3156106,"MG"
3156205,"MG"
3156304,"MG"
3156403,"MG"
3156452,"MG"
3156502,"MG"
3156601,"MG"
3156700,"MG"
3156809,"MG"
3156908,"MG"
3157005,"MG"
3157104,"MG"
3157203,"MG"
3157252,"MG"
3157278,"MG"
3157302,"MG"
3157336,"MG"
3157377,"MG"
3157401,"MG"
3157500,"MG"
3157609,"MG"
3157658,"MG"
3157708,"MG"
3157807,"MG"
3157906,"MG"
3158003,"MG"
3158102,"MG"
3158201,"MG"
3158300,"MG"
3158409,"MG"
3158508,"MG"
3158607,"MG"
3158706,"MG"
3158805,"MG"
3158904,"MG"
3158953,"MG"
3159001,"MG"
3159100,"MG"
3159209,"MG"
3159308,"MG"
3159357,"MG"
3159407,"MG"
3159506,"MG"
3159605,"MG"
3159704,"MG"
3159803,"MG"
3159902,"MG"
3160009,"MG"
3160108,"MG"
3160207,"MG"
3160306,"MG"
3160405,"MG"
3160454,"MG"
3160504,"MG"
3160603,"MG"
3160702,"MG"
3160801,"MG"
3160900,"MG"
3160959,"MG"
3161007,"MG"
3161056,"MG"
3161106,"MG"
3161205,"MG"
3161304,"MG"
3161403,"MG"
3161502,"MG"
3161601,"MG"
3161650,"MG"
3161700,"MG"
3161809,"MG"
3161908,"MG"
3162005,"MG"
3162104,"MG"
3162203,"MG"
3162252,"MG"
3162302,"MG"
3162401,"MG"
3162450,"MG"
3162500,"MG"
3162559,"MG"
3162575,"MG"
3162609,"MG"
3162658,"MG"
3162708,"MG"
3162807,"MG"
3162906,"MG"
3162922,"MG"
3162948,"MG"
3162955,"MG"
3163003,"MG"
3163102,"MG"
3163201,"MG"
3163300,"MG"
3163409,"MG"
3163508,"MG"
3163607,"MG"
3163706,"MG"
3163805,"MG"
3163904,"MG"
3164001,"MG"
3164100,"MG"
3164209,"MG"
3164308,"MG"
3164407,"MG"
3164431,"MG"
3164472,"MG"
3164506,"MG"
3164605,"MG"
3164704,"MG"
3164803,"MG"
3164902,"MG"
3165008,"MG"
3165107,"MG"
3165206,"MG"
3165305,"MG"
3165404,"MG"
3165503,"MG"
3165537,"MG"
3165552,"MG"
3165560,"MG"
3165578,"MG"
3165602,"MG"
3165701,"MG"
3165800,"MG"
3165909,"MG"
3166006,"MG"
3166105,"MG"
3166204,"MG"
3166303,"MG"
3166402,"MG"
3166501,"MG"
3166600,"MG"
3166709,"MG"
3166808,"MG"
3166907,"MG"
3166956,"MG"
3167004,"MG"
3167103,"MG"
3167202,"MG"
3167301,"MG"
3167400,"MG"
3167509,"MG"
3167608,"MG"
3167707,"MG"
3167806,"MG"
3167905,"MG"
3168002,"MG"
3168051,"MG"
3168101,"MG"
3168200,"MG"
3168309,"MG"
3168408,"MG"
3168507,"MG"
3168606,"MG"
3168705,"MG"
3168804,"MG"
3168903,"MG"
3169000,"MG"
3169059,"MG"
3169109,"MG"
3169208,"MG"
3169307,"MG"
3169356,"MG"
3169406,"MG"
3169505,"MG"
3169604,"MG"
3169703,"MG"
3169802,"MG"
3169901,"MG"
3170008,"MG"
3170057,"MG"
3170107,"MG"
3170206,"MG"
3170305,"MG"
3170404,"MG"
3170438,"MG"
3170479,"MG"
3170503,"MG"
3170529,"MG"
3170578,"MG"
3170602,"MG"
3170651,"MG"
3170701,"MG"
3170750,"MG"
3170800,"MG"
3170909,"MG"
3171006,"MG"
3171030,"MG"
3171071,"MG"
3171105,"MG"
3171154,"MG"
3171204,"MG"
3171303,"MG"
3171402,"MG"
3171501,"MG"
3171600,"MG"
3171709,"MG"
3171808,"MG"
3171907,"MG"
3172004,"MG"
3172103,"MG"
3172202,"MG"
3200102,"ES"
3200136,"ES"
3200169,"ES"
3200201,"ES"
3200300,"ES"
3200359,"ES"
3200409,"ES"
3200508,"ES"
3200607,"ES"
3200706,"ES"
3200805,"ES"
3200904,"ES"
3201001,"ES"
3201100,"ES"
3201159,"ES"
3201209,"ES"
3201308,"ES"
3201407,"ES"
3201506,"ES"
3201605,"ES"
3201704,"ES"
3201803,"ES"
3201902,"ES"
3202009,"ES"
3202108,"ES"
3202207,"ES"
3202256,"ES"
3202306,"ES"
3202405,"ES"
3202454,"ES"
3202504,"ES"
3202553,"ES"
3202603,"ES"
3202652,"ES"
3202702,"ES"
3202801,"ES"
3202900,"ES"
3203007,"ES"
3203056,"ES"
3203106,"ES"
3203130,"ES"
3203163,"ES"
3203205,"ES"
3203304,"ES"
3203320,"ES"
3203346,"ES"
3203353,"ES"
3203403,"ES"
3203502,"ES"
3203601,"ES"
3203700,"ES"
3203809,"ES"
3203908,"ES"
3204005,"ES"
3204054,"ES"
3204104,"ES"
3204203,"ES"
3204252,"ES"
3204302,"ES"
3204351,"ES"
3204401,"ES"
3204500,"ES"
3204559,"ES"
3204609,"ES"
3204658,"ES"
3204708,"ES"
3204807,"ES"
3204906,"ES"
3204955,"ES"
3205002,"ES"
3205010,"ES"
3205036,"ES"
3205069,"ES"
3205101,"ES"
3205150,"ES"
3205176,"ES"
3205200,"ES"
3205309,"ES"
3300100,"RJ"
3300159,"RJ"
3300209,"RJ"
3300225,"RJ"
3300233,"RJ"
3300258,"RJ"
3300308,"RJ"
3300407,"RJ"
3300456,"RJ"
3300506,"RJ"
3300605,"RJ"
3300704,"RJ"
3300803,"RJ"
3300902,"RJ"
3300936,"RJ"
3300951,"RJ"
3301009,"RJ"
3301108,"RJ"
3301157,"RJ"
3301207,"RJ"
3301306,"RJ"
3301405,"RJ"
3301504,"RJ"
3301603,"RJ"
3301702,"RJ"
3301801,"RJ"
3301850,"RJ"
3301876,"RJ"
3301900,"RJ"
3302007,"RJ"
3302056,"RJ"
3302106,"RJ"
3302205,"RJ"
3302254,"RJ"
3302270,"RJ"
3302304,"RJ"
3302403,"RJ"
3302452,"RJ"
3302502,"RJ"
3302601,"RJ"
3302700,"RJ"
3302809,"RJ"
3302858,"RJ"
3302908,"RJ"
3303005,"RJ"
3303104,"RJ"
3303203,"RJ"
3303302,"RJ"
3303401,"RJ"
3303500,"RJ"
3303609,"RJ"
3303708,"RJ"
3303807,"RJ"
3303856,"RJ"
3303906,"RJ"
3303955,"RJ"
3304003,"RJ"
3304102,"RJ"
3304110,"RJ"
3304128,"RJ"
3304144,"RJ"
3304151,"RJ"
3304201,"RJ"
3304300,"RJ"
3304409,"RJ"
3304508,"RJ"
3304524,"RJ"
3304557,"RJ"
3304607,"RJ"
3304706,"RJ"
3304755,"RJ"
3304805,"RJ"
3304904,"RJ"
3305000,"RJ"
3305109,"RJ"
3305133,"RJ"
3305158,"RJ"
3305208,"RJ"
3305307,"RJ"
3305406,"RJ"
3305505,"RJ"
3305554,"RJ"
3305604,"RJ"
3305703,"RJ"
3305752,"RJ"
3305802,"RJ"
3305901,"RJ"
3306008,"RJ"
3306107,"RJ"
3306156,"RJ"
3306206,"RJ"
3306305,"RJ"
3500105,"SP"
3500204,"SP"
3500303,"SP"
3500402,"SP"
3500501,"SP"
3500550,"SP"
3500600,"SP"
3500709,"SP"
3500758,"SP"
3500808,"SP"
3500907,"SP"
3501004,"SP"
3501103,"SP"
3501152,"SP"
3501202,"SP"
3501301,"SP"
3501400,"SP"
3501509,"SP"
3501608,"SP"
3501707,"SP"
3501806,"SP"
3501905,"SP"
3502002,"SP"
3502101,"SP"
3502200,"SP"
3502309,"SP"
3502408,"SP"
3502507,"SP"
3502606,"SP"
3502705,"SP"
3502754,"SP"
3502804,"SP"
3502903,"SP"
3503000,"SP"
3503109,"SP"
3503158,"SP"
3503208,"SP"
3503307,"SP"
3503356,"SP"
3503406,"SP"
3503505,"SP"
3503604,"SP"
3503703,"SP"
3503802,"SP"
3503901,"SP"
3503950,"SP"
3504008,"SP"
3504107,"SP"
3504206,"SP"
3504305,"SP"
3504404,"SP"
3504503,"SP"
3504602,"SP"
3504701,"SP"
3504800,"SP"
3504909,"SP"
3505005,"SP"
3505104,"SP"
3505203,"SP"
3505302,"SP"
3505351,"SP"
3505401,"SP"
3505500,"SP"
3505609,"SP"
3505708,"SP"
3505807,"SP"
3505906,"SP"
3506003,"SP"
3506102,"SP"
3506201,"SP"
3506300,"SP"
3506359,"SP"
3506409,"SP"
3506508,"SP"
3506607,"SP"
3506706,"SP"
3506805,"SP"
3506904,"SP"
3507001,"SP"
3507100,"SP"
3507159,"SP"
3507209,"SP"
3507308,"SP"
3507407,"SP"
3507456,"SP"
3507506,"SP"
3507605,"SP"
3507704,"SP"
3507753,"SP"
3507803,"SP"
3507902,"SP"
3508009,"SP"
3508108,"SP"
3508207,"SP"
3508306,"SP"
3508405,"SP"
3508504,"SP"
3508603,"SP"
3508702,"SP"
3508801,"SP"
3508900,"SP"
3509007,"SP"
3509106,"SP"
3509205,"SP"
3509254,"SP"
3509304,"SP"
3509403,"SP"
3509452,"SP"
3509502,"SP"
3509601,"SP"
3509700,"SP"
3509809,"SP"
3509908,"SP"
3509957,"SP"
3510005,"SP"
3510104,"SP"
3510153,"SP"
3510203,"SP"
3510302,"SP"
3510401,"SP"
3510500,"SP"
3510609,"SP"
3510708,"SP"
3510807,"SP"
3510906,"SP"
3511003,"SP"
3511102,"SP"
3511201,"SP"
3511300,"SP"
3511409,"SP"
3511508,"SP"
3511607,"SP"
3511706,"SP"
3511904,"SP"
3512001,"SP"
3512100,"SP"
3512209,"SP"
3512308,"SP"
3512407,"SP"
3512506,"SP"
3512605,"SP"
3512704,"SP"
3512803,"SP"
3512902,"SP"
3513009,"SP"
3513108,"SP"
3513207,"SP"
3513306,"SP"
3513405,"SP"
3513504,"SP"
3513603,"SP"
3513702,"SP"
3513801,"SP"
3513850,"SP"
3513900,"SP"
3514007,"SP"
3514106,"SP"
3514205,"SP"
3514304,"SP"
3514403,"SP"
3514502,"SP"
3514601,"SP"
3514700,"SP"
3514809,"SP"
3514908,"SP"
3514924,"SP"
3514957,"SP"
3515004,"SP"
3515103,"SP"
3515129,"SP"
3515152,"SP"
3515186,"SP"
3515194,"SP"
3515202,"SP"
3515301,"SP"
3515350,"SP"
3515400,"SP"
3515509,"SP"
3515608,"SP"
3515657,"SP"
3515707,"SP"
3515806,"SP"
3515905,"SP"
3516002,"SP"
3516101,"SP"
3516200,"SP"
3516309,"SP"
3516408,"SP"
3516507,"SP"
3516606,"SP"
3516705,"SP"
3516804,"SP"
3516853,"SP"
3516903,"SP"
3517000,"SP"
3517109,"SP"
3517208,"SP"
3517307,"SP"
3517406,"SP"
3517505,"SP"
3517604,"SP"
3517703,"SP"
3517802,"SP"
3517901,"SP"
3518008,"SP"
3518107,"SP"
3518206,"SP"
3518305,"SP"
3518404,"SP"
3518503,"SP"
3518602,"SP"
3518701,"SP"
3518800,"SP"
3518859,"SP"
3518909,"SP"
3519006,"SP"
3519055,"SP"
3519071,"SP"
3519105,"SP"
3519204,"SP"
3519253,"SP"
3519303,"SP"
3519402,"SP"
3519501,"SP"
3519600,"SP"
3519709,"SP"
3519808,"SP"
3519907,"SP"
3520004,"SP"
3520103,"SP"
3520202,"SP"
3520301,"SP"
3520400,"SP"
3520426,"SP"
3520442,"SP"
3520509,"SP"
3520608,"SP"
3520707,"SP"
3520806,"SP"
3520905,"SP"
3521002,"SP"
3521101,"SP"
3521150,"SP"
3521200,"SP"
3521309,"SP"
3521408,"SP"
3521507,"SP"
3521606,"SP"
3521705,"SP"
3521804,"SP"
3521903,"SP"
3522000,"SP"
3522109,"SP"
3522158,"SP"
3522208,"SP"
3522307,"SP"
3522406,"SP"
3522505,"SP"
3522604,"SP"
3522653,"SP"
3522703,"SP"
3522802,"SP"
3522901,"SP"
3523008,"SP"
3523107,"SP"
3523206,"SP"
3523305,"SP"
3523404,"SP"
3523503,"SP"
3523602,"SP"
3523701,"SP"
3523800,"SP"
3523909,"SP"
3524006,"SP"
3524105,"SP"
3524204,"SP"
3524303,"SP"
3524402,"SP"
3524501,"SP"
3524600,"SP"
3524709,"SP"
3524808,"SP"
3524907,"SP"
3525003,"SP"
3525102,"SP"
3525201,"SP"
3525300,"SP"
3525409,"SP"
3525508,"SP"
3525607,"SP"
3525706,"SP"
3525805,"SP"
3525854,"SP"
3525904,"SP"
3526001,"SP"
3526100,"SP"
3526209,"SP"
3526308,"SP"
3526407,"SP"
3526506,"SP"
3526605,"SP"
3526704,"SP"
3526803,"SP"
3526902,"SP"
3527009,"SP"
3527108,"SP"
3527207,"SP"
3527256,"SP"
3527306,"SP"
3527405,"SP"
3527504,"SP"
3527603,"SP"
3527702,"SP"
3527801,"SP"
3527900,"SP"
3528007,"SP"
3528106,"SP"
3528205,"SP"
3528304,"SP"
3528403,"SP"
3528502,"SP"
3528601,"SP"
3528700,"SP"
3528809,"SP"
3528858,"SP"
3528908,"SP"
3529005,"SP"
3529104,"SP"
3529203,"SP"
3529302,"SP"
3529401,"SP"
3529500,"SP"
3529609,"SP"
3529658,"SP"
3529708,"SP"
3529807,"SP"
3529906,"SP"
3530003,"SP"
3530102,"SP"
3530201,"SP"
3530300,"SP"
3530409,"SP"
3530508,"SP"
3530607,"SP"
3530706,"SP"
3530805,"SP"
3530904,"SP"
3531001,"SP"
3531100,"SP"
3531209,"SP"
3531308,"SP"
3531407,"SP"
3531506,"SP"
3531605,"SP"
3531704,"SP"
3531803,"SP"
3531902,"SP"
3532009,"SP"
3532058,"SP"
3532108,"SP"
3532157,"SP"
3532207,"SP"
3532306,"SP"
3532405,"SP"
3532504,"SP"
3532603,"SP"
3532702,"SP"
3532801,"SP"
3532827,"SP"
3532843,"SP"
3532868,"SP"
3532900,"SP"
3533007,"SP"
3533106,"SP"
3533205,"SP"
3533254,"SP"
3533304,"SP"
3533403,"SP"
3533502,"SP"
3533601,"SP"
3533700,"SP"
3533809,"SP"
3533908,"SP"
3534005,"SP"
3534104,"SP"
3534203,"SP"
3534302,"SP"
3534401,"SP"
3534500,"SP"
3534609,"SP"
3534708,"SP"
3534757,"SP"
3534807,"SP"
3534906,"SP"
3535002,"SP"
3535101,"SP"
3535200,"SP"
3535309,"SP"
3535408,"SP"
3535507,"SP"
3535606,"SP"
3535705,"SP"
3535804,"SP"
3535903,"SP"
3536000,"SP"
3536109,"SP"
3536208,"SP"
3536257,"SP"
3536307,"SP"
3536406,"SP"
3536505,"SP"
3536570,"SP"
3536604,"SP"
3536703,"SP"
3536802,"SP"
3536901,"SP"
3537008,"SP"
3537107,"SP"
3537156,"SP"
3537206,"SP"
3537305,"SP"
3537404,"SP"
3537503,"SP"
3537602,"SP"
3537701,"SP"
3537800,"SP"
3537909,"SP"
3538006,"SP"
3538105,"SP"
3538204,"SP"
3538303,"SP"
3538501,"SP"
3538600,"SP"
3538709,"SP"
3538808,"SP"
3538907,"SP"
3539004,"SP"
3539103,"SP"
3539202,"SP"
3539301,"SP"
3539400,"SP"
3539509,"SP"
3539608,"SP"
3539707,"SP"
3539806,"SP"
3539905,"SP"
3540002,"SP"
3540101,"SP"
3540200,"SP"
3540259,"SP"
3540309,"SP"
3540408,"SP"
3540507,"SP"
3540606,"SP"
3540705,"SP"
3540754,"SP"
3540804,"SP"
3540853,"SP"
3540903,"SP"
3541000,"SP"
3541059,"SP"
3541109,"SP"
3541208,"SP"
3541307,"SP"
3541406,"SP"
3541505,"SP"
3541604,"SP"
3541653,"SP"
3541703,"SP"
3541802,"SP"
3541901,"SP"
3542008,"SP"
3542107,"SP"
3542206,"SP"
3542305,"SP"
3542404,"SP"
3542503,"SP"
3542602,"SP"
3542701,"SP"
3542800,"SP"
3542909,"SP"
3543006,"SP"
3543105,"SP"
3543204,"SP"
3543238,"SP"
3543253,"SP"
3543303,"SP"
3543402,"SP"
3543501,"SP"
3543600,"SP"
3543709,"SP"
3543808,"SP"
3543907,"SP"
3544004,"SP"
3544103,"SP"
3544202,"SP"
3544251,"SP"
3544301,"SP"
3544400,"SP"
3544509,"SP"
3544608,"SP"
3544707,"SP"
3544806,"SP"
3544905,"SP"
3545001,"SP"
3545100,"SP"
3545159,"SP"
3545209,"SP"
3545308,"SP"
3545407,"SP"
3545506,"SP"
3545605,"SP"
3545704,"SP"
3545803,"SP"
3546009,"SP"
3546108,"SP"
3546207,"SP"
3546256,"SP"
3546306,"SP"
3546405,"SP"
3546504,"SP"
3546603,"SP"
3546702,"SP"
3546801,"SP"
3546900,"SP"
3547007,"SP"
3547106,"SP"
3547205,"SP"
3547304,"SP"
3547403,"SP"
3547502,"SP"
3547601,"SP"
3547650,"SP"
3547700,"SP"
3547809,"SP"
3547908,"SP"
3548005,"SP"
3548054,"SP"
3548104,"SP"
3548203,"SP"
3548302,"SP"
3548401,"SP"
3548500,"SP"
3548609,"SP"
3548708,"SP"
3548807,"SP"
3548906,"SP"
3549003,"SP"
3549102,"SP"
3549201,"SP"
3549250,"SP"
3549300,"SP"
3549409,"SP"
3549508,"SP"
3549607,"SP"
3549706,"SP"
3549805,"SP"
3549904,"SP"
3549953,"SP"
3550001,"SP"
3550100,"SP"
3550209,"SP"
3550308,"SP"
3550407,"SP"
3550506,"SP"
3550605,"SP"
3550704,"SP"
3550803,"SP"
3550902,"SP"
3551009,"SP"
3551108,"SP"
3551207,"SP"
3551306,"SP"
3551405,"SP"
3551504,"SP"
3551603,"SP"
3551702,"SP"
3551801,"SP"
3551900,"SP"
3552007,"SP"
3552106,"SP"
3552205,"SP"
3552304,"SP"
3552403,"SP"
3552502,"SP"
3552551,"SP"
3552601,"SP"
3552700,"SP"
3552809,"SP"
3552908,"SP"
3553005,"SP"
3553104,"SP"
3553203,"SP"
3553302,"SP"
3553401,"SP"
3553500,"SP"
3553609,"SP"
3553658,"SP"
3553708,"SP"
3553807,"SP"
3553856,"SP"
3553906,"SP"
3553955,"SP"
3554003,"SP"
3554102,"SP"
3554201,"SP"
3554300,"SP"
3554409,"SP"
3554508,"SP"
3554607,"SP"
3554656,"SP"
3554706,"SP"
3554755,"SP"
3554805,"SP"
3554904,"SP"
3554953,"SP"
3555000,"SP"
3555109,"SP"
3555208,"SP"
3555307,"SP"
3555356,"SP"
3555406,"SP"
3555505,"SP"
3555604,"SP"
3555703,"SP"
3555802,"SP"
3555901,"SP"
3556008,"SP"
3556107,"SP"
3556206,"SP"
3556305,"SP"
3556354,"SP"
3556404,"SP"
3556453,"SP"
3556503,"SP"
3556602,"SP"
3556701,"SP"
3556800,"SP"
3556909,"SP"
3556958,"SP"
3557006,"SP"
3557105,"SP"
3557154,"SP"
3557204,"SP"
3557303,"SP"
4100103,"PR"
4100202,"PR"
4100301,"PR"
4100400,"PR"
4100459,"PR"
4100509,"PR"
4100608,"PR"
4100707,"PR"
4100806,"PR"
4100905,"PR"
4101002,"PR"
4101051,"PR"
4101101,"PR"
4101150,"PR"
4101200,"PR"
4101309,"PR"
4101408,"PR"
4101507,"PR"
4101606,"PR"
4101655,"PR"
4101705,"PR"
4101804,"PR"
4101853,"PR"
4101903,"PR"
4102000,"PR"
4102109,"PR"
4102208,"PR"
4102307,"PR"
4102406,"PR"
4102505,"PR"
4102604,"PR"
4102703,"PR"
4102752,"PR"
4102802,"PR"
4102901,"PR"
4103008,"PR"
4103024,"PR"
4103040,"PR"
4103057,"PR"
4103107,"PR"
4103156,"PR"
4103206,"PR"
4103222,"PR"
4103305,"PR"
4103354,"PR"
4103370,"PR"
4103404,"PR"
4103453,"PR"
4103479,"PR"
4103503,"PR"
4103602,"PR"
4103701,"PR"
4103800,"PR"
4103909,"PR"
4103958,"PR"
4104006,"PR"
4104055,"PR"
4104105,"PR"
4104204,"PR"
4104253,"PR"
4104303,"PR"
4104402,"PR"
4104428,"PR"
4104451,"PR"
4104501,"PR"
4104600,"PR"
4104659,"PR"
4104709,"PR"
4104808,"PR"
4104907,"PR"
4105003,"PR"
4105102,"PR"
4105201,"PR"
4105300,"PR"
4105409,"PR"
4105508,"PR"
4105607,"PR"
4105706,"PR"
4105805,"PR"
4105904,"PR"
4106001,"PR"
4106100,"PR"
4106209,"PR"
4106308,"PR"
4106407,"PR"
4106456,"PR"
4106506,"PR"
4106555,"PR"
4106571,"PR"
4106605,"PR"
4106704,"PR"
4106803,"PR"
4106852,"PR"
4106902,"PR"
4107009,"PR"
4107108,"PR"
4107124,"PR"
4107157,"PR"
4107207,"PR"
4107256,"PR"
4107306,"PR"
4107405,"PR"
4107504,"PR"
4107520,"PR"
4107538,"PR"
4107546,"PR"
4107553,"PR"
4107603,"PR"
4107652,"PR"
4107702,"PR"
4107736,"PR"
4107751,"PR"
4107801,"PR"
4107850,"PR"
4107900,"PR"
4108007,"PR"
4108106,"PR"
4108205,"PR"
4108304,"PR"
4108320,"PR"
4108403,"PR"
4108452,"PR"
4108502,"PR"
4108551,"PR"
4108601,"PR"
4108650,"PR"
4108700,"PR"
4108809,"PR"
4108908,"PR"
4108957,"PR"
4109005,"PR"
4109104,"PR"
4109203,"PR"
4109302,"PR"
4109401,"PR"
4109500,"PR"
4109609,"PR"
4109658,"PR"
4109708,"PR"
4109757,"PR"
4109807,"PR"
4109906,"PR"
4110003,"PR"
4110052,"PR"
4110078,"PR"
4110102,"PR"
4110201,"PR"
4110300,"PR"
4110409,"PR"
4110508,"PR"
4110607,"PR"
4110656,"PR"
4110706,"PR"
4110805,"PR"
4110904,"PR"
4110953,"PR"
4111001,"PR"
4111100,"PR"
4111209,"PR"
4111258,"PR"
4111308,"PR"
4111407,"PR"
4111506,"PR"
4111555,"PR"
4111605,"PR"
4111704,"PR"
4111803,"PR"
4111902,"PR"
4112009,"PR"
4112108,"PR"
4112207,"PR"
4112306,"PR"
4112405,"PR"
4112504,"PR"
4112603,"PR"
4112702,"PR"
4112751,"PR"
4112801,"PR"
4112900,"PR"
4112959,"PR"
4113007,"PR"
4113106,"PR"
4113205,"PR"
4113254,"PR"
4113304,"PR"
4113403,"PR"
4113429,"PR"
4113452,"PR"
4113502,"PR"
4113601,"PR"
4113700,"PR"
4113734,"PR"
4113759,"PR"
4113809,"PR"
4113908,"PR"
4114005,"PR"
4114104,"PR"
4114203,"PR"
4114302,"PR"
4114351,"PR"
4114401,"PR"
4114500,"PR"
4114609,"PR"
4114708,"PR"
4114807,"PR"
4114906,"PR"
4115002,"PR"
4115101,"PR"
4115200,"PR"
4115309,"PR"
4115358,"PR"
4115408,"PR"
4115457,"PR"
4115507,"PR"
4115606,"PR"
4115705,"PR"
4115739,"PR"
4115754,"PR"
4115804,"PR"
4115853,"PR"
4115903,"PR"
4116000,"PR"
4116059,"PR"
4116109,"PR"
4116208,"PR"
4116307,"PR"
4116406,"PR"
4116505,"PR"
4116604,"PR"
4116703,"PR"
4116802,"PR"
4116901,"PR"
4116950,"PR"
4117008,"PR"
4117057,"PR"
4117107,"PR"
4117206,"PR"
4117214,"PR"
4117222,"PR"
4117255,"PR"
4117271,"PR"
4117297,"PR"
4117305,"PR"
4117404,"PR"
4117453,"PR"
4117503,"PR"
4117602,"PR"
4117701,"PR"
4117800,"PR"
4117909,"PR"
4118006,"PR"
4118105,"PR"
4118204,"PR"
4118303,"PR"
4118402,"PR"
4118451,"PR"
4118501,"PR"
4118600,"PR"
4118709,"PR"
4118808,"PR"
4118857,"PR"
4118907,"PR"
4119004,"PR"
4119103,"PR"
4119152,"PR"
4119202,"PR"
4119251,"PR"
4119301,"PR"
4119400,"PR"
4119509,"PR"
4119608,"PR"
4119657,"PR"
4119707,"PR"
4119806,"PR"
4119905,"PR"
4119954,"PR"
4120002,"PR"
4120101,"PR"
4120150,"PR"
4120200,"PR"
4120309,"PR"
4120333,"PR"
4120358,"PR"
4120408,"PR"
4120507,"PR"
4120606,"PR"
4120655,"PR"
4120705,"PR"
4120804,"PR"
4120853,"PR"
4120903,"PR"
4121000,"PR"
4121109,"PR"
4121208,"PR"
4121257,"PR"
4121307,"PR"
4121356,"PR"
4121406,"PR"
4121505,"PR"
4121604,"PR"
4121703,"PR"
4121752,"PR"
4121802,"PR"
4121901,"PR"
4122008,"PR"
4122107,"PR"
4122156,"PR"
4122172,"PR"
4122206,"PR"
4122305,"PR"
4122404,"PR"
4122503,"PR"
4122602,"PR"
4122651,"PR"
4122701,"PR"
4122800,"PR"
4122909,"PR"
4123006,"PR"
4123105,"PR"
4123204,"PR"
4123303,"PR"
4123402,"PR"
4123501,"PR"
4123600,"PR"
4123709,"PR"
4123808,"PR"
4123824,"PR"
4123857,"PR"
4123907,"PR"
4123956,"PR"
4124004,"PR"
4124020,"PR"
4124053,"PR"
4124103,"PR"
4124202,"PR"
4124301,"PR"
4124400,"PR"
4124509,"PR"
4124608,"PR"
4124707,"PR"
4124806,"PR"
4124905,"PR"
4125001,"PR"
4125100,"PR"
4125209,"PR"
4125308,"PR"
4125357,"PR"
4125407,"PR"
4125456,"PR"
4125506,"PR"
4125555,"PR"
4125605,"PR"
4125704,"PR"
4125753,"PR"
4125803,"PR"
4125902,"PR"
4126009,"PR"
4126108,"PR"
4126207,"PR"
4126256,"PR"
4126272,"PR"
4126306,"PR"
4126355,"PR"
4126405,"PR"
4126504,"PR"
4126603,"PR"
4126652,"PR"
4126678,"PR"
4126702,"PR"
4126801,"PR"
4126900,"PR"
4127007,"PR"
4127106,"PR"
4127205,"PR"
4127304,"PR"
4127403,"PR"
4127502,"PR"
4127601,"PR"
4127700,"PR"
4127809,"PR"
4127858,"PR"
4127882,"PR"
4127908,"PR"
4127957,"PR"
4127965,"PR"
4128005,"PR"
4128104,"PR"
4128203,"PR"
4128302,"PR"
4128401,"PR"
4128500,"PR"
4128534,"PR"
4128559,"PR"
4128609,"PR"
4128625,"PR"
4128633,"PR"
4128658,"PR"
4128708,"PR"
4128807,"PR"
4200051,"SC"
4200101,"SC"
4200200,"SC"
4200309,"SC"
4200408,"SC"
4200507,"SC"
4200556,"SC"
4200606,"SC"
4200705,"SC"
4200754,"SC"
4200804,"SC"
4200903,"SC"
4201000,"SC"
4201109,"SC"
4201208,"SC"
4201257,"SC"
4201273,"SC"
4201307,"SC"
4201406,"SC"
4201505,"SC"
4201604,"SC"
4201653,"SC"
4201703,"SC"
4201802,"SC"
4201901,"SC"
4201950,"SC"
4202008,"SC"
4202057,"SC"
4202073,"SC"
4202081,"SC"
4202099,"SC"
4202107,"SC"
4202131,"SC"
4202156,"SC"
4202206,"SC"
4202305,"SC"
4202404,"SC"
4202438,"SC"
4202453,"SC"
4202503,"SC"
4202537,"SC"
4202578,"SC"
4202602,"SC"
4202701,"SC"
4202800,"SC"
4202859,"SC"
4202875,"SC"
4202909,"SC"
4203006,"SC"
4203105,"SC"
4203154,"SC"
4203204,"SC"
4203253,"SC"
4203303,"SC"
4203402,"SC"
4203501,"SC"
4203600,"SC"
4203709,"SC"
4203808,"SC"
4203907,"SC"
4203956,"SC"
4204004,"SC"
4204103,"SC"
4204152,"SC"
4204178,"SC"
4204194,"SC"
4204202,"SC"
4204251,"SC"
4204301,"SC"
4204350,"SC"
4204400,"SC"
4204459,"SC"
4204509,"SC"
4204558,"SC"
4204608,"SC"
4204707,"SC"
4204756,"SC"
4204806,"SC"
4204905,"SC"
4205001,"SC"
4205100,"SC"
4205159,"SC"
4205175,"SC"
4205191,"SC"
4205209,"SC"
4205308,"SC"
4205357,"SC"
4205407,"SC"
4205431,"SC"
4205456,"SC"
4205506,"SC"
4205555,"SC"
4205605,"SC"
4205704,"SC"
4205803,"SC"
4205902,"SC"
4206009,"SC"
4206108,"SC"
4206207,"SC"
4206306,"SC"
4206405,"SC"
4206504,"SC"
4206603,"SC"
4206652,"SC"
4206702,"SC"
4206751,"SC"
4206801,"SC"
4206900,"SC"
4207007,"SC"
4207106,"SC"
4207205,"SC"
4207304,"SC"
4207403,"SC"
4207502,"SC"
4207577,"SC"
4207601,"SC"
4207650,"SC"
4207684,"SC"
4207700,"SC"
4207759,"SC"
4207809,"SC"
4207858,"SC"
4207908,"SC"
4208005,"SC"
4208104,"SC"
4208203,"SC"
4208302,"SC"
4208401,"SC"
4208450,"SC"
4208500,"SC"
4208609,"SC"
4208708,"SC"
4208807,"SC"
4208906,"SC"
4208955,"SC"
4209003,"SC"
4209102,"SC"
4209151,"SC"
4209177,"SC"
4209201,"SC"
4209300,"SC"
4209409,"SC"
4209458,"SC"
4209508,"SC"
4209607,"SC"
4209706,"SC"
4209805,"SC"
4209854,"SC"
4209904,"SC"
4210001,"SC"
4210035,"SC"
4210050,"SC"
4210100,"SC"
4210209,"SC"
4210308,"SC"
4210407,"SC"
4210506,"SC"
4210555,"SC"
4210605,"SC"
4210704,"SC"
4210803,"SC"
4210852,"SC"
4210902,"SC"
4211009,"SC"
4211058,"SC"
4211108,"SC"
4211207,"SC"
4211256,"SC"
4211306,"SC"
4211405,"SC"
4211454,"SC"
4211504,"SC"
4211603,"SC"
4211652,"SC"
4211702,"SC"
4211751,"SC"
4211801,"SC"
4211850,"SC"
4211876,"SC"
4211892,"SC"
4211900,"SC"
4212007,"SC"
4212056,"SC"
4212106,"SC"
4212205,"SC"
4212239,"SC"
4212254,"SC"
4212270,"SC"
4212304,"SC"
4212403,"SC"
4212502,"SC"
4212601,"SC"
4212650,"SC"
4212700,"SC"
4212809,"SC"
4212908,"SC"
4213005,"SC"
4213104,"SC"
4213153,"SC"
4213203,"SC"
4213302,"SC"
4213351,"SC"
4213401,"SC"
4213500,"SC"
4213609,"SC"
4213708,"SC"
4213807,"SC"
4213906,"SC"
4214003,"SC"
4214102,"SC"
4214151,"SC"
4214201,"SC"
4214300,"SC"
4214409,"SC"
4214508,"SC"
4214607,"SC"
4214706,"SC"
4214805,"SC"
4214904,"SC"
4215000,"SC"
4215059,"SC"
4215075,"SC"
4215109,"SC"
4215208,"SC"
4215307,"SC"
4215356,"SC"
4215406,"SC"
4215455,"SC"
4215505,"SC"
4215554,"SC"
4215604,"SC"
4215653,"SC"
4215679,"SC"
4215687,"SC"
4215695,"SC"
4215703,"SC"
4215752,"SC"
4215802,"SC"
4215901,"SC"
4216008,"SC"
4216057,"SC"
4216107,"SC"
4216206,"SC"
4216255,"SC"
4216305,"SC"
4216354,"SC"
4216404,"SC"
4216503,"SC"
4216602,"SC"
4216701,"SC"
4216800,"SC"
4216909,"SC"
4217006,"SC"
4217105,"SC"
4217154,"SC"
4217204,"SC"
4217253,"SC"
4217303,"SC"
4217402,"SC"
4217501,"SC"
4217550,"SC"
4217600,"SC"
4217709,"SC"
4217758,"SC"
4217808,"SC"
4217907,"SC"
4217956,"SC"
4218004,"SC"
4218103,"SC"
4218202,"SC"
4218251,"SC"
4218301,"SC"
4218350,"SC"
4218400,"SC"
4218509,"SC"
4218608,"SC"
4218707,"SC"
4218756,"SC"
4218806,"SC"
4218855,"SC"
4218905,"SC"
4218954,"SC"
4219002,"SC"
4219101,"SC"
4219150,"SC"
4219176,"SC"
4219200,"SC"
4219309,"SC"
4219358,"SC"
4219408,"SC"
4219507,"SC"
4219606,"SC"
4219705,"SC"
4219853,"SC"
4220000,"SC"
4300034,"RS"
4300059,"RS"
4300109,"RS"
4300208,"RS"
4300307,"RS"
4300406,"RS"
4300455,"RS"
4300471,"RS"
4300505,"RS"
4300554,"RS"
4300570,"RS"
4300604,"RS"
4300638,"RS"
4300646,"RS"
4300661,"RS"
4300703,"RS"
4300802,"RS"
4300851,"RS"
4300877,"RS"
4300901,"RS"
4301008,"RS"
4301057,"RS"
4301073,"RS"
4301107,"RS"
4301206,"RS"
4301305,"RS"
4301404,"RS"
4301503,"RS"
4301552,"RS"
4301602,"RS"
4301636,"RS"
4301651,"RS"
4301701,"RS"
4301750,"RS"
4301800,"RS"
4301859,"RS"
4301875,"RS"
4301909,"RS"
4301925,"RS"
4301958,"RS"
4302006,"RS"
4302055,"RS"
4302105,"RS"
4302154,"RS"
4302204,"RS"
4302220,"RS"
4302238,"RS"
4302253,"RS"
4302303,"RS"
4302352,"RS"
4302378,"RS"
4302402,"RS"
4302451,"RS"
4302501,"RS"
4302584,"RS"
4302600,"RS"
4302659,"RS"
4302709,"RS"
4302808,"RS"
4302907,"RS"
4303004,"RS"
4303103,"RS"
4303202,"RS"
4303301,"RS"
4303400,"RS"
4303509,"RS"
4303558,"RS"
4303608,"RS"
4303673,"RS"
4303707,"RS"
4303806,"RS"
4303905,"RS"
4304002,"RS"
4304101,"RS"
4304200,"RS"
4304309,"RS"
4304358,"RS"
4304408,"RS"
4304507,"RS"
4304606,"RS"
4304614,"RS"
4304622,"RS"
4304630,"RS"
4304655,"RS"
4304663,"RS"
4304671,"RS"
4304689,"RS"
4304697,"RS"
4304705,"RS"
4304713,"RS"
4304804,"RS"
4304853,"RS"
4304903,"RS"
4304952,"RS"
4305009,"RS"
4305108,"RS"
4305116,"RS"
4305124,"RS"
4305132,"RS"
4305157,"RS"
4305173,"RS"
4305207,"RS"
4305306,"RS"
4305355,"RS"
4305371,"RS"
4305405,"RS"
4305439,"RS"
4305447,"RS"
4305454,"RS"
4305504,"RS"
4305587,"RS"
4305603,"RS"
4305702,"RS"
4305801,"RS"
4305835,"RS"
4305850,"RS"
4305871,"RS"
4305900,"RS"
4305934,"RS"
4305959,"RS"
4305975,"RS"
4306007,"RS"
4306056,"RS"
4306072,"RS"
4306106,"RS"
4306130,"RS"
4306205,"RS"
4306304,"RS"
4306320,"RS"
4306353,"RS"
4306379,"RS"
4306403,"RS"
4306429,"RS"
4306452,"RS"
4306502,"RS"
4306551,"RS"
4306601,"RS"
4306700,"RS"
4306734,"RS"
4306759,"RS"
4306767,"RS"
4306809,"RS"
4306908,"RS"
4306924,"RS"
4306932,"RS"
4306957,"RS"
4306973,"RS"
4307005,"RS"
4307054,"RS"
4307104,"RS"
4307203,"RS"
4307302,"RS"
4307401,"RS"
4307450,"RS"
4307500,"RS"
4307559,"RS"
4307609,"RS"
4307708,"RS"
4307807,"RS"
4307815,"RS"
4307831,"RS"
4307864,"RS"
4307906,"RS"
4308003,"RS"
4308052,"RS"
4308078,"RS"
4308102,"RS"
4308201,"RS"
4308250,"RS"
4308300,"RS"
4308409,"RS"
4308433,"RS"
4308458,"RS"
4308508,"RS"
4308607,"RS"
4308656,"RS"
4308706,"RS"
4308805,"RS"
4308854,"RS"
4308904,"RS"
4309001,"RS"
4309050,"RS"
4309100,"RS"
4309126,"RS"
4309159,"RS"
4309209,"RS"
4309258,"RS"
4309308,"RS"
4309407,"RS"
4309506,"RS"
4309555,"RS"
4309571,"RS"
4309605,"RS"
4309654,"RS"
4309704,"RS"
4309753,"RS"
4309803,"RS"
4309902,"RS"
4309951,"RS"
4310009,"RS"
4310108,"RS"
4310207,"RS"
4310306,"RS"
4310330,"RS"
4310363,"RS"
4310405,"RS"
4310413,"RS"
4310439,"RS"
4310462,"RS"
4310504,"RS"
4310538,"RS"
4310553,"RS"
4310579,"RS"
4310603,"RS"
4310652,"RS"
4310702,"RS"
4310751,"RS"
4310801,"RS"
4310850,"RS"
4310876,"RS"
4310900,"RS"
4311007,"RS"
4311106,"RS"
4311122,"RS"
4311130,"RS"
4311155,"RS"
4311205,"RS"
4311239,"RS"
4311254,"RS"
4311270,"RS"
4311304,"RS"
4311403,"RS"
4311429,"RS"
4311502,"RS"
4311601,"RS"
4311627,"RS"
4311643,"RS"
4311700,"RS"
4311718,"RS"
4311734,"RS"
4311759,"RS"
4311775,"RS"
4311791,"RS"
4311809,"RS"
4311908,"RS"
4311981,"RS"
4312005,"RS"
4312054,"RS"
4312104,"RS"
4312138,"RS"
4312153,"RS"
4312179,"RS"
4312203,"RS"
4312252,"RS"
4312302,"RS"
4312351,"RS"
4312377,"RS"
4312385,"RS"
4312401,"RS"
4312427,"RS"
4312443,"RS"
4312450,"RS"
4312476,"RS"
4312500,"RS"
4312609,"RS"
4312617,"RS"
4312625,"RS"
4312658,"RS"
4312674,"RS"
4312708,"RS"
4312757,"RS"
4312807,"RS"
4312906,"RS"
4312955,"RS"
4313003,"RS"
4313011,"RS"
4313037,"RS"
4313060,"RS"
4313086,"RS"
4313102,"RS"
4313201,"RS"
4313300,"RS"
4313334,"RS"
4313359,"RS"
4313375,"RS"
4313391,"RS"
4313409,"RS"
4313425,"RS"
4313441,"RS"
4313466,"RS"
4313490,"RS"
4313508,"RS"
4313607,"RS"
4313656,"RS"
4313706,"RS"
4313805,"RS"
4313904,"RS"
4313953,"RS"
4314001,"RS"
4314027,"RS"
4314035,"RS"
4314050,"RS"
4314068,"RS"
4314076,"RS"
4314100,"RS"
4314134,"RS"
4314159,"RS"
4314175,"RS"
4314209,"RS"
4314308,"RS"
4314407,"RS"
4314423,"RS"
4314456,"RS"
4314464,"RS"
4314472,"RS"
4314498,"RS"
4314506,"RS"
4314548,"RS"
4314555,"RS"
4314605,"RS"
4314704,"RS"
4314753,"RS"
4314779,"RS"
4314787,"RS"
4314803,"RS"
4314902,"RS"
4315008,"RS"
4315057,"RS"
4315073,"RS"
4315107,"RS"
4315131,"RS"
4315149,"RS"
4315156,"RS"
4315172,"RS"
4315206,"RS"
4315305,"RS"
4315313,"RS"
4315321,"RS"
4315354,"RS"
4315404,"RS"
4315453,"RS"
4315503,"RS"
4315552,"RS"
4315602,"RS"
4315701,"RS"
4315750,"RS"
4315800,"RS"
4315909,"RS"
4315958,"RS"
4316006,"RS"
4316105,"RS"
4316204,"RS"
4316303,"RS"
4316402,"RS"
4316428,"RS"
4316436,"RS"
4316451,"RS"
4316477,"RS"
4316501,"RS"
4316600,"RS"
4316709,"RS"
4316733,"RS"
4316758,"RS"
4316808,"RS"
4316907,"RS"
4316956,"RS"
4316972,"RS"
4317004,"RS"
4317103,"RS"
4317202,"RS"
4317251,"RS"
4317301,"RS"
4317400,"RS"
4317509,"RS"
4317558,"RS"
4317608,"RS"
4317707,"RS"
4317756,"RS"
4317806,"RS"
4317905,"RS"
4317954,"RS"
4318002,"RS"
4318051,"RS"
4318101,"RS"
4318200,"RS"
4318309,"RS"
4318408,"RS"
4318424,"RS"
4318432,"RS"
4318440,"RS"
4318457,"RS"
4318465,"RS"
4318481,"RS"
4318499,"RS"
4318507,"RS"
4318606,"RS"
4318614,"RS"
4318622,"RS"
4318705,"RS"
4318804,"RS"
4318903,"RS"
4319000,"RS"
4319109,"RS"
4319125,"RS"
4319158,"RS"
4319208,"RS"
4319307,"RS"
4319356,"RS"
4319364,"RS"
4319372,"RS"
4319406,"RS"
4319505,"RS"
4319604,"RS"
4319703,"RS"
4319711,"RS"
4319737,"RS"
4319752,"RS"
4319802,"RS"
4319901,"RS"
4320008,"RS"
4320107,"RS"
4320206,"RS"
4320230,"RS"
4320263,"RS"
4320305,"RS"
4320321,"RS"
4320354,"RS"
4320404,"RS"
4320453,"RS"
4320503,"RS"
4320552,"RS"
4320578,"RS"
4320602,"RS"
4320651,"RS"
4320677,"RS"
4320701,"RS"
4320800,"RS"
4320859,"RS"
4320909,"RS"
4321006,"RS"
4321105,"RS"
4321204,"RS"
4321303,"RS"
4321329,"RS"
4321352,"RS"
4321402,"RS"
4321436,"RS"
4321451,"RS"
4321469,"RS"
4321477,"RS"
4321493,"RS"
4321501,"RS"
4321600,"RS"
4321626,"RS"
4321634,"RS"
4321667,"RS"
4321709,"RS"
4321808,"RS"
4321832,"RS"
4321857,"RS"
4321907,"RS"
4321956,"RS"
4322004,"RS"
4322103,"RS"
4322152,"RS"
4322186,"RS"
4322202,"RS"
4322251,"RS"
4322301,"RS"
4322327,"RS"
4322343,"RS"
4322350,"RS"
4322376,"RS"
4322400,"RS"
4322509,"RS"
4322525,"RS"
4322533,"RS"
4322541,"RS"
4322558,"RS"
4322608,"RS"
4322707,"RS"
4322806,"RS"
4322855,"RS"
4322905,"RS"
4323002,"RS"
4323101,"RS"
4323200,"RS"
4323309,"RS"
4323358,"RS"
4323408,"RS"
4323457,"RS"
4323507,"RS"
4323606,"RS"
4323705,"RS"
4323754,"RS"
4323770,"RS"
4323804,"RS"
5000203,"MS"
5000252,"MS"
5000609,"MS"
5000708,"MS"
5000807,"MS"
5000856,"MS"
5000906,"MS"
5001003,"MS"
5001102,"MS"
5001243,"MS"
5001508,"MS"
5001904,"MS"
5002001,"MS"
5002100,"MS"
5002159,"MS"
5002209,"MS"
5002308,"MS"
5002407,"MS"
5002605,"MS"
5002704,"MS"
5002803,"MS"
5002902,"MS"
5002951,"MS"
5003108,"MS"
5003157,"MS"
5003207,"MS"
5003256,"MS"
5003306,"MS"
5003454,"MS"
5003488,"MS"
5003504,"MS"
5003702,"MS"
5003751,"MS"
5003801,"MS"
5003900,"MS"
5004007,"MS"
5004106,"MS"
5004304,"MS"
5004403,"MS"
5004502,"MS"
5004601,"MS"
5004700,"MS"
5004809,"MS"
5004908,"MS"
5005004,"MS"
5005103,"MS"
5005152,"MS"
5005202,"MS"
5005251,"MS"
5005400,"MS"
5005608,"MS"
5005681,"MS"
5005707,"MS"
5005806,"MS"
5006002,"MS"
5006200,"MS"
5006259,"MS"
5006275,"MS"
5006309,"MS"
5006358,"MS"
5006408,"MS"
5006606,"MS"
5006903,"MS"
5007109,"MS"
5007208,"MS"
5007307,"MS"
5007406,"MS"
5007505,"MS"
5007554,"MS"
5007695,"MS"
5007703,"MS"
5007802,"MS"
5007901,"MS"
5007935,"MS"
5007950,"MS"
5007976,"MS"
5008008,"MS"
5008305,"MS"
5008404,"MS"
5100102,"MT"
5100201,"MT"
5100250,"MT"
5100300,"MT"
5100359,"MT"
5100409,"MT"
5100508,"MT"
5100607,"MT"
5100805,"MT"
5101001,"MT"
5101209,"MT"
5101258,"MT"
5101308,"MT"
5101407,"MT"
5101605,"MT"
5101704,"MT"
5101803,"MT"
5101852,"MT"
5101902,"MT"
5102504,"MT"
5102603,"MT"
5102637,"MT"
5102678,"MT"
5102686,"MT"
5102694,"MT"
5102702,"MT"
5102793,"MT"
5102850,"MT"
5103007,"MT"
5103056,"MT"
5103106,"MT"
5103205,"MT"
5103254,"MT"
5103304,"MT"
5103353,"MT"
5103361,"MT"
5103379,"MT"
5103403,"MT"
5103437,"MT"
5103452,"MT"
5103502,"MT"
5103601,"MT"
5103700,"MT"
5103809,"MT"
5103858,"MT"
5103908,"MT"
5103957,"MT"
5104104,"MT"
5104203,"MT"
5104500,"MT"
5104526,"MT"
5104542,"MT"
5104559,"MT"
5104609,"MT"
5104807,"MT"
5104906,"MT"
5105002,"MT"
5105101,"MT"
5105150,"MT"
5105176,"MT"
5105200,"MT"
5105234,"MT"
5105259,"MT"
5105309,"MT"
5105507,"MT"
5105580,"MT"
5105606,"MT"
5105622,"MT"
5105903,"MT"
5106000,"MT"
5106109,"MT"
5106158,"MT"
5106174,"MT"
5106182,"MT"
5106190,"MT"
5106208,"MT"
5106216,"MT"
5106224,"MT"
5106232,"MT"
5106240,"MT"
5106257,"MT"
5106265,"MT"
5106273,"MT"
5106281,"MT"
5106299,"MT"
5106307,"MT"
5106315,"MT"
5106372,"MT"
5106422,"MT"
5106455,"MT"
5106505,"MT"
5106653,"MT"
5106703,"MT"
5106752,"MT"
5106778,"MT"
5106802,"MT"
5106828,"MT"
5106851,"MT"
5107008,"MT"
5107040,"MT"
5107065,"MT"
5107107,"MT"
5107156,"MT"
5107180,"MT"
5107198,"MT"
5107206,"MT"
5107248,"MT"
5107263,"MT"
5107297,"MT"
5107305,"MT"
5107354,"MT"
5107404,"MT"
5107578,"MT"
5107602,"MT"
5107701,"MT"
5107743,"MT"
5107750,"MT"
5107768,"MT"
5107776,"MT"
5107792,"MT"
5107800,"MT"
5107859,"MT"
5107875,"MT"
5107883,"MT"
5107909,"MT"
5107925,"MT"
5107941,"MT"
5107958,"MT"
5108006,"MT"
5108055,"MT"
5108105,"MT"
5108204,"MT"
5108303,"MT"
5108352,"MT"
5108402,"MT"
5108501,"MT"
5108600,"MT"
5108808,"MT"
5108857,"MT"
5108907,"MT"
5108956,"MT"
5200050,"GO"
5200100,"GO"
5200134,"GO"
5200159,"GO"
5200175,"GO"
5200209,"GO"
5200258,"GO"
5200308,"GO"
5200506,"GO"
5200555,"GO"
5200605,"GO"
5200803,"GO"
5200829,"GO"
5200852,"GO"
5200902,"GO"
5201108,"GO"
5201207,"GO"
5201306,"GO"
5201405,"GO"
5201454,"GO"
5201504,"GO"
5201603,"GO"
5201702,"GO"
5201801,"GO"
5202155,"GO"
5202353,"GO"
5202502,"GO"
5202601,"GO"
5202809,"GO"
5203104,"GO"
5203203,"GO"
5203302,"GO"
5203401,"GO"
5203500,"GO"
5203559,"GO"
5203575,"GO"
5203609,"GO"
5203807,"GO"
5203906,"GO"
5203939,"GO"
5203962,"GO"
5204003,"GO"
5204102,"GO"
5204201,"GO"
5204250,"GO"
5204300,"GO"
5204409,"GO"
5204508,"GO"
5204557,"GO"
5204607,"GO"
5204656,"GO"
5204706,"GO"
5204805,"GO"
5204854,"GO"
5204904,"GO"
5204953,"GO"
5205000,"GO"
5205059,"GO"
5205109,"GO"
5205208,"GO"
5205307,"GO"
5205406,"GO"
5205455,"GO"
5205471,"GO"
5205497,"GO"
5205513,"GO"
5205521,"GO"
5205703,"GO"
5205802,"GO"
5205901,"GO"
5206206,"GO"
5206305,"GO"
5206404,"GO"
5206503,"GO"
5206602,"GO"
5206701,"GO"
5206800,"GO"
5206909,"GO"
5207105,"GO"
5207253,"GO"
5207352,"GO"
5207402,"GO"
5207501,"GO"
5207535,"GO"
5207600,"GO"
5207808,"GO"
5207907,"GO"
5208004,"GO"
5208103,"GO"
5208152,"GO"
5208301,"GO"
5208400,"GO"
5208509,"GO"
5208608,"GO"
5208707,"GO"
5208806,"GO"
5208905,"GO"
5209101,"GO"
5209150,"GO"
5209200,"GO"
5209291,"GO"
5209408,"GO"
5209457,"GO"
5209606,"GO"
5209705,"GO"
5209804,"GO"
5209903,"GO"
5209937,"GO"
5209952,"GO"
5210000,"GO"
5210109,"GO"
5210158,"GO"
5210208,"GO"
5210307,"GO"
5210406,"GO"
5210562,"GO"
5210604,"GO"
5210802,"GO"
5210901,"GO"
5211008,"GO"
5211206,"GO"
5211305,"GO"
5211404,"GO"
5211503,"GO"
5211602,"GO"
5211701,"GO"
5211800,"GO"
5211909,"GO"
5212006,"GO"
5212055,"GO"
5212105,"GO"
5212204,"GO"
5212253,"GO"
5212303,"GO"
5212501,"GO"
5212600,"GO"
5212709,"GO"
5212808,"GO"
5212907,"GO"
5212956,"GO"
5213004,"GO"
5213053,"GO"
5213087,"GO"
5213103,"GO"
5213400,"GO"
5213509,"GO"
5213707,"GO"
5213756,"GO"
5213772,"GO"
5213806,"GO"
5213855,"GO"
5213905,"GO"
5214002,"GO"
5214051,"GO"
5214101,"GO"
5214408,"GO"
5214507,"GO"
5214606,"GO"
5214705,"GO"
5214804,"GO"
5214838,"GO"
5214861,"GO"
5214879,"GO"
5214903,"GO"
5215009,"GO"
5215207,"GO"
5215231,"GO"
5215256,"GO"
5215306,"GO"
5215405,"GO"
5215504,"GO"
5215603,"GO"
5215652,"GO"
5215702,"GO"
5215801,"GO"
5215900,"GO"
5216007,"GO"
5216304,"GO"
5216403,"GO"
5216452,"GO"
5216809,"GO"
5216908,"GO"
5217104,"GO"
5217203,"GO"
5217302,"GO"
5217401,"GO"
5217609,"GO"
5217708,"GO"
5218003,"GO"
5218052,"GO"
5218102,"GO"
5218300,"GO"
5218391,"GO"
5218508,"GO"
5218607,"GO"
5218706,"GO"
5218789,"GO"
5218805,"GO"
5218904,"GO"
5219001,"GO"
5219100,"GO"
5219209,"GO"
5219258,"GO"
5219308,"GO"
5219357,"GO"
5219407,"GO"
5219456,"GO"
5219506,"GO"
5219605,"GO"
5219704,"GO"
5219712,"GO"
5219738,"GO"
5219753,"GO"
5219803,"GO"
5219902,"GO"
5220009,"GO"
5220058,"GO"
5220108,"GO"
5220157,"GO"
5220207,"GO"
5220264,"GO"
5220280,"GO"
5220405,"GO"
5220454,"GO"
5220504,"GO"
5220603,"GO"
5220686,"GO"
5220702,"GO"
5221007,"GO"
5221080,"GO"
5221197,"GO"
5221304,"GO"
5221403,"GO"
5221452,"GO"
5221502,"GO"
5221551,"GO"
5221577,"GO"
5221601,"GO"
5221700,"GO"
5221809,"GO"
5221858,"GO"
5221908,"GO"
5222005,"GO"
5222054,"GO"
5222203,"GO"
5222302,"GO"
5300108,"DF"
