"city_code","area.urban"
1700251,1.186
1700301,3.678
1700350,4.443
1700400,4.602
1700707,5.055
1701002,3.378
1701051,1.391
1701101,2.507
1701309,0.993
1701903,4.05
1702000,6.086
1702109,80.215
1702158,1.433
1702208,11.228
1702307,3.655
1702406,4.557
1702554,7.035
1702703,1.081
1702901,1.956
1703008,1.885
1703057,1.432
1703073,1.694
1703107,2.061
1703206,2.491
1703305,1.372
1703602,0.794
1703701,4.717
1703800,3.178
1703826,1.02
1703842,2.517
1703867,2.196
1703883,0.955
1703891,0.871
1703909,1.721
1704105,0.918
1704600,1.602
1705102,1.488
1705508,17.503
1705557,2.233
1705607,1.547
1706001,1.678
1706100,4.566
1706258,0.603
1706506,2.083
1707009,6.143
1707108,2.712
1707207,1.53
4302055,0.257
1707306,2.656
1707405,1.479
1707553,2.229
1707652,3.082
1707702,2.837
1708205,8.226
1708254,2.188
1708304,1.663
1709005,2.874
1709302,12.545
1712454,1.03
1712504,1.37
1712702,0.971
3512100,1.739
1709500,43.213
1709807,0.796
1710508,1.449
1710706,1.705
1710904,1.498
1711100,1.125
1711506,0.712
1711803,0.753
1711902,3.368
1711951,1.194
1712009,2.234
1712157,0.442
1712405,2.021
3525805,1.24
1712801,0.935
1713205,11.91
1713304,6.307
1713601,2.77
1713700,0.419
1713809,2.479
1713957,1.245
1714203,4.185
1714302,1.249
1714880,4.658
1715002,1.529
1715101,1.989
1715150,0.841
1715259,1.345
1715507,0.684
1715705,1.237
1715754,4.019
1716109,24.146
1716208,2.419
1716307,1.571
1716505,9.038
1716604,3.765
1716653,1.335
1716703,3.582
1717008,1.588
1717206,0.504
1717503,2.508
1717800,2.205
1717909,3.584
1718006,1.357
1718204,65.616
1718303,1.363
1718402,2.185
1718451,1.188
1718501,1.044
1718550,0.757
1718659,1.314
1718709,0.777
1718758,1.484
1718808,1.366
1718840,1.379
1718865,2.471
1718881,1.075
1718899,1.105
1718907,3.155
1719004,0.801
1101492,7.411
1720002,0.974
1720101,2.113
1720150,1.505
1720200,0.982
1720259,1.357
1720309,1.069
1720499,2.812
1720655,2.564
1720804,1.694
1720853,0.651
1720903,7.501
1720937,1.084
1720978,1.828
2800704,0.569
2801009,3.086
2801108,0.383
2602506,0.728
1721000,144.43
1721109,2.638
1721208,8.136
1721257,1.549
1721307,0.81
1722081,3.359
1722107,3.693
2800100,0.352
2800209,3.131
2801207,3.041
2800308,115.108
2800407,1.52
2800506,2.676
2800605,3.119
2800670,8.568
2509503,0.659
2801306,6.853
2801405,2.924
2801504,3.737
2801603,0.815
2801702,3.378
2801900,0.662
2802007,0.505
2802908,17.867
2802106,18.264
2802205,1.073
2802304,2.783
2802403,0.533
2802502,0.551
2802601,0.866
2802700,0.77
2802809,0.786
2803005,6.447
2803104,1.062
2803203,4.245
2803302,1.415
2803401,0.719
2803500,13.63
2803609,4.769
2803708,0.984
2803807,0.247
2803906,1.198
2804003,1.587
2804102,1.04
2804201,1.411
2804300,0.979
2804409,1.923
2804458,1.878
2804508,8.582
3502002,3.701
2804607,9.341
2804706,0.88
2804805,41.848
2804904,0.483
2805000,0.326
2805109,1.647
2805208,0.727
2805307,1.1
2805406,2.606
2805505,3.015
2805604,1.586
5000856,9.067
2805703,4.507
2805802,1.087
2805901,0.969
2806008,4.949
2806107,1.723
2806206,2.326
2806305,0.499
2806404,0.578
2806503,0.474
2806602,1.469
2806701,15.15
2806800,2.739
2806909,0.53
2807006,0.663
2807105,6.093
2807204,0.838
2807303,0.283
2807402,6.556
2807501,1.856
2807600,4.246
3500105,11.768
3500204,1.665
3500303,9.087
3500402,5.825
3500501,17.819
3508900,1.437
3500550,24.181
3500600,3.252
3500709,14.475
3500758,7.008
3500808,1.641
3500907,0.729
3501004,4.481
3501103,1.87
3502101,31.083
3521507,1.687
3501152,9.785
3501202,1.162
3501301,10.437
3501400,0.807
3501509,0.577
3502200,7.659
3521606,1.84
3501608,79.744
3501707,8.569
3501806,2.535
3501905,36.113
3534203,1.193
3502309,2.324
3502408,0.799
3502507,10.737
3502606,1.122
3502705,10.541
3502754,20.074
3507753,0.872
3502804,67.787
3502903,31.867
3503000,1.921
3507803,9.573
3503109,8.66
3503158,0.881
3503406,10.71
3503505,0.887
3503604,2.308
3503703,2.005
1101500,3.5
3503208,80.845
3503307,34.094
3503356,0.318
3503802,15
3503901,40.474
3503950,0.7
3504008,33.609
3505203,12.237
5107768,1.65
3504107,120.231
3504206,6.116
3504305,1.664
3504404,3.215
3504503,40.125
3504602,8.546
3504701,0.634
3504800,3.444
3504909,3.593
3505005,0.911
3505104,2.146
3505302,10.371
3505351,0.811
3505401,1.538
3505500,55.026
3505609,6.99
3506805,5.529
3507902,13.79
3505708,54.71
3505807,7.858
3505906,23.095
3506904,10.705
3506003,136.837
3506102,25.255
3506201,0.811
3506300,2.998
3507308,1.419
3506359,58.823
3506409,2.984
3506508,35.719
3506607,13.152
3506706,2.977
3553658,0.763
3507001,36.453
3507100,9.726
3507159,0.721
3507209,0.317
3507407,4.928
3507456,1.023
3507506,87.9
3507605,86.664
3507704,1.473
3508009,6.995
3508108,8.38
3508207,1.284
3508306,1.583
3508504,41.786
3508405,22.979
3508603,7.795
3508702,4.35
3508801,4.706
3509007,20.753
3509106,0.851
3509205,39.792
3509254,16.976
3509304,2.907
3509403,6.951
3509452,2.587
3509502,355.757
3509601,47.073
3534906,3.597
3509700,34.739
3509809,1.143
3509908,6.148
3509957,4.033
3510005,9.351
3510104,0.881
3510153,0.882
3510203,14.274
3535002,3.106
3510302,9.813
3510401,20.193
3510807,13.618
3510906,1.064
3513207,4.563
3510500,51.825
3510609,34.468
3510708,6.744
3511904,2.463
3511003,7.601
3511102,42.295
3511201,2.079
3511300,5.099
3511409,5.107
3512001,8.98
3511508,13.118
3511607,7.374
3511706,8.141
3512209,6.514
3512308,6.733
3512407,13.739
3512506,1.89
3512605,0.95
3512704,1.382
3513306,0.65
3515400,3.583
3512803,18.227
3512902,2.267
3513009,87.159
3513108,12.106
3535101,1.507
3513405,15.779
3513504,43.097
3513603,5.763
3513702,11.272
3514957,0.41
3513801,27.827
3513850,0.411
3513900,2.274
3514007,2.062
3514106,13.193
3514205,0.719
3514304,2.662
3540101,1.328
3514403,14.082
3514502,4.186
3514601,3.297
3514700,1.529
3514809,2.274
3514908,5.377
3514924,0.948
3515004,35.666
3515152,2.649
3515186,12.189
3515194,0.847
3515202,3.114
3515301,0.859
3515103,27.269
3515129,0.938
3515350,1.887
3515509,27.201
3515608,1.835
3515657,0.353
3515707,16.59
3515806,0.486
3515905,0.923
3516002,3.338
3516101,1.495
3517000,2.452
3517109,3.251
3516200,80.228
3516309,26.15
3517208,4.851
3517307,1.207
3554755,0.589
3516408,38.023
3516507,0.68
3516606,1.593
3516705,11.306
3516804,0.822
3516853,1.166
3516903,4.044
3517406,12.507
3517505,5.26
3517604,2.004
3517703,5.634
3517802,2.362
3517901,4.042
3518008,0.599
3518107,1.996
3518206,9.836
3518305,23.07
3518404,45.199
3518503,2.002
3518602,8.632
3518701,51.196
3519055,7.203
3518800,192.882
3518859,1.559
3518909,1.054
3519006,3.817
3519501,1.879
3521309,3.983
3519071,53.184
3519105,3.492
3519204,1.239
3519253,1.598
3519303,8.467
3519402,4.931
3555505,0.9
3519600,20.19
3519709,37.559
3519808,2.281
3519907,2.616
3520004,4.595
3520103,8.743
3520426,23.321
4315073,0.421
3520202,7.058
3520301,7.917
3520442,10.958
3521408,5.707
3520400,15.23
3521101,4.11
3521150,1.141
3521200,0.704
3520509,104.062
3520608,1.196
3520707,2.049
3520806,1.071
3520905,4.187
3521002,9.487
3521705,3.645
3521804,18.949
3521903,3.878
3522000,0.858
3525854,1.187
3529302,29.035
3522109,65.728
3522158,1.305
3522208,33.059
3526100,4.07
3522307,60.797
3522406,22.962
3522505,37.498
3527702,1.301
3522604,21.915
3522653,0.494
3522703,11.963
3522802,3.838
3522901,5.228
3523008,1.703
3523107,71.064
3523206,12.884
3523305,5.566
3527801,0.818
3527900,0.917
4319307,1.899
3523404,59.088
3523503,4.473
3528007,5.615
3523602,8.028
3523701,1.193
3523800,1.877
3524402,88.328
3524501,2.486
3524600,3.786
3523909,89.158
3525003,15.507
3524006,59.592
3524105,11.432
3524204,1.522
3524303,26.717
3524709,31.953
3524808,17.857
3524907,1.01
3528106,2.29
3528205,1.03
3525102,13.835
3525300,41.988
3525409,1.014
3525508,5.364
3525607,1.141
3528304,0.776
2205516,0.97
3525201,23.677
3525706,10.704
3525904,157.714
3526001,4.881
3531407,6.928
3526209,6.661
3526308,0.88
3526407,11.963
3526506,1.676
3526605,1.785
3526704,28.839
3532058,0.982
3532108,1.153
3526803,19.781
3526902,100.193
3527009,5.19
3532157,0.564
2205524,1.133
3527108,26.876
3527207,23.489
3527256,0.572
3527306,24.923
3527405,5.736
3527504,0.989
3527603,3.614
3528403,41.824
3528502,61.357
3528601,2.553
3528700,0.692
3528809,3.834
3528858,1.077
3528908,0.979
3532207,1.151
1101559,0.973
3529005,104.016
3529104,0.52
3529203,12.887
3532306,1.071
3529401,51.029
3529500,1.552
3529609,1.308
3529658,0.554
3529708,5.744
3529807,3.379
3533106,0.744
3533205,1.004
3529906,4.352
3530003,1.551
3530102,8.889
3530201,3.109
3530300,25.899
3530409,1.465
3533254,0.666
3533304,0.651
3530508,25.099
3530607,129.54
3530706,43.561
3531209,4.152
3534005,1.093
3530805,35.705
3530904,1.202
3531001,0.882
3531100,21.615
3531308,17.127
3534104,2.344
3531506,6.045
3531605,1.26
3531704,0.73
3531803,31.571
3531902,8.335
3532009,4.196
3532405,5.232
3532504,3.56
3532603,3.034
3532702,1.636
3532801,2.532
3532827,1.896
3532843,0.492
3532868,0.441
3532900,2.038
3533007,5.068
3533403,20.216
3533502,9.71
3533601,2.819
3533700,1.511
3533809,0.924
3533908,20.251
3534302,10.617
3534401,62.926
3534500,0.728
3534609,8.742
3534708,42.346
3534757,3.595
3534807,2.488
3535200,2.389
3535309,5.902
3535408,10.2
3535507,12.379
3535606,2.609
3535705,1.155
3535804,29.448
3535903,1.669
3536000,3.272
3536109,12.386
3536208,6.699
3536257,0.838
3536307,4.539
3536406,6.745
3536505,77.388
3536570,0.546
3536604,2.213
3536703,17.761
3536802,1.68
3536901,1.653
3537008,3.844
3537107,18.989
5104542,5.975
3537156,1.796
3537206,8.029
3537305,21.204
3537404,9.386
3537503,2.228
3537602,46.619
3537701,1.83
3537800,8.66
3537909,14.01
3538006,66.365
3538105,5.411
3538501,3.74
3540200,5.984
3538204,9.741
3538303,0.807
3540259,0.989
3540309,1.017
3538600,15.959
3538808,11.353
3540408,1.051
1101609,1.605
3538709,168.824
3539707,0.789
3539806,15.696
3538907,8.465
3539004,3.001
3539103,7.516
3539202,6.877
3539905,1.827
3540002,8.039
5206909,0.667
3539301,34.767
3539400,9.146
3539509,9.189
3539608,1.373
3540507,11.451
3540606,25.318
3541059,0.914
2203230,1.111
3540705,21.985
3540754,2.723
3540804,4.737
3540853,0.612
3540903,4.793
3541000,45.98
3542305,1.54
3541109,1.269
3541208,4.282
3541307,28.02
3541406,101.05
3541505,17.522
3555604,3.766
3541604,8.456
3541653,2.103
3541703,5.198
3541802,2.062
3541901,3.122
3542008,2.342
3542107,3.135
3542206,10.457
3542404,8.891
3542503,1.911
3542602,36.624
3542701,1.431
3542800,0.283
3542909,4.43
3555703,0.46
2208205,1.061
3543006,3.253
3543105,0.961
3543204,1.054
3543238,0.628
3543253,1.148
3543303,46.809
3544004,8.356
3543402,226.355
3543501,1.731
3543600,3.116
3543709,2.473
3543808,2.486
3543907,64.318
2210052,0.977
3544103,8.451
3544202,2.12
3544251,7.718
3544301,4.517
3544400,0.976
3544509,3.468
3544608,2.424
3544707,0.803
3544806,4.332
3544905,6.179
3545001,4.201
3545100,1.177
3545159,4.151
3545209,46.402
3545308,13.411
3547106,2.372
3545407,6.001
3545506,0.87
3545605,4.715
3545704,1.644
3545803,52.051
3546009,3.495
3546108,0.631
3547205,0.503
3547304,65.786
3546207,2.473
3546256,0.47
3546306,7.847
3546405,15.348
3546504,1.399
3546603,13.869
3546702,9.188
3547403,0.816
2210102,0.821
3546801,27.02
3546900,1.559
3547007,1.772
3555802,2.442
3547502,11.854
3547601,6.281
3547650,0.525
3547700,6.838
3547809,78.236
3547908,1.99
3548005,7.282
3548054,4.15
3548104,1.539
3548203,3.012
3548302,1.067
3548401,1.09
3552007,1.572
3548500,51.751
3548609,4.023
3549409,14.557
3549508,1.525
3549607,1.052
3548708,98.404
3548807,15.335
3550001,3.505
3551702,47.598
3548906,79.971
3549003,0.859
3549102,41.486
3549201,0.556
3549250,0.621
3549300,0.799
3550704,41.49
3553104,1.3
3549706,18.148
3549904,258.255
3550803,2.725
3553203,1.964
3549805,169.415
3549953,6.137
3555901,0.548
3550100,15.64
3550209,8.743
3550308,949.611
3550407,27.831
3550506,1.523
3550902,6.461
3551801,2.475
3551900,2.649
3550605,48.645
3551009,32.316
3551108,6.681
3551207,1.027
3551306,0.994
3551405,3.991
3551504,7.025
3551603,26.035
2210201,0.892
3552106,20.966
3552205,205.593
3553302,12.219
3552304,2.961
3552403,71.393
3553401,12.442
3553500,3.456
3553609,3.929
3552502,78.888
3552551,1.101
3552601,3.862
3552700,3.837
3552809,19.312
3552908,2.079
3553005,2.074
3553708,21.617
3553807,6.054
3553856,1.488
3553906,2.342
3553955,4.081
3554003,53.252
3557204,3.629
3554102,103.079
3554201,1.018
3554300,6.124
3554409,2.067
3554508,26.484
3554607,0.917
3554656,1.147
3554706,3.466
2210953,0.624
3554805,14.687
3554904,2.539
3554953,2.822
3555000,31.161
3555109,5.092
3555208,0.732
3555307,0.509
3555356,1.325
3555406,44.513
3556008,4.403
3556107,4.592
3556206,62.53
3556305,6.362
3556354,2.927
4201802,0.924
3556404,12.512
3556453,32.241
3556503,29.6
3556602,4.469
3557105,32.827
2210979,0.612
3556701,53.692
3556800,5.115
3556909,1.298
3556958,0.529
3557006,26.601
3557154,1.037
1101708,4.088
3557303,3.823
4200051,1.578
4200101,7.288
4200200,8.694
4200309,2.136
4200408,1.811
4200507,1.781
4200556,0.912
4200606,2.248
4200705,1.742
4200754,0.53
4200804,1.604
4200903,1.492
4201000,2.614
4201109,0.68
4201208,4.607
4201257,4.182
4201273,1.445
4201307,21.893
4201406,25.748
4201505,4.904
4201604,2.029
4201653,0.674
4201703,8.055
5207105,0.829
4201901,2.361
4201950,10.765
4202008,20.578
4202131,1.279
4202156,0.784
4202057,10.342
4202073,12.402
4202081,1.586
4202099,0.336
4202107,20.434
4203956,10.291
4202206,10.027
4202453,13.544
4202503,1.074
4202537,0.819
4202578,0.706
4202305,22.419
4202404,178.127
4202438,1.029
4202602,3.439
5218102,2.244
4202701,1.488
4202800,13.952
4202859,1.946
4202875,0.499
4202909,75.861
4203006,32.68
4203105,1.881
4203154,0.932
4203204,16.864
4203253,0.912
4203303,4.668
4203402,2.005
4203501,4.507
4204004,4.064
4203600,14.504
4203709,8.717
4203808,27.977
4203907,9.412
4204103,1.303
4204152,1.051
4204178,0.67
4204194,0.649
4204202,49.745
4204251,7.673
4204301,33.932
4204350,1.666
4204400,3.843
4204459,0.605
4204509,9.836
4204558,5.176
4204608,114.787
4209854,1.146
4204707,3.584
4204756,0.583
4204806,17.293
4204905,3.27
4205001,5.563
4205100,3.176
1101757,3.261
4205159,2.029
4205175,0.609
4205191,0.405
4205209,2.378
4205308,3.228
4205357,0.335
4205407,153.009
4205431,0.671
4206702,4.44
4206751,0.54
4205456,11.809
4205506,9.42
4205555,0.676
4205605,1.858
4206801,0.843
4205704,15.007
4205803,5.979
4206306,16.728
4205902,27.742
4206405,2.749
4206009,8.559
4206108,1.78
4206207,5.357
4207684,1.543
4206504,16.875
4206603,1.771
4206652,1.201
4207700,1.642
4206900,9.055
4207007,37.391
4207759,0.914
4207106,5.044
4207205,2.541
4207304,29.854
4207403,2.004
4207502,30.165
4207577,0.841
4207601,1.84
4207650,3.972
4207809,2.833
4207858,0.533
4207908,2.05
4208005,2.263
4208104,13.368
4208203,58.462
4210308,2.531
4208302,14.433
4208401,3.283
4208450,24.54
4209508,5.379
4208500,12.165
4208609,1.095
4208708,4.507
4208807,30.933
4210407,3.228
1400159,7.774
4208906,83.435
4208955,0.539
1400175,1.072
4209003,11.624
4209300,68.186
4209607,6.845
1400209,7.117
4209102,176.765
4209151,3.277
4209177,1.835
4209201,0.501
4209409,23.801
4209458,0.449
4209706,2.857
4209805,0.688
4209904,4.174
4210001,3.812
4210035,1.595
4210050,0.34
4210100,26.321
4210209,1.232
4210506,8.855
4210555,0.518
4210605,9.39
4210704,0.928
4210803,3.201
4210852,1.333
4210902,1.907
4211009,3.244
4211058,2.224
4211108,4.092
4211207,13.171
4211256,0.365
4211306,21.251
4211405,2.1
4211454,1.066
4212205,6.779
4211504,9.07
4211603,6.84
4211652,0.808
4212239,1.135
4212254,8.562
4212270,0.844
4211702,13.82
4211751,8.289
4211801,3.444
4211850,1.214
4211876,0.561
4211892,0.567
1400233,2.898
4211900,66.224
4212007,2.517
4212056,0.944
4212106,5.991
1400282,1.926
2500908,1.878
4212304,5.419
4212403,1.614
4212502,18.748
4212601,0.999
4212700,1.538
4212809,13.34
4212908,7.133
4213005,1.416
4213104,2.277
4213153,0.9
4213500,7.943
4213203,48.981
4213302,3.336
4213351,1.822
4213401,4.035
4213609,13.891
4213708,6.328
4213807,2.961
4213906,0.35
4214003,8.304
4214102,1.064
4214151,0.806
4214201,4.146
2200277,1.372
4214300,4.02
4214409,1.71
4214508,1.916
4214607,2.269
4214706,7.273
1400308,5.858
4214805,42.02
4214904,1.719
4215109,10.24
4215000,19.553
4215059,0.701
4215075,2.324
1400407,3.252
4215208,1.562
4215307,4.142
4215356,1.182
4215406,2.075
4215455,10.227
4215505,6.758
4215554,0.602
4215604,0.491
4215653,3.665
4215679,2.056
4215687,0.433
4215695,0.457
4215703,19.872
4215752,0.694
4216107,4.153
4216701,6.31
4216800,1.184
4215802,56.216
4215901,0.527
4216008,4.991
4216057,2.945
4216206,41.435
4216255,2.359
4216305,17.199
4216354,1.658
4216404,1.647
4216503,11.092
4216602,56.868
1400456,3.532
4216909,10.841
4217006,6.922
4217105,1.673
4217154,0.489
4217204,19.045
4217253,3.359
4217303,3.183
4217808,7.996
4217402,17.345
4217501,5.955
4217550,1.405
4217600,6.898
4217709,10.732
4217758,0.944
2501005,2.111
4217907,2.422
4217956,0.526
4218004,18.304
4218103,1.478
4218202,34.716
4218251,1.964
4218954,1.08
4218301,9.595
4218350,1.318
4218400,3.506
4218509,4.462
4218608,6.129
4219002,9.536
4218707,46.904
4218756,1.102
4218806,7.762
4218855,1.096
4218905,4.734
4219101,1.526
4219150,0.914
4219176,1.016
4219200,1.436
4219309,24.747
4219358,2.055
4219408,1.416
1100080,6.109
4219507,16.818
4219606,1.135
4219705,10.34
4219853,1.227
1400027,1.178
1400050,2.546
1400100,132.98
1100403,12.21
1400472,10.397
1400506,3.756
1400605,5.003
1400704,0.77
1100015,9.774
1100023,34.879
1100031,1.848
1100049,29.965
1100056,8.014
1100064,11.652
1100072,1.411
1100098,12.97
1100106,18.641
1100114,19.273
1100122,61.856
1100130,13.633
1100148,6.11
1100155,11.956
2514453,1.159
1100189,21.388
1100205,139.722
1100452,10.624
1100254,8.289
1100262,0.749
1100288,24.621
1100296,4.309
1100304,56.612
1100320,6.295
1100338,13.552
1100346,6.608
1100379,4.34
1100502,1.355
1100601,1.479
1100700,1.674
1100809,8.586
1100908,0.769
1100924,2.653
1100940,11.742
1101005,1.889
1101104,4.01
1101203,1.254
1101302,3.27
1101401,3.528
1101435,0.644
1101450,1.081
1101468,1.127
1101476,1.237
1101484,0.949
1101807,1.532
4300034,1.005
4300059,1.98
4300109,4.071
4300208,2.096
4300307,1.9
4300406,27.088
4300455,2.081
4300471,1.656
4300505,1.541
4300554,1.457
4300570,1.758
4300604,36.429
4300638,1.605
4300646,2.227
4300661,0.526
4300703,1.387
4300802,5.919
4300851,4.858
4300877,4.864
4300901,2.944
4301008,10.75
4301057,20.711
4301958,1.333
4301073,0.83
4301107,11.599
4301206,4.707
4301305,8.21
4301404,4.404
4301503,1.958
4301552,1.263
4301602,42.034
1507102,2.255
4301636,15.411
4301651,5.351
4301701,3.647
4301750,0.82
4301800,2.405
4301859,0.737
4301875,1.056
4301909,4.832
4301925,0.392
4302006,2.107
4302105,55.191
4302154,1.222
4302204,2.895
4302220,0.447
4302238,0.519
4302253,0.5
4302303,6.982
4302352,10.648
4302378,0.955
4302402,5.111
4302451,1.157
4302501,2.214
4302584,1.12
4302600,1.53
1507755,1.245
4302659,3.226
4302709,10.181
4302808,12.167
4302907,7.192
4303004,46.51
4313003,1.286
4303103,29.721
4303202,1.364
4303301,2.106
4303400,1.362
4303509,19.362
4303558,1.263
4304606,85.467
4303608,2.607
4303673,1.055
4303707,1.935
4303806,2.946
4303905,22.427
4304002,2.619
4304101,1.951
4304614,0.44
4304622,0.931
4304200,10.562
4304309,0.896
4304358,3.996
4304408,19.22
4304507,8.394
4306056,2.492
4304630,24.92
4304655,1.383
4304663,14.012
4304671,3.334
4304689,4.363
4304697,1.091
4304705,42.374
4304713,2.706
4304804,10.283
4304853,0.329
4304903,3.982
4304952,1.401
4305009,4.141
4306072,1.253
4313011,0.671
4305108,178.282
4305116,0.87
4305124,3.145
4306502,1.665
4321956,2.519
4305132,1.835
4305157,1.245
4305173,1.629
4305207,6.644
4305306,3.753
4307104,2.026
4305355,16.497
4305371,0.627
4305405,1.969
4305439,7.082
4305447,0.639
4305454,12.15
4305504,1.433
4305587,0.922
4305603,2.576
4305702,1.897
4307203,1.732
4305801,3.289
4305835,0.4
4305850,1.702
4305871,1.173
4305900,3.095
4305934,0.286
4305959,1.909
4305975,1.43
4306007,3.712
2603207,2.344
4306106,43.846
4306130,0.435
4306205,6.721
4306304,1.252
4306320,0.749
4306353,0.594
4306379,1.532
4306403,16.699
4306429,0.545
4306452,1.382
4306551,0.908
4306601,17.144
4306700,2.94
4306734,2.166
4306759,1.051
4306767,29.958
4307005,38.381
4306809,12.609
4306908,11.811
4306924,0.483
4306932,3.163
4306957,1.793
4306973,1.951
4307054,1.945
4307302,1.94
4307401,1.677
4307450,1.136
4307500,5.971
4307559,3.472
4307831,1.514
4307864,1.536
4308458,2.324
2603306,0.721
4307609,18.846
4307708,16.854
4307807,13.059
4307815,1.542
4307906,26.971
4308003,3.109
4308052,1.012
4308078,1.369
4308300,2.722
4308102,8.416
4308201,13.046
4308250,0.32
4308409,1.579
4308433,0.576
4308508,9.692
4308607,23.19
4308656,0.909
4308706,2.331
4308805,2.863
4319356,2.047
4308854,0.792
4308904,8.909
4309001,6.454
4309050,2.851
4309407,8.982
4309506,2.233
4309555,3.065
4309100,19.465
4309126,0.362
4309159,0.351
4309571,0.436
4309605,8.278
4309654,1.84
4309704,1.739
4309209,89.287
4309258,0.61
4309308,24.804
4309753,0.77
4309803,2.258
4309902,2.007
4309951,1.296
4310009,7.367
4310108,14.007
4310462,0.753
4310504,2.244
4319364,0.4
4310207,28.567
4310306,1.635
4310330,18.953
4310363,1.411
4310405,3.325
4310413,1.134
4310439,1.987
4310538,8.155
4310553,0.788
4310579,0.497
4310603,12.005
4310652,0.473
4310702,1.303
4310751,0.738
4310801,10.568
4310850,1.136
4310876,0.597
4310900,1.931
4311007,9.599
4311106,3.551
4311122,1.056
4311130,0.705
4311155,1.172
4311205,9.454
4311239,0.338
4311254,1.181
4311270,1.288
4313037,1.715
4311304,10.882
4311403,38.281
4311429,0.466
4311502,2.538
4311601,1.118
4312302,1.602
2603405,0.462
4311627,2.802
4311643,0.683
4311700,2.447
4311718,1.463
4311734,0.682
4311759,2.719
4311775,1.345
4311791,0.58
4311809,15.917
4312351,0.647
4311908,1.617
4311981,0.717
4312005,0.671
4312054,1.619
4312104,2.243
4312138,0.641
4312153,2.311
4312179,0.745
4312203,1.811
4312252,4.375
4319372,1.397
4312377,0.718
4312385,0.623
4312401,24.584
4312427,0.521
4312443,1.467
4312450,1.908
4312476,4.948
4312500,8.237
4312609,2.623
4312617,1.34
4312625,0.465
4312658,9.041
4312674,0.913
4312708,4.296
4312757,1.226
4312807,3.035
4312906,4.049
4312955,0.874
2604304,1.057
4313060,6.288
4313086,0.637
4313102,2.155
4313201,14.946
4313300,10.836
4313334,0.951
4313359,1.351
4313375,17.571
4313391,0.825
4313409,63.349
4313425,1.978
4313441,0.504
4313466,0.627
4313490,0.999
4314209,4.721
4313508,22.469
4313607,1.734
4313656,13.18
4313706,16.239
4313805,2.109
4314308,2.026
4313904,17.583
4313953,5.152
4314001,2.912
4314027,2.727
4314035,1.993
4314407,115.862
4323754,1.516
4314050,18.771
4314068,2.131
4314076,1.457
4314423,5.706
4314456,0.774
4314464,0.668
4314100,58.826
4314134,0.703
4314159,3.764
4314175,0.526
4315057,0.747
4314472,1.935
4314498,0.572
4314506,3.346
4314555,0.927
4314605,5.161
4314704,4.817
4314753,1.616
4314779,1.451
4314787,0.714
4314803,17.124
4314902,306.36
4315008,1.836
4315107,2.873
4315131,0.635
4315149,2.712
4315156,1.689
4315172,0.456
4315206,1.963
4315305,6.996
4315313,0.625
4315321,0.562
4323770,1.782
4315354,3.008
4315404,2.311
4315453,0.845
4315503,4.057
4315552,0.411
4315958,1.827
4317251,0.837
4320677,1.774
4315602,69.923
4316402,12.226
4316428,0.691
4316436,1.795
4315701,12.024
4315750,2.191
4315800,4.785
4315909,3.966
4316733,0.876
4316006,11.114
4316105,3.726
4316204,1.594
4316303,2.835
4316758,3.151
4316451,6.895
4316477,1.54
4316501,2.148
4316600,6.042
4316709,4.847
4316808,57.688
4316907,100.049
4316956,4.488
4316972,0.983
4317004,1.803
4317103,30.471
4317202,34.312
2401206,1.264
4317301,16.246
4317400,27.799
4317509,31.783
4317558,0.804
2401305,1.552
4317608,26.528
4317707,5.885
4317756,1.61
2401404,0.816
4317806,6.077
4317905,5.456
4317954,0.844
4318002,33.285
4318051,1.359
4318101,7.9
4318200,8.93
4318309,23.281
4318408,12.08
4318424,1.587
4318432,1.8
4318440,1.022
4318457,0.723
4318465,1.005
4318481,4.266
4318499,0.868
2404101,0.417
4318507,6.438
4318606,3.774
4318614,1.702
4318622,1.866
4318705,63.695
4319208,5.016
4318804,12.534
4318903,21.835
4319000,11.958
4319109,2.316
4319125,1.557
4319158,4.374
4319406,8.997
4319505,13.978
4319604,10.467
4319703,1.837
4319711,2.005
4319737,0.607
4319752,3.489
4319802,6.439
4319901,24.692
4320008,30.194
4320107,8.48
4320206,3.654
4320230,1.271
4320701,5.316
4320263,1.769
4320305,2.439
4320321,1.66
4320354,0.988
4320404,7.257
4320453,0.553
4320503,2.84
4320552,1.366
4320578,0.638
4320602,0.637
4320651,1.037
4320800,12.486
4320859,2.179
4320909,9.033
4321006,7.019
4321105,8.981
4321204,26.419
4321469,1.977
4321303,15.22
4321329,1.357
4321352,1.916
4321402,7.533
4321436,4.41
4321451,19.192
4321477,2.443
4321493,1.289
4321501,26.367
4321600,25.897
4321626,1.776
4321634,1.043
4321667,6.237
4321709,11.912
4321808,11.087
4321832,0.648
4321857,1.642
4321907,12.09
5206503,1.62
4322004,23.606
4322103,2.944
4322152,1.528
4322186,0.596
4322202,10.397
4322251,4.243
4322301,3.694
4322327,1.307
4322343,1.22
4322350,0.601
4322376,0.752
4322400,43.272
4322509,25.871
2407252,0.662
4322525,1.501
4322533,2.135
4322541,5.33
4322558,0.785
4322608,25.711
4322707,9.727
2407203,2.886
4322806,12.254
4322855,0.62
4322905,1.98
4323200,1.577
4323309,3.053
4323358,0.556
4323408,3.008
4323457,2.456
4323507,0.924
4323606,0.741
2410108,2.18
4323002,93.994
4323101,2.791
4323705,1.051
4323804,21.739
2400109,2.76
2400208,19.125
2400307,1.212
2400406,0.555
2400505,2.744
2400604,1.504
2400703,2.175
2400802,3.03
2400901,1.062
2401008,4.552
2401107,3.509
2401453,3.963
2401503,0.491
2401602,0.766
2401651,0.298
2401701,1.875
2401800,2.687
2401859,1.188
2401909,0.531
2402006,14.709
2402105,0.942
2402204,5.144
2402303,6.347
2402402,1.773
2402501,1.5
2402600,12.521
2402709,1.024
2402808,0.624
2402907,0.564
2403004,1.401
2403103,8.78
2403202,0.525
4108650,2.02
2403251,90.638
2403301,0.76
2403400,1.069
2403509,2.307
2404200,5.104
2404309,2.008
2404408,1.4
2404507,0.481
2404606,0.574
2404705,2.043
2404804,0.382
2403608,19.185
2403707,0.849
2403756,0.631
2403806,1.117
2403905,0.378
2404002,0.753
2404853,2.257
2404903,1.242
2405009,1.014
2405108,0.735
2405207,0.886
2405306,1.153
2405405,0.76
2405504,0.279
2405603,2.18
2405702,2.628
2405801,7.552
2405900,0.267
2406007,1.014
2406106,2.125
2406155,0.381
2406205,0.738
2406304,0.722
2406403,0.541
2406502,1.635
2406601,1.204
2406700,1.81
2406809,0.571
2406908,0.499
2407005,1.314
2407104,27.84
2407302,0.919
2407401,2.379
2407500,2.241
2407609,0.655
2407708,2.363
2407807,3.429
2407906,0.156
2408003,74.031
2408102,118.929
2408201,12.599
2408300,4.961
2408409,0.642
2408508,0.748
2408607,0.198
2408706,1.057
2408805,1.117
2408904,3.42
2408953,0.471
2410207,1.011
2409100,1.447
2409209,0.253
2409308,2.362
2409332,1.181
2409407,9.726
2409506,0.382
2409605,0.294
2409704,1.498
2409803,1.388
2409902,2.683
2410009,0.493
2410256,0.479
2410306,1.193
2410405,1.464
2410504,0.956
2410603,0.573
2410702,0.707
2410801,0.71
2410900,0.827
2411007,0.818
2411056,4.767
2411106,0.504
2411205,6.297
2411403,2.003
2411429,0.686
2411502,2.727
2411601,0.417
2411700,0.423
2411809,0.586
2411908,0.841
2412005,52
2412104,1.369
2412203,5.458
2412302,2.094
2412401,0.913
2413508,0.488
2413557,1.221
2413607,0.849
2412500,5.215
2412559,1.436
2412609,2.77
2412708,0.867
2412807,1.827
2412906,1.162
2413003,0.994
2413102,1.074
2413201,1.116
2413300,0.639
2413359,2.969
2413409,1.022
2413706,0.812
2413805,0.428
2413904,0.538
2414001,4.611
2414100,1.892
2414159,1.034
2414209,3.732
2414308,0.59
2414407,2.748
2414456,0.702
2414506,4.263
2414605,1.331
2414704,0.649
2414753,0.758
2414803,1.606
2414902,0.626
2415008,0.487
3300100,65.8
3300159,5.978
3300209,114.636
3300258,11.443
3300225,5.563
3300233,29.998
3301207,3.285
3300308,31.824
3300407,57.07
3300456,66.363
3300506,6.178
3300605,9.484
3303203,9.604
2201945,1.561
3300704,47.633
3300803,25.291
3301108,4.785
3300902,4.164
3300936,4.954
3300951,3.226
3301009,222.468
3301157,3.919
3301306,8.664
3301405,7.61
3301504,4.972
3301603,3.101
2201960,1.978
3301702,175.457
3301801,4.395
3305752,17.623
3301850,26.606
3301876,20.019
3302106,6.128
2201988,0.649
3301900,150.348
3302007,42.512
3302056,4.129
3302205,25.546
3302601,14.493
3302254,17.215
3302270,26.301
3302304,1.401
3302403,78.517
3302452,1.154
3302908,18.03
3303005,6.019
3302502,108.704
3303104,4.81
2205532,0.585
3302700,115.65
3302809,4.144
3302858,14.387
2206001,1.364
3303302,91.149
3303609,8.127
2202000,4.744
3303401,49.899
2200301,5.655
2200400,17.815
2200459,1.901
3303500,148.011
2200509,4.804
2200608,3.871
3303708,11.75
3303856,14.859
2200707,2.981
2200806,0.951
2202026,0.959
3303807,12.914
3304110,15.487
3303906,165.76
3304128,3.708
2202059,0.829
3303955,5.396
3304003,11.929
3304102,3.6
3304144,47.796
3304151,5.287
3304201,48.217
2202075,0.724
3304300,18.42
3304409,6.805
3304508,2.787
3304524,32.997
3304557,925.313
3305109,35.194
3305133,0.98
2202554,0.955
3304607,3.261
3304706,12.202
2200905,1.754
3304755,29.225
3305505,87.371
3304805,6.877
3305158,9.686
2200954,0.093
3304904,166.571
3305000,26.518
2201002,0.922
3305208,43.315
3305307,1.911
3305406,7.786
2201051,1.318
3305554,47.509
3305604,9.886
3305703,3.113
3305802,64.318
3305901,3.194
2201101,3.827
2201150,2.624
3306008,24.957
3306305,65.492
2200053,1.014
2200103,3.921
2200202,6.384
2201176,0.971
3306107,16.883
3306156,1.716
3306206,9.9
2200251,1.096
2201200,8.543
2201309,0.798
2201408,2.426
2201507,4.659
2201556,0.741
2201572,0.747
2201606,3.038
2201705,2.141
2201739,0.786
2201770,1.279
2201804,0.593
2201903,8.541
2201919,1.053
2201929,0.975
2202083,1.28
2202091,0.426
2202109,0.822
2202117,1.002
2202133,1.288
2202174,0.862
2202208,11.996
2202251,0.916
2202307,4.455
2202406,3.789
2202455,0.736
2202505,1.51
2202539,0.732
2202604,7.723
2202653,0.521
2202703,5.613
2202711,1.733
2202729,2.142
2202737,1.208
2202752,4.752
2202778,1.701
2202802,1.126
2202851,0.848
2202901,8.455
2203008,1.239
2203107,3.801
2203206,4.743
2203255,0.902
2203271,0.545
2203305,8.777
2203354,1.621
2203404,1.4
2203420,0.446
2203453,1.569
2203503,3.359
2203602,1.857
2203701,9.37
2203750,0.733
2203800,1.114
2203859,0.468
2206050,0.33
2203909,19.355
2204006,1.655
2204105,0.713
2204154,0.225
2204204,0.87
2204303,2.861
2204352,0.575
2204402,2.379
2204501,6.523
2204550,0.493
2204600,1.034
2205508,12.998
2204659,2.952
2204709,2.515
2204808,3.02
2204907,0.728
2205003,0.686
2205102,1.865
2205151,0.476
2205201,3.029
2205250,0.626
2205276,0.534
2205300,1.671
2205359,0.217
2205409,1.778
2205458,0.581
2205540,1.262
2205557,2.164
2205565,0.593
2205573,1.022
2205581,2.287
2205599,1.247
2205607,1.701
2205706,14.119
2205805,4.1
2205854,0.959
2205904,1.872
2205953,1.147
2206100,1.876
2206209,3.57
2206308,0.213
2206357,0.812
2206407,3.85
2206506,1.094
2206605,1.277
2206654,1.222
2206670,1.289
2206696,0.382
2206704,2.187
2206720,3.488
2206753,1.376
2206803,1.808
2206902,1.585
2206951,2.254
2207009,12.624
2207108,1.126
2207207,0.824
2207306,0.739
2207355,0.891
2207405,1.184
2207504,3.563
2207553,0.356
2207603,1.956
2208007,24.891
2207702,56.619
2207751,0.528
2207777,0.782
2207793,0.625
2207801,4.965
2207850,1.281
2207900,8.79
2207934,0.61
2207959,0.334
2208106,1.657
2208304,12.332
2208403,21.105
2208502,2.772
2208551,0.84
2208601,1.822
2208650,0.745
2208700,2.612
2208809,10.359
2208858,0.581
2208874,0.463
2208908,2.084
2209005,2.717
2209104,0.871
2209153,1.741
2209203,2.148
2209302,1.849
2209351,1.195
2209377,2.425
2209401,2.099
2209450,0.428
2209500,1.298
2209559,0.565
2209609,1.247
2209658,0.922
2209708,1.373
2209757,0.834
2209807,1.686
2209856,0.438
2209872,1.501
2209906,2.334
2209955,0.607
2209971,2.312
2210003,3.747
2210300,1.31
2210359,1.138
2210375,0.365
2210383,0.869
2210391,0.326
2210409,3.786
2210508,4.827
2210607,14.908
2210623,0.466
2210631,0.943
2210656,1.717
2210706,1.676
2210805,2.903
2210904,0.758
2210938,2.085
2211001,219.89
2211100,7.428
2211209,9.634
2211308,8.045
2211357,1.06
2211407,1.492
2211506,0.49
2211605,0.411
2211704,0.477
2600807,3.152
2600054,15.26
2600104,8.676
2600203,1.683
2600302,4.526
2600401,4.347
2600500,5.519
2600609,2.314
2600708,5.781
2600906,2.814
2601003,1.605
2601052,2.256
2601102,16.666
2601201,17.54
2601300,1.099
2601409,8.883
2601508,2.252
2601607,3.865
2602407,0.433
2601706,12.807
2601805,1.192
2601904,13.497
2602001,4.093
2602100,8.057
2602308,5.334
2602605,10.527
2602704,1.197
2602902,67.049
2603009,5.656
2603108,2.183
2603454,37.571
2603504,2.03
2603603,0.94
2603702,4.29
2603801,2.381
2607109,0.418
2603900,2.278
2603926,0.427
2604007,18.124
2604106,80.561
2604155,0.305
2604205,4.877
2604403,1.569
2604502,3.055
2604601,3.062
2604700,1.523
2604809,1.018
2604908,2.896
2605004,4.353
2605103,8.367
2608206,1.919
2605152,2.699
2605202,9.174
2605301,3.729
2605400,3.504
2605509,1.176
2605608,1.78
2605707,3.294
2605806,1.28
2605905,2.214
2606002,35.681
2606101,3.249
2606200,14.642
2606309,1.12
2606408,47.352
2606507,1.328
2606705,0.688
2606804,29.994
2606903,1.372
2607000,1.758
2607208,11.657
2607307,3.324
2607406,0.742
2607505,1.998
2607604,13.335
2607653,3.507
2607703,1.906
2607752,3.444
2607802,1.299
2608255,0.51
2608305,2.614
2608404,1.196
2608453,4.59
2607901,96.318
2607950,0.642
2608008,1.445
2608057,2.594
2608107,3.925
2608503,2.735
2608602,1.381
2608701,2.034
2608750,2.35
2608800,7.834
2608909,12.585
2609105,1.914
2609154,0.634
2609204,1.157
2609303,1.486
2609402,9.33
2609501,4.804
2609600,38.638
2609709,2.703
2609808,0.902
2609907,10.642
2610004,14.291
2610103,0.984
2610202,2.54
2610301,0.498
2610400,1.43
2610509,3.778
2610608,12.784
2610707,57.022
2610905,9.671
2611002,3.563
2611200,1.444
2611309,7.551
2611408,0.997
2611507,1.986
2611533,0.641
2611606,142.348
2611705,2.891
4103503,1.423
2611804,4.995
2611903,3.647
2612000,6.013
2612109,0.504
2612208,18.351
2612307,1.436
2616001,2.257
2612406,3.267
2612455,1.158
2612471,1.218
2612505,14.718
2612554,0.689
2612604,3.06
2612703,1.11
2612802,1.433
2616100,1.175
2612901,1.516
2613008,8.272
2613107,6.466
2613206,2.002
2613305,2.205
2613404,4.881
2613503,3.673
2613602,5.216
2613701,22.594
2613800,2.345
2613909,17.148
2614006,2.048
2614105,6.115
2616183,0.909
2509339,0.29
2614204,6.055
2614303,2.164
2614402,0.501
2614501,14.442
2614600,5.236
2614709,1.985
2614808,2.952
2614857,9.54
2615003,4.755
2615102,0.535
2615201,0.78
2615300,11.319
2615409,5.327
2615508,2.582
2615607,7.98
2615706,3.235
2615904,1.125
2616209,4.614
2616308,2.525
2616407,28.007
2616506,1.801
4100103,2.96
4100202,0.84
4100301,2.764
4122107,0.783
4100400,41.644
4100459,0.616
4100509,6.506
4100608,5.752
4100707,5.5
4101309,0.923
4103602,9.829
4100806,5.381
4100905,3.25
4101002,7.857
4101051,1.116
4101101,7.002
4101150,1.237
4101200,12.362
4101408,60.189
4101507,57.646
4101606,8.543
4101655,0.8
4101705,5.31
4102901,5.77
4103008,1.16
2509370,0.423
4101804,66.747
4101853,0.497
4101903,6.499
4102000,23.298
4102109,14.393
4102208,1.968
4103024,0.658
4102307,5.89
4102406,10.278
4102505,6.248
4102604,4.319
4102703,1.276
4102752,0.685
4102802,6.444
4103040,1.234
4103057,3.949
4103107,2.991
4103156,0.554
4103206,1.382
4103222,1.055
4103305,2.333
4103354,2.1
4103370,0.924
4103404,0.977
4103453,5.671
4103479,1.967
4103701,33.229
4103800,2.206
4103909,7.63
4103958,0.862
4104303,33.93
4104451,4.235
2509396,0.827
4104006,14.026
4104055,1.626
4104105,2.207
4104402,2.714
4104428,4.779
4104204,69.071
4104253,7.465
4104501,6.742
4104600,4.931
4104659,6.286
4104709,3.872
4105300,4.002
4107736,1.285
4104808,113.204
4104907,21.36
4105003,2.813
4105102,4.098
4105201,2.931
4105409,15.457
4105508,24.178
4105607,5.981
4105706,8.862
4107207,14.279
4107256,2.679
5104559,2.399
4105805,68.811
4105904,7.311
4106001,2.324
4106100,0.963
4107306,2.315
1500305,1.039
4106209,4.85
4106308,7.979
4106407,15.9
4106456,1.089
4107405,2.589
4123303,2.83
4106506,8.58
4106555,1.192
4106571,2.332
4106605,8.907
4106704,2.083
4106803,4.951
4106852,0.685
4106902,412.004
4107009,5.051
4107108,1.627
4107124,0.609
4107157,0.892
4117206,2.223
4107504,4.597
4107520,0.775
4107538,2.389
4107546,1.233
4107553,0.85
4107603,4.76
4107652,30.025
4107702,1.941
4126652,1.133
4107751,4.016
4107801,1.891
4107850,0.766
4107900,2.349
4108007,2.944
4108106,1.019
4108205,2.325
4108502,4.035
4108304,115.901
4108320,2.043
4108403,28.582
4108452,2.025
4108551,0.54
4108601,11.821
4108700,1.322
4108809,14.685
4108908,1.754
4108957,1.297
4109005,1.129
4109104,0.852
4109203,1.583
4109302,3.936
4117214,1.27
4109401,65.671
4109500,1.426
4110201,2.623
4110300,1.409
4110409,1.999
4109609,22.873
4109658,1.298
4109708,7.821
4109757,2.704
4110508,2.44
4110607,5.266
4109807,20.207
4109906,2.703
4110003,4.573
4110052,0.815
4110078,2.354
4110102,7.619
4110656,1.032
4110706,27.283
4110805,3.149
4110904,2.108
4110953,2.616
4111001,1.498
4111100,2.835
4113734,1.957
4111209,3.64
4111258,6.953
4111308,1.312
4111407,2.623
4111506,13.139
4111555,2.787
4111605,1.963
4111704,1.5
2500577,0.417
4111803,13.562
4111902,4.058
4112009,11.75
4112108,8.772
4112207,1.748
4112306,1.054
4112405,1.898
4112504,3.106
4112603,0.548
4113759,1.667
4112702,4.06
4112751,2.504
4112801,3.716
4112900,0.952
4112959,3.13
4113007,1.779
4113106,1.109
4113205,12.364
4113254,0.741
4113809,1.601
4113304,10.474
4113403,0.767
4113429,0.737
4113452,1.903
4113502,8.482
4113601,1.282
4113700,176.748
4113908,5.672
4114005,3.614
4114104,8.47
4114203,9.973
4114302,5.465
4114351,0.34
4114401,3.606
4115101,3.238
5105234,1.376
4114500,3.638
4114609,21.744
4114708,2.807
4114807,16.427
4114906,2.508
4115002,4.134
4115200,124.55
4115309,2.71
4115358,3.159
4115408,5.547
4115457,0.636
4115507,1.157
4115606,5.004
4117057,1.799
4115705,22.642
4115739,0.555
4115754,4.19
4115804,16.276
4115853,1.559
4115903,0.938
4116000,0.606
4116059,2.841
4116109,3.103
4116208,4.387
4116307,1.055
4116406,1.555
4116505,0.563
4116604,0.616
4116703,4.077
4116802,2.431
4116901,11.809
4116950,0.862
4117008,2.22
4117107,7.558
4117222,4.786
4117255,3.317
4117271,1.523
4117297,0.875
4117305,6.621
4117404,1.473
4117453,2.041
4117503,9.965
4117602,17.073
4118709,1.561
4117701,9.441
4117800,3.246
4117909,13.645
4118006,4.675
4118105,5.013
4118501,32.815
4118204,39.563
4118303,1.175
4118402,43.907
4118451,2.514
4118600,2.699
4118808,4.569
4118857,1.729
4118907,4.117
4119004,2.352
4119103,4.551
4119152,31.304
2500601,5.752
4119202,1.518
4119251,0.687
4119301,7.169
4119400,6.49
4120358,2.232
4120408,1.611
2502706,0.598
4119509,31.098
4119608,11.684
4119657,0.778
4119707,2.392
4121109,1.741
4119806,3.954
4119954,29.985
4120002,4.092
4120101,2.149
4120150,0.79
4120200,4.287
4122156,1.984
4119905,159.194
4120309,1.27
4120333,2.205
2502805,2.712
4120507,6.486
4120606,12.675
4120655,0.98
4120705,3.304
4121208,4.604
4121257,0.659
4121307,1.108
4121356,1.138
4122172,0.775
4120804,16.205
4120853,2.315
4120903,8.967
4121000,5.278
4121406,7.31
4121505,3.939
4121604,2.706
4121703,7.747
4121752,3.112
4121802,3.557
4121901,4.621
4122008,3.346
4122206,8.803
4122305,15.227
4123204,1.336
4122404,28.108
4122503,3.971
4122602,3.463
4122651,1.671
4122701,5.82
4122800,1.699
4122909,1.531
4123006,2.903
4123105,0.924
4123402,5.196
4123501,7.841
4123600,0.869
4123709,3.335
4123808,4.354
4123824,1.722
4123857,3.361
4123907,2.276
4123956,1.033
4124004,1.389
4124020,4.602
4124053,7.936
4124103,12.371
4124202,0.879
4124301,0.477
4124400,5.866
4124509,2.272
4124608,3.449
4124707,2.833
4124806,4.966
4124905,1.927
4125001,3.312
4125100,3.417
4125209,6.025
2504157,1.457
4125308,2.424
4125357,1.959
4125407,1.141
4125456,0.888
4125506,110.511
4125555,0.619
4125605,20.721
4125704,6.274
4125753,2.587
4125803,2.578
4125902,1.307
4126009,3.128
4126108,1.211
4126207,1.75
4126256,27.512
4126272,1.745
4126306,7.437
4126355,2.376
4126405,3.425
4126504,6.296
4126603,7.37
4126678,3.372
4126702,2.643
4126801,4.816
4126900,3.135
4127007,3.103
4127106,25.863
4127205,4.856
4127304,4.863
4127403,6.793
4127502,7.99
4127601,2.432
4127700,55.975
4127809,1.87
2504207,0.621
4127858,2.547
4127882,1.75
4127908,2.358
4127957,5.297
4127965,2.926
4128005,7.804
4128104,40.256
2500700,1.627
4128203,27.943
4128302,0.941
4128401,3.95
4128500,5.345
4128534,3.991
4128559,4.113
2500734,0.433
2500775,0.85
2500809,1.225
4128609,3.33
4128625,2.236
4128633,0.668
4128658,1.514
4128708,2.829
4128807,1.217
2500106,0.844
2500205,0.764
2500304,4.055
2500403,2.254
2500502,1.72
2500536,1.05
2501104,3.254
2501153,0.35
2501203,1.356
2501302,3.281
2501351,0.98
2501401,1.853
2501500,3.852
2501534,0.769
2501575,0.309
2501609,1.731
2501708,0.876
2501807,18.693
2501906,2.072
2502003,1.063
2502052,0.394
2502102,0.717
2502151,0.897
2502201,0.452
2502300,0.582
2502409,1.55
2502508,2.161
2502607,0.819
2502904,1.287
2503001,4.107
2503100,0.579
2503209,17.733
2503308,0.811
2503407,0.289
2503506,1.548
2503555,0.394
2503605,0.876
2504306,6.255
2503704,11.741
2503753,0.462
2503803,0.659
2503902,0.798
2504009,79.52
2504033,2.339
2504074,0.6
2504108,0.284
2504355,0.321
2504405,2.883
2504504,1.488
2504603,27.692
2504702,1.264
2504801,2.3
2504850,0.605
2504900,0.887
2505907,0.387
2505006,1.261
2505105,3.993
2505204,0.71
2505238,0.81
2505279,0.191
2505303,0.313
2505352,0.622
2505402,1.01
2505501,0.3
2505600,0.933
2505709,0.808
2505808,0.636
2506004,4.049
2506103,1.539
2506202,0.406
2506251,0.394
2506301,8.32
2506400,0.843
2506509,0.598
2506608,0.94
2506707,0.879
2506806,3.359
2509404,2.284
2506905,5.138
2507002,2.784
2507101,3.057
2507200,1.206
2507309,2.274
2507408,0.948
2508307,2.999
2508406,0.435
2508505,0.801
2508554,0.227
2507507,138.252
2507606,1.853
2507705,1.711
2507804,1.055
2507903,1.398
2508000,0.786
2508109,0.707
2508208,1.313
2509305,1.754
2508604,8.721
2508703,0.333
2508802,1.232
2508901,7.82
2509008,1.335
2509057,1.381
2509107,3.155
2509156,0.859
2509206,0.76
2509602,0.552
2509701,5.3
2509800,1.036
2509909,0.667
2510006,0.972
2510105,2.237
2510204,0.695
2510303,0.602
2510402,0.859
2510501,0.653
2510600,0.749
2510659,0.375
2510709,0.323
2511608,0.465
2511707,0.327
2510808,24.191
2510907,1.574
2511004,0.755
2511103,0.74
2511202,2.373
2511301,2.844
2511400,2.217
2511509,2.843
2511806,0.998
2511905,6.507
2512002,2.899
2512036,0.514
2512077,0.397
2512101,5.499
2512200,0.76
2512309,3.261
2512408,1.282
2512507,7.972
2512606,0.254
2512705,3.417
2512721,2.299
2512747,0.818
2512754,0.634
2512762,3.287
2512788,0.339
2512804,1.071
2512903,5.106
2513000,0.155
2513109,1.39
2513158,0.731
2513208,0.871
2513307,0.604
2513356,0.429
2513406,3.222
2513505,0.508
2513604,0.989
2513653,0.222
2514404,0.495
2513703,22.657
2513802,0.507
2513851,0.635
2513901,5.368
2513927,0.771
2513943,0.58
2513968,0.384
2513984,0.379
2514008,0.741
2514107,0.659
2514206,0.9
2514305,0.742
2514503,2.337
2514552,0.3
2514602,0.356
2514651,0.357
2514701,0.625
2514800,0.641
2514909,1.465
2515005,0.289
2515104,0.864
2515203,0.619
2515302,8.644
2515401,1.382
2515500,3.228
2515609,0.45
2515708,0.415
2515807,0.797
2515906,0.609
2515930,0.559
2515971,0.288
2516003,4.088
2516102,3.657
2516151,0.484
2516201,14.834
2516300,4.517
2516409,0.895
2516508,2.547
1500347,2.62
2516607,1.871
2516706,2.234
2516755,0.438
2516805,1.397
2516904,2.571
2517001,0.629
2517100,0.537
2517209,0.21
2517407,0.704
1500107,15.595
1500131,2.129
1500206,2.616
1500404,9.321
1500503,5.485
1500602,45.933
1500701,1.447
1500800,76.687
1500859,5.629
1501600,2.02
1503002,1.571
1500909,6.802
1500958,2.745
1501006,1.753
1501105,1.646
1501204,5.812
1501253,1.596
1501303,50.827
1501402,199.482
1501451,17.689
1501501,19.22
1501576,2.719
1501709,16.33
1501725,4.953
1501758,1.842
1501782,5.549
1501808,7.296
1501907,2.729
1501956,2.219
1502004,1.558
1502608,1.661
1503044,4.941
1502103,11.067
1502152,17.133
1502202,21.632
1502301,5.325
1502400,60.148
1502509,1.647
1503077,2.871
1502707,11.867
1502756,5.869
1502764,1.979
1502772,6.797
1502806,2.664
1502855,3.077
1502905,10.316
1502939,10.121
1502954,7.313
3134806,1.602
1503093,8.457
1503101,2.275
1503200,10.356
1503309,5.148
1503408,1.145
1503457,3.989
1503507,2.169
1503606,25.392
1503705,4.485
1503754,3.228
1503804,13.461
1503903,6.521
1504000,0.727
1504059,7.771
1504109,1.555
1504208,83.538
1504307,3.113
1504901,2.058
1504950,2.2
1504976,2.404
2111078,3.279
1504406,14.732
1504422,29.362
1504455,4.76
1504505,0.853
1504604,3.532
1504703,8.765
1504802,10.816
1505007,3.658
1505031,18.957
1505064,10.353
1505106,7.194
1505205,2.876
1505304,11.723
1505403,2.522
1505437,17.652
1505486,7.233
1505494,2.265
1505809,3.765
1505502,21.888
1505536,68.435
1505551,1.535
1505601,2.326
1505635,2.129
1505650,3.872
1505700,3.441
1505908,3.635
1506005,2.371
1506104,2.343
1506112,1.467
1506138,36.739
1506161,4.726
1506187,9.682
1506195,5.655
1506906,0.883
1507003,7.687
1506203,21.397
1506302,11.396
1506351,2.695
1506401,1.029
1506500,19.48
1506559,3.87
1506583,5.848
1506609,7.033
1506708,14.241
1506807,78.071
1507151,6.671
1507201,3.763
1507300,19.768
1507409,2.62
1507458,5.881
1507466,0.558
1507474,5.384
1507508,1
1507607,10.374
1507706,1.372
1507805,2.257
1507904,9.44
1507953,15.272
1507961,2.041
1507979,2.797
1508001,15.872
1508035,3.249
1508050,3.416
1508084,12.04
3100203,11.046
1508100,26.162
1508126,9.539
1508159,10.107
1508209,8.894
1508308,6.515
1508357,1.933
1508407,16.216
3100104,1.908
3100302,4.41
3100401,0.886
3100500,3.073
3100609,2.616
3100708,1.644
3100807,2.219
3100906,2.955
3101003,3.579
3104007,38.915
3101102,8.226
3101201,1.733
3101300,0.436
3101409,1.076
3101508,7.262
3102100,3.135
3102209,0.681
3101607,26.796
3101631,3.827
3101706,8.594
3101805,2.932
3101904,4.919
3102001,3.375
3102050,1.285
3103801,0.717
3102308,3.394
3102407,1.064
3102506,0.766
3102605,14.46
3102704,1.146
3102803,4.031
3102852,1.59
3103900,4.112
3104106,3.318
3102902,5.832
3103009,2.097
3103108,0.285
3103207,0.763
3103306,0.57
3103405,15.315
3103504,48.515
3103603,1.276
3103702,1.26
3103751,4.765
3104205,16.239
3104304,3.653
3104403,0.784
3104452,1.199
3104502,6.262
3104601,3.951
3104700,2.873
3104809,1.888
3104908,5.149
3105004,4.148
3105103,8.83
3105202,0.725
3105301,1.575
3105400,13.31
3105509,1.103
3106101,0.566
3105608,36.03
3105707,0.792
3105905,9.143
3106002,2.66
3106200,314.28
3107000,1.052
3108404,6.777
3106309,8.559
3106408,1.853
3106507,2.464
3106606,0.799
3106655,0.758
3107109,10.444
3108503,2.06
3108552,7.491
3106705,147.359
3106804,0.507
3106903,3.588
3107208,1.225
3107307,17.021
3107406,21.573
3107505,2.48
3107604,0.915
3107703,0.85
3108305,4.58
3107802,3.101
3107901,1.772
3108008,5.053
3108107,3.178
3108206,1.819
3108255,1.847
3111408,2.591
3108602,19.322
3108701,1
3108800,0.756
3108909,2.632
3109303,11.329
3109402,10.973
3109451,3.131
3109006,35.561
3109105,1.61
3109204,2.719
3109253,0.554
3109501,1.603
3109600,1.639
3109709,2.133
3109808,0.695
3109907,10.184
3110004,12.937
3110103,0.703
3110202,0.798
3110301,3.583
3110400,0.642
3110509,5.448
3111200,18.904
3110608,6.868
3110707,5.24
3110806,0.888
3110905,4.049
3111002,3.764
3111101,5.732
3111150,0.638
3111309,2.475
3111507,4.818
3111606,6.183
3111705,0.668
3111804,2.41
3111903,1.782
3112000,3.461
3112059,1.64
3112109,0.354
3112208,0.964
3112307,8.618
3112406,2.99
3112505,8.663
3112604,4.145
3112653,1.349
3112703,5.516
3113206,9.37
3115409,0.99
3112802,7.477
3112901,0.62
3113008,2.345
3113107,0.758
3113800,0.587
3113909,2.583
3113305,5.733
3113404,15.897
3113503,3.168
3113602,1.346
3113701,2.964
3114006,3.792
3114105,3.202
3114204,9.175
3114303,7.288
3115458,1.064
3115474,1.243
3114402,6.13
3114501,5.229
3114550,4.611
3114600,1.154
3114709,0.758
3114808,1.323
3114907,1.122
3115003,0.959
3115359,2.244
3115102,7.744
3115201,1.362
3115300,17.431
3115508,8.901
3115607,0.66
3115706,2.318
3115805,3.919
3115904,0.441
3116001,0.783
3116100,1.952
3116159,3.719
3116209,0.8
3117207,0.605
5206602,1.386
3116308,1.94
3116407,1.203
3116506,2.429
3116605,8.638
3116704,3.245
3116803,1.312
3116902,0.749
3117009,0.726
3117108,2.262
3117306,6.745
3117405,0.493
3117504,9.639
3117603,1.562
3117702,3.436
3117801,3.132
3117836,1.825
3117876,15.255
3117900,2.266
3118007,36.561
3118106,1.99
3118205,3.203
3118304,42.516
3118403,6.182
3118502,0.46
3118908,3.425
3119005,0.998
3118601,123.36
3118700,1.824
3118809,11.734
5200209,0.668
3119104,10.969
3119203,1.554
3119302,9.507
3119401,22.34
3120839,1.642
3119500,2.369
3119609,1.098
3119708,1.03
3119807,1.193
3119906,2.222
3119955,2.579
3135308,0.807
3120003,0.564
3120102,2.013
3120151,1.102
3120201,2.471
3120300,1.762
3120409,2.179
3120508,1.81
3120607,1.548
3120706,1.711
3120805,4.104
3120870,2.432
3120904,28.149
3121001,1.206
3121100,1.462
3121209,3.46
3121258,3.254
3121308,1.197
3121407,2.113
3121506,0.689
3121605,19.18
3121704,0.523
3125606,1.833
3121803,1.852
3121902,1.483
3122009,3.571
3122108,1.452
3122207,3.194
3133758,5.574
3122306,129.25
3122355,2.408
3122405,1.556
3122454,2.355
3122470,1.164
3122504,1.672
3122603,1.938
3135357,1.815
3122702,1.494
3122801,0.412
3122900,1.447
3123007,3.269
3123106,0.727
3123205,4.887
3123304,1.572
3123403,0.541
3123502,0.482
3136009,2.716
3123528,1.204
3123601,5.586
3123700,1.994
3123809,1.274
3123858,1.233
3123908,4.19
3124005,2.724
3124104,81.042
3136108,0.944
3124203,3.858
3124302,7.013
3124401,0.639
3124500,1.473
3124609,0.692
3124708,1.089
3124807,3.785
3124906,2.524
3125002,0.845
3125101,22.876
3125200,1.287
3125309,0.681
3125408,1.363
3125507,1.224
3138104,1.764
3125705,8.298
3125804,0.569
3125903,3.607
3125952,1.484
3126000,3.384
3127107,16.697
3126109,23.767
3126208,2.209
3126307,0.883
3126406,1.203
3126505,2.41
3126604,1.418
3127206,3.448
3126703,8.32
3126752,0.578
3126802,0.715
3126901,1.98
3126950,0.346
3127008,7.304
3127057,0.643
3127073,2.278
5206701,1.601
3127305,2.049
3127339,1.269
3127354,0.712
3127370,1.019
3127388,1.845
3127404,0.542
3127503,1.396
3127602,3.706
3128402,1.895
3128501,0.82
3127701,57.59
3127800,2.462
3127909,0.691
3128600,1.407
3128709,20.342
3128006,11.233
3128105,3.328
3128204,0.708
3128253,0.857
3128303,5.663
3157609,1.258
3128808,1.489
3128907,2.044
3129004,2.046
3129103,1.219
3129202,1.181
3129301,1.837
3129400,1.443
3132404,25.278
3129509,7.616
3129608,1.913
3129657,1.367
3129707,3.259
3132503,8.823
3157658,1.083
3129806,31.08
3129905,0.79
3130002,0.818
3130051,2.126
3141405,3.684
3130101,22.469
3130200,4.146
3130309,3.332
3141504,1.554
3130408,5.802
3130507,2.663
3130556,0.978
3130606,1.704
3130655,1.301
3130705,1.344
3130804,0.492
3132602,0.688
3130903,4.226
3131000,1.551
3131109,2.551
3131158,3.302
3131208,3.821
3132701,5.061
3146404,2.474
3131307,53.451
3131406,0.969
3131505,2.411
3131604,2.697
3132800,0.71
3132909,2.529
3133006,4.317
3131703,31.828
3131802,2.864
3133105,4.001
3157708,4.001
3131901,23.933
3132008,0.418
3132107,3.938
3132206,4.903
3132305,1.601
3133204,1.985
3133303,3.924
3133402,3.143
3133501,6.501
3133600,2.299
3133709,4.56
3158300,1.547
3133808,28.556
3133907,2.085
3134004,1.552
3134103,1.788
3134202,37.197
3134301,2.332
3134707,3.632
3134400,17.818
3134509,1.277
3134608,30.443
3134905,7.716
3135001,0.874
3135050,6.52
3135076,0.984
3135100,19.704
3135209,17.087
5207253,2.49
3135407,6.944
3135456,1.405
3135506,1.531
3135605,1.88
3135704,2.694
3135803,5.373
3135902,1.234
3136207,29.104
3136306,15.298
3136405,1.277
3136504,1.149
3136520,0.54
3136553,1.238
3136579,0.605
3139102,1.406
3136603,1.778
3136652,27.002
3136702,176.373
3136801,0.974
3136900,2.056
3136959,1.904
3139706,1.987
5000906,4.56
3137007,1.871
3137106,2.637
3137205,16.617
3137304,1.031
3137403,2.562
3137502,5.729
3137536,3.766
3139003,10.729
3137601,54.832
3137700,4.214
3137809,6.074
3137908,0.932
3138005,0.704
3138203,29.271
3138302,0.964
3138351,0.945
3138401,11.255
3138500,1.203
5107180,4.674
3138609,5.346
3138625,2.386
3138658,1.861
3138674,0.678
3138682,2.172
3138708,1.241
3138807,6.034
3138906,1.106
3158409,0.662
3139201,3.435
3139250,1.97
3139300,4.563
3139409,12.052
3139508,4.226
3139607,8.085
3139805,3.293
3139904,1.663
3140001,14.21
3140100,1.161
3140159,5.619
3140209,1.181
3140308,1.606
3140407,0.568
3140506,6.985
3140530,0.774
3140555,1.157
3140605,0.588
3141108,16.016
3141207,1.272
3140704,28.935
3140803,5.219
3140852,1.865
3140902,2.759
3141009,2.608
3141306,0.749
5107198,1.373
3141603,1.969
3141702,1.46
3141801,5.464
3141900,1.349
3142007,4.436
3142106,1.012
3142205,2.876
3142254,0.558
3142304,2.26
3142403,2.928
3142502,0.598
3142601,1.612
3142700,5.158
3142809,5.488
3142908,5.425
3143005,3.039
3143104,14.985
3143153,0.412
3158508,1.743
3143203,6.19
3143302,107.003
3143401,6.234
3143450,1.38
3158607,0.558
3143500,4.007
3143609,1.002
3143708,1.103
3143807,1.021
3143906,21.522
3144003,5.699
3144102,5.458
3144201,1.049
3146503,2.548
3144300,10.879
3144359,1.48
3144375,1.046
3144409,0.929
3144508,1.698
3144607,5.37
3144656,1.765
3144672,0.497
3144706,5.048
3146552,1.298
3144805,46.962
3144904,0.767
3145000,4.811
3145059,1.389
3145109,5.584
3145208,27.913
3146602,0.536
3145307,5.52
3145356,1.291
3145372,1.198
3145406,0.354
3145455,1.165
3145505,0.718
3145604,14.642
3145703,0.634
3145802,1.046
3145851,0.529
3145877,0.809
3158706,0.765
3145901,11.497
3146008,11.59
3146701,1.43
3146750,0.968
3146909,5.106
3147006,23.217
3158805,1.246
3146107,40.41
3146206,1.184
3146255,1.568
3146305,2.855
3147105,34.485
3147204,6.273
3147303,5.128
3147402,6.788
3147501,0.693
5107743,1.842
3147600,6.093
3147709,3.315
3147808,0.427
3147907,28.781
3147956,1.449
3148608,3.596
5207352,1.863
3148004,44.761
3148707,6.551
3148756,0.508
3148806,0.722
3148905,1.07
2309904,1.22
3148103,28.897
3148202,1.383
3148301,1.629
3148400,1.054
3148509,1.22
3163508,1.312
3149002,0.382
3149101,1.897
3149150,2.009
3149200,1.033
3149705,6.655
3149804,4.411
3163607,0.555
3149309,26.192
3149408,0.517
3149507,1.817
3149606,2.119
3165503,1.109
3149903,6.08
3149952,1.902
3150000,1.093
3150109,0.784
3150158,0.712
3150208,0.774
3150307,2.138
3150406,1.572
3150505,5.172
3150539,0.998
3150570,1.699
3150604,2.046
3150703,2.452
3150802,2.372
3150901,0.696
3151503,10.451
3151008,3.658
3151107,2.569
3151206,30.522
3151305,3.302
3151404,6.219
3151602,6.5
3151701,3.114
3151800,58.594
3151909,2.07
3152303,1.455
2300903,1.419
3152006,13.702
3152105,13.238
3152131,1.254
3152170,1.333
3152204,11.595
3152402,4.515
3152501,39.95
3167400,1.308
3152600,1.685
3152709,2.885
3152808,8.584
3152907,2.714
3153004,0.844
3153103,0.773
3153202,0.833
3153301,0.676
3153400,5.397
3153509,1.697
3153608,4.529
3153707,2.382
3153806,0.924
3153905,3.74
3154002,6.776
2102002,4.469
3154101,3.145
3154150,0.629
3154200,4.966
3154309,3.699
3154408,1.961
3154457,2.307
3154507,1.687
3158904,0.834
3154606,84.861
3154705,1.742
3154804,6.695
3154903,3.21
3155009,0.447
3155108,0.778
3159357,1.001
3159407,0.98
3155207,1.452
3155306,4.449
3155405,2.761
3155504,3.608
3155603,5.151
3159506,0.687
2102036,4.577
3155702,5.815
3155801,3.313
3155900,1.463
5200159,1
3156007,3.261
3156106,2.595
3156205,0.757
3156304,2.565
3156403,1.106
3156452,0.563
3156502,0.781
3156601,1.721
3157005,12.64
2904407,0.556
3156700,31.34
3156809,3.711
3156908,7.836
3157104,1.609
3157203,10.055
3157252,0.788
3157278,0.797
3157302,0.788
3157336,1.548
3157377,0.862
3157401,0.919
3157500,1.618
3157807,63.924
3157906,2.027
3158003,1.952
3158102,1.003
3158201,5.532
3158953,15.255
3159001,4.624
3159100,1.62
3159209,2.188
3159308,1.593
3159605,9.96
3159704,0.811
3159803,8.2
3159902,5.315
3160009,1.045
3160108,0.843
3160207,0.611
2926509,0.699
3160306,1.255
3160405,8.768
3160454,0.784
3160504,0.723
3160603,1.547
3160702,11.179
3160801,1.063
3160900,4.037
3160959,0.65
3161007,4.603
3161056,0.866
3161106,14.84
3161205,2.061
3161304,2.088
3161403,0.903
3161502,3.195
3161601,0.421
3161650,1.049
3161700,2.057
3161809,4.662
3161908,4.674
3162005,6.693
3162559,1.357
2927101,1.29
3162104,13.917
3162203,1.967
3162252,0.801
3162302,0.646
3162401,3.628
3162450,0.706
3162500,28.527
3162575,1.503
3162609,1.401
3162658,1.175
3162708,5.322
3162807,5.603
3162906,7.424
3163300,0.954
3163409,1.059
3162922,20.416
3162948,5.667
3162955,11.937
3163003,0.638
3163102,1.346
3163201,0.738
3163706,13.344
3163805,1.102
3163904,1.272
3164001,1.536
3164100,0.727
3164209,2.319
3164308,2.821
3164407,1.004
3164431,0.703
3164472,1.241
3167509,3.261
3164506,2.453
3164605,2.564
3164704,21.552
3164803,0.611
3164902,0.57
3165008,3.353
3165107,1.318
3165206,0.533
3165305,2.291
3165404,2.047
3165537,14.52
3165552,1.788
3165560,0.483
3165578,1.053
3165602,0.608
3165701,2.586
3165800,0.433
3165909,0.613
3166006,1.048
3166105,0.794
3167707,1.318
3166204,2.077
3166303,0.846
3166402,0.71
3166501,0.7
3166600,0.254
3166709,2.128
3166808,2.833
3166907,2.082
3166956,0.744
3167004,0.762
3167608,2.251
3167103,7.096
3167202,75.562
3167301,0.708
3167806,1.432
3167905,0.933
3168002,11.114
3168051,0.8
3168101,4.558
3168200,0.603
3168309,5.452
3168408,2.684
3169604,12.791
3168507,3.312
3168606,27.68
3168705,35.334
2100154,1.767
3168804,5.043
3168903,2.472
3169000,4.11
3169059,0.695
3169109,0.798
3169208,2.915
3169703,6.357
3169802,1.386
3169307,23.753
3169356,22.811
3169406,13.353
3169505,1.922
3169901,38.366
3170008,2.383
3170057,1.839
3170438,0.987
3170479,0.966
5003157,3.881
3170107,137.042
3170206,200.729
3170305,0.575
3170404,34.094
3170503,1.861
3170529,2.246
3170578,1.552
3170602,0.521
3170651,1.752
3170701,42.077
3170750,1.969
3170800,13.246
3170909,6.144
3171006,5.71
3171030,2.289
3171071,2.643
3171105,1.172
3171154,0.525
3171600,3.119
3171709,1.477
3171808,2.621
3171907,1.493
3171204,37.653
3171303,26.667
3171402,0.479
3171501,0.729
3172004,10.712
3172103,2.351
3172202,1.035
5000203,7.326
5000252,3.186
5000609,12.491
5000708,10.057
5000807,1.935
5001003,14.28
5001102,31.067
5001243,1.425
5001508,3.288
5001904,6.659
5002001,4.295
5002100,15.93
5002159,3.565
5002209,8.28
5002308,3.788
5002407,9.261
5002605,6.96
5002704,332.478
5002803,1.829
5002902,8.355
5002951,9.695
5003108,1.793
5003207,32.544
5003256,9.535
5003306,21.719
5003454,6.648
5003488,4.435
5003504,1.689
5005251,2.309
5003702,84.125
5003751,5.474
5003801,8.397
5003900,1.594
5004007,4.071
2104008,4.212
5004106,6.178
5004304,5.178
5004403,2.111
5004502,6.805
5004601,3.105
5004700,9.28
5004809,0.883
5004908,1.339
5005004,14.77
5005103,0.961
5005152,2.616
5005202,6.843
5005400,13.025
5005608,9.805
5005681,7.979
5005707,18.402
5005806,6.159
5006002,8.691
5006200,21.933
5006259,0.833
5006358,4.072
5006408,4.043
5006606,43.472
5006903,4.523
5007109,5.877
5007208,13.016
5007307,1.927
5007406,10.847
5007505,1.339
5007554,2.04
5007695,12.361
5007703,3.718
5007802,6.118
5007901,14.645
5007935,4.763
5007950,1.934
5007976,1.268
5008008,4.331
5008305,62.71
5008404,2.716
5101407,8.414
5100102,4.21
5100201,20.75
5100250,41.249
5100300,9.585
5100359,2.162
5100409,5.69
5100508,5.214
5100607,3.852
5100805,8.075
5101001,4.462
5101209,1.065
5101258,7.939
5101308,6.596
5101605,8.275
5101704,14.209
5101803,41.346
5101852,3.044
5101902,6.379
5102504,60.949
5102603,4.996
5102637,21.352
5102678,11.05
5102686,2.288
5102694,2.295
5102702,9.538
5102793,2.816
5102850,2.737
5103007,13.952
5103056,4.721
5103106,2.338
5103205,11.517
5103254,12.32
5103304,10.226
5103353,13.84
5103361,1.205
5103379,7.739
5103809,1.078
5103858,1.416
5103908,2.202
5103957,1.992
5104104,13.267
5104203,5.45
5104500,1.123
5103403,244.127
5103437,1.705
5103452,2.286
5103502,10.791
5103601,3.565
5103700,4.677
5104526,2.494
5104609,1.948
5104807,12.618
5104906,1.841
5105002,3.716
5105101,27.356
5105150,24.804
5105176,6.298
5105200,4.907
5105259,30.089
5105309,1.06
5105507,4.222
5105580,3.923
5105606,8.53
5105622,10.935
5105903,9.248
5106000,2.804
5106109,4.072
5106158,4.521
5106174,0.853
5106182,2.264
5106190,2.373
5106208,1.976
5106216,6.208
5106224,15.873
5106232,4.546
5106240,8.971
5106257,13.891
5106265,2.334
5106273,1.527
5106281,2.287
5106299,7.711
5106307,9.737
5106315,0.865
5106372,7.688
5106422,8.954
5106455,2.825
5106505,22.444
5106653,2.788
5106703,1.528
5107750,1.631
5106752,16.304
5106778,5.488
5106802,2.835
5106828,2.343
5106851,1.576
5107008,10.775
5107040,25.936
5107065,9.098
5107107,8.346
5107156,1.011
5107206,2.254
5107248,2.424
5107263,1.354
5107297,1.189
5107305,7.602
5107354,3.82
5107404,1.422
5107578,0.9
5107602,101.998
5107701,6.832
5107776,3.291
5107792,1.73
5107800,8.733
5107859,7.051
5107875,13.228
5107883,0.985
5107909,74.646
2100204,2.79
2100303,6.678
5107925,43.879
5107941,4.899
5107958,48.85
5108006,8.613
5108055,5.72
5108105,1.31
5108204,2.953
5108303,5.953
5108352,0.744
5108402,129.821
5108501,5.93
5108600,6.451
5108808,1.917
5108857,1.531
5108907,3.375
5108956,3.617
2100055,27.2
2100105,1.041
2101939,1.273
2100402,1.006
2100436,10.439
2100477,2.455
2100501,6.207
2100550,2.219
2100600,5.519
2100709,4.028
2100808,4.197
2100832,3.921
2100873,1.782
2100907,4.531
2100956,3.513
2101004,4.699
2101103,4.409
2101202,24.907
2101251,4.309
2101301,3.407
2101350,1.144
2101970,2.907
2101400,33.785
2101509,7.751
2101608,16.749
2101707,14.975
2101731,1.679
2101772,1.884
2101806,1.768
2101905,5.964
2102077,0.95
2102101,5.961
2102150,0.582
2102200,4.608
2102309,6.089
2102325,11.973
2102358,1.059
2102374,1.627
2106102,2.79
2102408,1.956
2102507,0.846
2102556,3.259
2102606,2.829
2102705,6.804
2102754,4.108
2102804,8.968
2102903,3.516
2103901,1.807
2103000,38.611
2103109,2.036
2103125,3.373
2103158,1.943
2103174,3.176
2103208,19.61
2103257,2.31
2103307,24.286
2103406,8.987
2103505,6.639
2103554,1.445
2103604,16.836
2103703,8.355
2103752,4.175
2103802,6.092
2106201,1.691
2104057,8.838
2104073,0.706
2104081,0.634
2104099,2.591
2104107,2.999
2104206,4.164
2104305,2.91
2104404,3.057
2104503,2.327
2104552,5.256
2104602,1.883
2104628,2.251
2104651,1.353
2104677,4.4
2104701,1.161
2104800,28.514
2104909,3.553
2105005,3.046
5200852,3.127
2105104,2.666
2105153,1.899
2105203,3.75
2105302,68.581
2105351,1.49
2105401,13.334
2105427,3.168
2105450,2.741
2105476,1.379
2105500,5.86
2105609,4.893
2105658,0.868
2105708,6.412
2105807,1.216
2105906,1.038
2105922,1.186
2105948,1.809
2105963,1.745
2105989,1.478
2106003,1.835
2106300,2.578
2106326,3.844
2106359,0.293
2106375,2.299
2106409,3.687
2106508,2.185
2106607,9.579
2106631,1.256
2106672,0.444
2106706,3.982
2106755,4.599
2106805,3.761
5200175,2.413
2106904,3.317
2107001,2.111
2107100,5.688
2107209,1.749
2107258,0.928
2107308,1.723
2107357,3.573
2107407,3.434
2107456,4.678
2108009,6.59
2108108,3.313
2107506,29.259
2107605,1.449
2107704,3.472
2107803,6.473
2107902,4.137
2108058,2.357
2108207,7.655
2108256,4.566
2108306,3.567
2108405,2.385
2108454,2.662
2108504,3.924
2109205,1.891
2109239,1.701
2108603,9.718
2108702,2.874
2108801,4.208
2108900,3.073
2109007,8.873
2109056,0.999
2109106,9.277
2109270,2.615
2109304,2.011
2109403,1.225
2109452,16.325
2109502,5.661
2109551,1.971
2109601,7.429
2109700,1.357
2109759,1.853
2109809,6.663
2109908,18.817
2110005,7.78
2110039,4.361
2110104,4.541
2110203,9.557
2110237,1.602
2110278,2.261
2110302,1.828
2110401,7.651
2110500,5.552
2110609,6.072
2110658,2.205
2110708,9.661
2110807,0.953
2110856,1.799
2110906,1.854
2111003,3.886
2111029,1.327
2111052,2.529
5200902,1.709
2111102,6.374
2111201,24.916
2111250,1.659
2111300,283.344
2111409,1.75
2111508,9.427
2111532,2.786
2111573,1.126
2111607,4.086
2111631,1.04
2111672,1.156
2111706,3.077
2111722,1.329
2111748,3.158
2111763,3.027
2111789,3.105
2111805,2.609
2111904,2.711
2111953,2.594
2112001,3.367
2112100,8.129
2112209,46.366
2112233,4.297
2112274,1.107
2112308,5.676
2112407,3.414
2112456,2.592
2112506,6.69
2112605,5.861
2112704,10.637
2112803,6.78
2112852,1.681
2112902,3.57
2113009,5.352
2114007,8.705
5200050,13.153
5200100,8.87
5200134,9.419
5200258,87.294
5200308,16.887
5200506,1.316
5200555,1.675
5200605,5.256
5200803,4.508
5200829,0.79
5201108,152.267
5201207,0.969
5201306,9.904
5202502,17.566
5202601,1.13
5201405,188.43
5201454,0.993
5201504,1.798
5201603,2.649
5201702,11.47
5201801,5.784
5202155,2.399
5202353,0.947
5202809,1.329
5203104,0.844
5203203,3.308
5203302,14.37
5203401,4.568
5203500,7.057
5203559,3.894
5203575,0.954
5203609,1.406
5203807,2.552
5204953,3.276
5203906,5.456
5203939,0.905
5203962,0.968
5204003,2.506
5204102,2.38
5204201,0.793
5204250,3.108
5204300,4.33
5204409,6.358
5205000,3.595
5205059,1.438
5206800,0.97
5204508,85.691
5204557,0.973
5204607,1.083
5204656,1.631
5204706,6.67
5204805,4.294
5204854,1.768
5204904,9.261
5205109,45.369
5205208,1.6
5205307,3.933
5205406,10.514
5205455,2.555
5205471,5.225
5206305,2.124
5206404,5.992
5205497,29.228
5205513,3.835
5205521,1.959
5205703,1.013
5205802,3.303
5205901,2.986
5206206,34.002
5207402,4.27
5207501,1.802
5207535,2.221
5207600,2.379
5207808,4.069
5207907,1.358
5208004,48.166
5208103,2.44
5208152,0.654
5208301,1.611
5208400,3.054
5208509,1.886
5208608,23.628
5208707,421.517
5208806,27.894
5208905,9.158
5209952,4.23
5209101,14.889
5209150,1.675
5209200,5.117
5209291,0.598
5209408,0.641
5209457,0.425
5209606,1.164
5209705,8.3
5209804,1.499
5209903,3.801
5209937,2.364
5210000,15.028
5210109,10.703
5210158,0.801
5210208,16.661
5210307,1.381
5210406,13.555
5210562,2.132
5210604,1.767
5210802,1.527
5213400,0.821
5210901,6.289
5211008,4.305
5211206,9.338
5211305,1.71
5211404,2.218
5211503,42.333
5211602,1.112
5211701,2.486
5213509,2.124
5211800,17.024
5211909,30.847
5212006,1.448
5212055,1.025
5212105,2.487
5212204,9.184
5212253,0.946
5212303,1.844
5213103,25.063
5212501,110.841
5212600,0.933
5212709,2.395
5212808,4.175
5212907,1.14
5212956,1.456
5213004,3.098
5213053,0.561
5213087,11.323
5215256,1.615
5213707,3.596
5213756,3.36
5213772,0.723
5213806,14.269
5213855,1.046
5213905,2.013
5214002,5.335
5214051,1.943
5214101,1.669
5214408,3.015
5214507,8.758
5214606,14.514
5214705,0.733
5214804,1.124
5214838,4.9
5214861,3.613
5214879,0.911
5214903,1.04
5215009,2.865
5215207,1.678
5215231,35.958
5215306,5.371
5215405,1.04
5215504,2.166
5215603,6.724
5215652,1.158
5215702,8.898
5215801,1.269
5215900,1.48
5216007,1.171
5216304,3.102
5216403,5.24
5216452,0.834
5216809,1.967
5216908,0.475
5217104,7.939
5217203,4.981
5217302,8.136
5217401,13.076
5217609,45.106
5217708,6.92
5218003,27.058
5218052,1.434
5218300,18.166
5218391,1.23
5218508,16.308
5218607,4.433
5218706,2.175
5218789,8.632
5219308,14.065
5219357,1.295
5218805,54.065
5218904,7.52
5219001,2.527
5219100,2.227
5219209,0.943
5219258,1.748
5219407,3.129
5219456,0.483
5219506,1.09
5219605,2.217
5219704,3.648
5219712,1.166
5219738,2.437
5219753,20.321
5220405,10.969
5219803,3.258
5219902,2.83
5220009,5.312
5220058,0.815
5220108,13.021
5220157,2.333
5220207,11.987
5220264,1.817
5220280,0.643
5220454,71.581
5220504,2.661
5220603,6.464
5220686,2.245
5220702,1.422
5221007,1.904
5221080,2.046
5221197,2.022
2308302,2.294
5221304,5.958
5221403,49.169
5221452,1.566
5221502,1.796
5221551,1.324
5221577,0.871
5221601,25.276
5221700,4.7
5221809,1.094
5221858,44.408
5221908,1.269
5222005,6.291
5222054,3.823
5222203,1.22
5222302,1.019
3200102,7.292
3200136,1.176
3200169,3.536
3200201,4.78
3200300,3.014
3200359,1.613
3201803,0.42
3200409,15.019
3200508,2.107
3202603,2.178
3200607,29.42
3200706,2.029
3200805,8.083
3202652,1.076
3200904,7.937
3201001,3.687
3201100,1.674
3201159,2.027
3202504,2.841
3201209,56.317
3201902,3.706
3202009,0.598
3202553,0.96
3201308,76.025
3201407,8.49
3202108,6.286
3201506,24.622
3201605,7.704
3201704,1.568
2310001,1.795
3202207,8.17
3202256,1.47
3202306,5.403
3202454,2.23
2301257,2.222
3202405,36.662
3202702,2.185
3202801,10.132
3202900,1.51
3203007,3.106
3203056,5.185
2301604,3.513
3203106,2.758
3203130,3.923
3203163,1.665
3203205,39.103
2301307,4.864
3203304,2.655
3203320,9.327
3203346,3.032
3203353,1.553
3203403,4.935
3203502,3.815
3203601,1.65
3203700,2.422
3203809,2.726
3203908,13.501
3204005,2.531
3204054,6.343
3204104,5.238
3204203,8.109
3204252,2.155
3204302,3.474
3204351,3.062
3204401,2.409
3204500,1.742
3204559,5.831
2301406,0.915
3204609,6.111
3204658,0.88
3204708,6.05
3204807,2.626
3205069,8.133
3204906,38.687
3204955,2.217
2300309,10.204
2300408,1.512
3205002,135.609
3205010,4.813
3205036,4.4
3205101,23.348
3205150,1.778
3205176,1.746
2300507,1.465
2300606,1.369
2300705,3.049
2301505,1.432
3205200,74.866
2300754,11.867
2300804,2.491
3205309,55.789
5300108,888.816
2300101,1.2
2300150,1.972
2300200,13.401
2301000,183.251
2301109,18.715
2301208,5.855
2301703,3.539
2301802,0.624
2301851,3.707
2301901,18.828
2301950,3.128
2306108,3.886
2302008,4.402
2302057,4.808
2302107,9.409
2302206,21.11
2302305,4.231
2302404,7.682
2302503,11.012
2302602,15.525
2302701,7.443
2303105,4.03
2302800,11.07
2302909,2.003
2303006,3.323
2303659,1.984
2303204,5.792
2303303,2.21
2303402,2.709
2303501,69.21
2303600,1.568
2303709,162.056
2303808,3.878
2303907,2.874
2303931,1.472
2303956,3.707
2304004,5.074
2304103,25.058
2304202,37.09
2304236,3.005
2304251,5.117
2304269,2.087
2304277,0.647
2304285,60.273
2304905,1.644
2906105,1.525
2304301,2.125
2304350,1.985
2304400,285.06
2305654,2.189
2304459,4.629
2304509,2.059
2304608,0.584
2304657,1.478
2304707,7.806
2304806,0.275
2304954,3.944
2305001,6.523
2305100,1.047
2305209,3.345
2305233,28.083
2305266,1.088
2305308,3.664
2305332,1.502
2305357,4.876
2305407,5.502
2305506,20.628
2305605,3.856
2305704,1.852
2305803,6.836
2305902,6.742
2306009,3.619
2306207,1.426
2306256,22.597
2306306,6.421
2306603,4.517
2306405,24.078
2306504,2.454
2306553,6.413
2306702,2.134
2306801,2.801
2306900,7.075
2307007,5.266
2307106,2.015
2307205,1.642
2307254,2.173
2307601,11.245
2307304,62.962
2307403,4.403
2307502,3.711
2307635,2.763
2307650,52.451
2308104,6.316
2308203,1.998
2307700,20.262
2307809,2.766
2307908,2.284
2308005,4.887
2308351,2.422
2308377,2.333
2308401,4.499
2308500,4.118
2308609,2.25
2309805,0.932
2308708,13.653
2308807,1.067
2308906,2.286
2309003,3.123
2309102,1.344
2309201,4.172
2309300,9.046
2309409,6.784
2309458,3.594
2309508,3.962
2309607,20.491
2309706,25.087
2310100,0.871
2310209,14.992
2310258,7.183
2310308,4.228
2310407,1.671
2310506,6.033
2310605,1.962
2310704,5.27
2311009,5.519
2311108,1.331
2923100,3.366
2310803,1.616
2310852,7.349
2310902,1.933
2310951,1.688
2311207,1.556
2311231,0.841
2311264,2.366
2311306,21.192
2311355,1.467
2312205,9.305
2311405,20.216
2311504,5.948
2311603,4.913
2311702,4.081
2904506,1.64
2311801,21.857
2311900,1.965
2311959,2.852
2312007,3.223
2312106,2.242
2312304,12.987
2312403,54.689
2312502,1.278
2312601,1.908
2313104,7.122
2312700,3.61
2312809,2.143
2312908,35.246
2313005,3.93
2926103,3.297
2313203,6.868
2313252,0.806
2313302,11.059
2313351,1.473
2313401,15.719
2313500,12.855
2313559,2.983
2313609,6.072
2313708,0.96
2313757,2.713
2930501,18.417
2313807,2.677
2313906,2.411
2313955,6.312
2314003,9.062
2900801,3.835
2900900,0.786
2930600,2.158
2314102,5.395
2900108,1.724
2900207,1.907
2900306,14.863
2900355,1.921
2900405,3.192
2900504,0.778
2900603,0.569
2900702,47.105
2901700,1.502
2901809,1.511
2901007,9.113
2901106,7.571
2901155,3.841
2901205,3.441
2901304,4.058
2901353,2.119
2901403,3.509
2901502,0.829
2901601,1.562
2901908,7.211
2901957,0.935
2902005,2.891
2902054,1.478
2902104,6.877
2902203,4.169
2902252,1.239
2902302,1.527
2902401,1.504
2902500,2.369
2902609,3.791
2902658,1.71
2903300,0.58
2902708,6.846
2902807,5.632
2902906,5.728
2903003,1.835
2903102,0.726
2903201,50.978
2903235,2.052
2903276,1.55
2903409,2.821
2903508,3.707
2903607,1.464
2903706,2.254
2903805,1.548
2903904,15.676
2903953,1.194
2904001,2.659
2904050,1.629
2904100,4.24
2904209,2.639
2904308,1.808
2904605,15.316
2904704,1.969
2904753,3.799
2904803,0.554
2904852,2.304
2904902,2.973
2905008,6.432
2905107,1.194
2905156,1.101
2906006,4.159
2905206,12.136
2905305,2.077
2905404,2.035
2905503,0.965
2905602,5.038
2905701,206.567
2905800,3.12
2905909,3.144
2906204,3.277
2906303,6.224
2906402,1.269
2906501,16.791
2906600,3.948
2906709,7.728
2906808,3.57
2906824,3.761
2906857,2.482
2906873,6.903
2906899,1.368
2906907,4.386
2907004,0.751
2907103,4.477
2907202,7.097
2907301,4.206
2907400,0.386
2907509,10.732
2907558,1.066
2907608,1.999
2907707,1.187
2907806,4.875
2907905,3.386
2908002,2.767
2908101,3.764
2908200,3.669
2908309,2.225
2908408,10.45
2908507,11.007
2908606,6.849
2908705,4.043
2908804,1.099
2908903,3.055
2909000,1.645
2909109,3.496
2909208,1.425
2910859,2.233
2909307,6.074
2909406,3.585
2909505,1.205
2909604,4.392
2909703,1.394
2909802,26.546
2909901,3.066
2910008,0.407
2910909,0.853
2910057,22.657
2910107,0.801
2910206,0.488
2910305,1.419
2910404,2.25
2910503,7.07
2910602,12.144
2910701,8.391
2910727,28.776
2910750,1.446
2910776,1.741
2910800,161.897
2911006,0.674
2911105,5.258
2911204,4.519
2911253,0.619
2911303,1.915
2911402,1.101
2911501,0.531
2911600,2.659
2911659,0.981
2911709,27.388
2911808,1.847
2911857,1.473
2911907,6.305
2912004,2.774
2912103,2.52
2912202,4.782
2912301,2.391
2914307,2.158
2912400,2.866
2912509,2.661
2912608,0.622
2912707,0.74
2912806,1.028
2912905,2.368
2913002,2.401
2914406,5.72
2913101,2.702
2913200,9.651
2913309,1.784
2913408,3.27
2913457,1.13
2913507,1.643
2914505,5.586
2914604,20.971
2913606,26.967
2913705,3.743
2913804,1.935
2913903,8.043
2914000,8.166
2914109,1.987
2914208,1.683
2915353,0.826
2914653,3.748
2914703,9.463
2914802,32.041
2914901,2.045
2915007,2.047
2915106,1.921
2915205,3.513
2915304,1.026
2915403,0.832
2915502,2.382
2915601,12.954
2915700,1.169
2915809,3.608
2915908,0.863
2916005,2.943
2916104,8.417
2919009,0.31
2916203,0.949
2916302,1.83
2916401,13.71
2916500,2.653
2916609,0.89
2916708,1.531
2916807,2.879
2916856,4.475
2916906,1.64
2917003,2.216
2917102,2.101
2917201,4.129
2917300,4.628
2917334,1.393
2917359,1.421
2917409,2.44
2917508,17.781
2917607,10.32
2917706,4.996
2917805,2.711
2917904,2.803
2918001,39.592
2918100,3.628
2918209,1.485
2918308,1.425
2918357,2.407
2918407,50.154
2918456,0.589
2918506,3.942
2918555,0.9
2918605,1.662
2918704,0.843
2918753,1.579
2918803,1.182
2918902,0.61
2919058,1.499
2919108,0.603
2919157,2.452
2919207,36.729
2919306,3.122
2919405,3.274
2920007,1.083
2920106,3.367
2919504,8.816
2919553,37.599
2919603,2.309
2919702,3.355
2919801,6.32
2919900,0.998
2919926,2.365
2919959,1.48
2921500,2.914
2920205,1.536
2920304,1.796
2920403,2.138
2920452,1.927
2920502,4.981
2920601,4.561
2920700,0.945
2920809,1.923
2920908,1.975
2921609,1.962
2921005,16.502
2921054,1.683
2921104,4.714
2921203,3.965
2921302,2.08
2921401,7.258
2921450,0.668
2921708,8.258
2921807,2.827
2921906,1.674
2922003,11.154
2922052,1.663
2922102,4.657
2922201,1.505
2922250,0.613
2922300,4.448
2922409,2.635
2922508,5.529
2922607,0.773
2922656,2.64
2922706,1.361
2922730,1.874
2922755,0.472
2922805,1.138
2922854,1.404
2922904,3.517
2923001,17.575
2923035,1.348
2923050,0.935
2923209,3.996
2923308,1.137
2923357,1.819
2923407,4.481
2923506,4.523
2923605,7.262
2923704,5.744
2923803,3.143
2923902,0.842
2926202,3.866
2924009,24.266
2924058,1.67
2924108,0.52
2924207,0.79
2924306,5.31
2924405,3.809
2924504,1.97
1301001,5.584
2924603,2.207
2924652,1.837
2924678,0.703
2924702,1.845
2924801,5.949
2924900,1.514
2925006,5.18
2925105,13.407
2926301,7.65
2927200,7.605
2925204,9.973
2925253,2.976
2925303,48.783
2925402,1.104
2926400,4.895
2925501,10.289
2925600,3.498
2925709,2.028
2925758,2.9
2925808,4.845
2925907,2.136
2925931,1.112
2925956,3.941
2926004,6.532
2926608,9.423
2926657,1.317
2926707,2.941
2926806,3.17
2926905,2.426
2927002,10.01
2927309,3.386
2927408,259.562
2927507,3.473
2927606,0.95
2927705,19.202
2927804,0.706
2927903,3.024
2928000,5.274
2928059,1.386
2928109,11.967
2700201,1.505
2928208,7.699
2928307,0.896
2928406,6.59
2928505,1.263
2928604,6.436
2928703,19.113
2928802,13.157
1600055,1.12
2928901,2.717
2928950,1.622
2929008,1.078
2929057,3.216
2929107,3.48
2929206,10.458
2929255,3.303
2929305,11.711
2929354,0.682
2929370,2.421
2929404,1.02
2929503,8.151
2929602,2.572
2929701,1.867
2930303,2.508
2930402,1.977
2929750,5.715
2929800,1.548
2929909,7.159
2930006,2.827
2930105,15.261
2930154,8.792
2930204,3.851
2930709,42.666
2930758,2.32
2930766,1.113
2930774,5.847
2930808,4.745
2930907,1.897
2931004,4.899
2931053,5.589
2931103,1.584
2932101,3.871
2931202,3.921
2931301,2.741
2931350,32.57
2931400,2.3
2931509,2.905
2931608,0.581
2931707,2.189
2931806,2.261
2931905,7.424
2932002,2.717
2932200,2.477
2932309,2.429
2932408,4.02
2932457,2.103
2932507,4.8
2932606,3.2
2932705,3.63
2932804,3.242
2932903,15.397
2933000,4.724
2933059,2.937
2933109,2.381
2933158,2.522
2933174,1.29
2933307,132.742
2933208,33.821
2933257,0.423
2933406,2.06
2933455,2.266
2933505,2.451
1301100,2.803
2933604,6.317
1300029,1.442
1300060,1.484
1300086,0.656
1300102,2.792
1300144,7.326
1300201,0.919
1300300,4.898
1300409,5.469
1301159,0.208
1300508,6.137
1300607,6.032
1300631,2.089
1300680,2.434
1300706,16.991
1300805,2.918
1300839,1.273
1300904,1.665
1301209,10.643
1301308,2.616
1301407,7.226
1301506,4.615
1301605,6.943
1301654,1.855
1301704,8.631
1301803,2.077
1302504,9.524
1301852,11.637
1301902,13.531
1301951,1.098
1302009,2.373
1302108,1.04
1302207,1.458
1302306,3.04
1302405,6.138
1302553,1.194
1303106,4.746
1302603,427.085
1302702,7.112
1302801,2.006
1302900,8.649
1303007,0.845
1303205,3.719
1303304,5.329
1303403,15.334
1303502,1.714
1303536,6.484
1303569,9.593
1303601,2.084
1303700,4.405
1303809,14.786
1303908,6.484
1303957,2.794
1304005,1.948
1304062,9.633
1304104,2.567
1304203,9.69
1304237,2.013
1304260,1.463
1304302,2.501
1304401,3.476
1600105,2.438
1600154,2.397
1600204,2.944
1600212,0.751
1600238,2.049
1600253,0.729
1600279,9.648
1600709,2.948
1600808,1.822
2700102,1.227
1600303,128.123
1600402,4.893
1600501,7.511
1600535,5.17
1600550,1.073
1600600,24.536
2700300,59
2700409,6.16
2700508,4.326
2700607,6.151
2700706,1.909
2700805,0.773
2700904,0.192
2701001,2.371
2701100,0.562
2705507,3.647
2701209,1.738
2701308,1.935
2701357,0.634
2701407,2.258
2701506,0.736
2701605,1.342
2701704,1.627
2701803,1.139
2701902,0.717
2705606,0.784
2702009,1.671
2702108,1.2
2702207,0.801
2702306,13.246
2702355,1.908
2702405,14.488
2702504,0.82
2702553,1.038
2702603,0.756
2702702,0.636
2702801,0.694
2702900,2.461
2703007,1.144
2703106,1.799
2703205,0.918
2703304,1.005
2703403,0.596
2703502,0.663
2705705,2.87
2703601,1.049
2703700,0.344
2703759,0.654
2703809,1.466
2703908,0.503
2704005,1.532
2704104,2.081
2704203,0.297
2705804,0.993
2705903,0.42
2706000,0.835
2706109,1.422
2704302,138.938
2704401,2.261
2704500,7.654
2704609,0.919
2704708,18.224
2704807,1.238
2704906,0.421
2705002,1.156
2705101,2.623
2705200,1.507
2705309,0.708
2705408,0.793
2708402,3.041
2706208,0.553
2706307,13.818
2706406,1.964
2706422,0.846
2706448,5.209
2706505,1.167
2706604,1.038
2706703,10.285
1200351,1.101
2706802,1.237
2706901,5.537
2707008,0.32
2707107,3.544
2707206,0.566
2707305,2.713
2707404,1.747
2707503,1.248
2707602,1.331
2707701,20.651
2707800,0.56
2707909,1.308
2708006,6.125
2708105,0.749
2708204,0.549
2708303,1.748
2708501,2.69
2708600,9.883
2708709,0.868
2708808,3.628
2708907,2.601
2708956,0.66
2709004,0.498
2709103,2.966
2709152,7.344
2709202,1.417
2709301,8.509
2709400,4.442
1200013,8.012
1200054,2.16
1200104,6.471
1200138,3.215
1200179,1.46
1200385,8.074
1200393,1.385
1200203,24.794
1200252,4.775
1200302,6.061
1200328,1.625
1200336,7.843
1200344,2.141
1200401,116.808
1200427,1.549
1200435,1.349
1200450,6.787
1200500,7.386
1200609,6.663
1200708,3.866
1200807,1.444
2611101,73.074
