"city_code","city.area"
1100015,7067
1100023,4426.6
1100031,1314.4
1100049,3792.8
1100056,2783.3
1100064,1451.1
1100072,3060.3
1100080,4987.2
1100098,4518
1100106,24855.8
1100114,2944.1
1100122,6896.7
1100130,8509.3
1100148,1155.4
1100155,1969.9
1100189,6240.9
1100205,34096.4
1100254,1758.5
1100262,1717.6
1100288,1457.9
1100296,1197.8
1100304,11519
1100320,8007.9
1100338,10071.7
1100346,3029.2
1100379,3958.3
1100403,2651.8
1100452,3265.8
1100502,843.4
1100601,1961.8
1100700,3442
1100809,6843.9
1100908,892.8
1100924,5126.7
1100940,3863.9
1101005,5067.4
1101104,4081.6
1101203,798.1
1101302,1191.9
1101401,1931.4
1101435,807.1
1101450,2548.7
1101468,6014.7
1101476,605.7
1101484,541.6
1101492,10959.8
1101500,3773.5
1101559,460
1101609,2197.4
1101708,831.9
1101757,3135.1
1101807,965.7
1200013,1807.9
1200054,4974.2
1200104,3916.5
1200138,3034.8
1200179,1702.6
1200203,8779.2
1200252,1654.8
1200302,27974.6
1200328,5357.3
1200336,5453
1200344,10634.5
1200351,8191.7
1200385,1943.2
1200393,6443.9
1200401,8835.7
1200427,3077
1200435,6145.6
1200450,2321.5
1200500,23751.3
1200609,20171
1200708,5347.3
1200807,2604.7
1300029,5911.8
1300060,4758.7
1300086,2453.9
1300102,5795.3
1300144,54239.9
1300201,76351.9
1300300,7599.4
1300409,122476
1300508,5750.6
1300607,8793.4
1300631,17250.7
1300680,2586.8
1300706,21952.8
1300805,44251.7
1300839,9456.6
1300904,29819.7
1301001,25767.7
1301100,6091.5
1301159,2631.1
1301209,57921.9
1301308,18711.5
1301407,15011.8
1301506,7499.4
1301605,12110.9
1301654,7579.6
1301704,33071.8
1301803,12044.8
1301852,2214.3
1301902,8892
1301951,25276
1302009,4231.1
1302108,55791.9
1302207,19400.7
1302306,69551.9
1302405,68234
1302504,7330.1
1302553,3975.8
1302603,11401.1
1302702,48282.7
1302801,16910.4
1302900,39989.9
1303007,14105.6
1303106,5608.6
1303205,37771.3
1303304,41188.5
1303403,5952.4
1303502,41610.3
1303536,25422.3
1303569,5813.2
1303601,62846.4
1303700,12307.2
1303809,109183.5
1303908,19745.9
1303957,10741.1
1304005,3748.8
1304062,3224.9
1304104,89325.3
1304203,23704.5
1304237,6432.7
1304260,10246.2
1304302,27903.4
1304401,2906.7
1400027,28472.3
1400050,25567
1400100,5687
1400159,8095.4
1400175,7664.8
1400209,47410.9
1400233,12066.2
1400282,14409.6
1400308,12461.2
1400407,6966.8
1400456,8028.5
1400472,33594
1400506,4285
1400605,1526.9
1400704,8065.5
1500107,1610.6
1500131,614.3
1500206,4343.8
1500305,8372.8
1500347,7113.9
1500404,23645.4
1500503,72954.5
1500602,159533.4
1500701,6921.7
1500800,190.5
1500859,11895.5
1500909,1091.5
1500958,1811.8
1501006,17073.8
1501105,4397.3
1501204,3758.3
1501253,2956.6
1501303,1310.3
1501402,1059.4
1501451,4398.4
1501501,187.8
1501576,2816.5
1501600,586.7
1501709,2091.9
1501725,6362.6
1501758,1288.5
1501782,3941.9
1501808,9550.5
1501907,1005.2
1501956,2462
1502004,3101.7
1502103,3081.4
1502152,3146.4
1502202,613.6
1502301,2899.5
1502400,1028.9
1502509,13084.9
1502608,609.8
1502707,5829.5
1502756,690.9
1502764,17085
1502772,2368.7
1502806,3617.2
1502855,1431.2
1502905,672.7
1502939,5268.8
1502954,2956.7
1503002,11770.6
1503044,3444.3
1503077,1599
1503093,7023.9
1503101,8540.1
1503200,786
1503309,1996.8
1503408,471.4
1503457,5215.5
1503507,1379.4
1503606,62040.1
1503705,7880.1
1503754,53303
1503804,2008.3
1503903,8305.1
1504000,1490.2
1504059,469.5
1504109,323.7
1504208,15128.4
1504307,857.2
1504406,796
1504422,103.3
1504455,8272.6
1504505,6774
1504604,870.8
1504703,9094.1
1504802,18152.5
1504901,3765.5
1504950,2809.6
1504976,1564.2
1505007,489.9
1505031,38162.4
1505064,15398.7
1505106,28021.3
1505205,3852.3
1505304,107603.2
1505403,562.4
1505437,14339.4
1505486,11832.3
1505494,984.4
1505502,19341.9
1505536,6957.3
1505551,1671.4
1505601,451.3
1505635,3312.7
1505650,7173.2
1505700,3365.1
1505809,25384.9
1505908,17423.2
1506005,14786.7
1506104,258.6
1506112,324.3
1506138,3823.8
1506161,4114.6
1506187,8246.4
1506195,7021.3
1506203,237.5
1506302,1039.1
1506351,278.2
1506401,1075.2
1506500,717.7
1506559,1356.1
1506583,10330.2
1506609,457.7
1506708,11591.5
1506807,22886.8
1506906,229.5
1507003,537.6
1507102,743.5
1507151,1392.5
1507201,1677.3
1507300,84213.1
1507409,479.6
1507458,3168.4
1507466,195.9
1507474,705.8
1507508,1279.9
1507607,1110.2
1507706,1632.2
1507755,1298.2
1507805,14374.2
1507904,3517.3
1507953,4430.2
1507961,206.4
1507979,1896.5
1508001,5145.3
1508035,936.1
1508050,11991.1
1508084,2512.6
1508100,2086.2
1508126,5088.4
1508159,10791.3
1508209,539.1
1508308,4915
1508357,3135.2
1508407,3779.3
1600055,7756.1
1600105,9175.9
1600154,9495.5
1600204,14269.3
1600212,2114.2
1600238,5046.2
1600253,1704
1600279,30971.8
1600303,6408.5
1600402,13130.9
1600501,22625.1
1600535,4401.8
1600550,4956.5
1600600,1579.6
1600709,6709.6
1600808,2482.9
1700251,1895.2
1700301,235.4
1700350,1579.7
1700400,4013.2
1700707,1212.2
1701002,1577
1701051,451.7
1701101,1160.4
1701309,1173.1
1701903,2778.5
1702000,5167.9
1702109,4000.4
1702158,836
1702208,2625.3
1702307,1552.2
1702406,5786.9
1702554,395
1702703,752.8
1702901,150.2
1703008,1788.5
1703057,1541.8
1703073,1106.3
1703107,713.3
1703206,926.9
1703305,1332.7
1703602,641.5
1703701,1724.4
1703800,251.9
1703826,352.3
1703842,3240.2
1703867,1128.6
1703883,339.4
1703891,192.9
1703909,1691.6
1704105,1954.7
1704600,659.2
1705102,1646.5
1705508,843.8
1705557,209.6
1705607,2500.7
1706001,1585.8
1706100,1848.2
1706258,986.7
1706506,1639.2
1707009,3217.1
1707108,2347.4
1707207,3757
1707306,3424.8
1707405,504
1707553,382.9
1707652,1930.1
1707702,1988.1
1708205,13423.3
1708254,621.6
1708304,1801
1709005,6408.6
1709302,2268.2
1709500,1836.1
1709807,815.3
1710508,3051.4
1710706,739.8
1710904,1244
1711100,973
1711506,2173
1711803,481
1711902,10564.6
1711951,911.3
1712009,322.5
1712157,519.6
1712405,5723.2
1712454,279.6
1712504,2091.4
1712702,9583.5
1712801,738.1
1713205,2656.1
1713304,1031.6
1713601,3616.7
1713700,1091.6
1713809,747.9
1713957,1186.6
1714203,3240.7
1714302,395.9
1714880,1566.2
1715002,516.3
1715101,2671.9
1715150,200.1
1715259,1309.7
1715507,205.8
1715705,2640.8
1715754,1703.9
1716109,1268.1
1716208,11260.2
1716307,1377.4
1716505,2010.9
1716604,5291.2
1716653,1209.8
1716703,990.7
1717008,1559.1
1717206,1367.6
1717503,10013.9
1717800,1806.1
1717909,6491.1
1718006,502
1718204,4449.9
1718303,289.1
1718402,770.4
1718451,401.8
1718501,2216.7
1718550,517.5
1718659,787.1
1718709,845.1
1718758,6357.1
1718808,222.3
1718840,3528.6
1718865,1678.1
1718881,1410.5
1718899,3274.9
1718907,1796.3
1719004,539.9
1720002,269.7
1720101,1105.9
1720150,1908.7
1720200,398.8
1720259,1422
1720309,287.3
1720499,2519.6
1720655,1258.8
1720804,324.1
1720853,1025.5
1720903,2437.4
1720937,1116.2
1720978,2156.9
1721000,2218.9
1721109,2601.6
1721208,1077.1
1721257,712.2
1721307,895.3
1722081,1373.1
1722107,1186.4
2100055,5806.4
2100105,371.3
2100154,443.3
2100204,1486.7
2100303,1942.1
2100402,721.5
2100436,383.3
2100477,1932.3
2100501,11132.1
2100550,502.4
2100600,7438
2100709,1011.1
2100808,608.3
2100832,353.2
2100873,805.2
2100907,1782.6
2100956,3008.7
2101004,1100.3
2101103,203.2
2101202,1683.1
2101251,615.6
2101301,787.9
2101350,674.5
2101400,13141.7
2101509,2247.2
2101608,5202.7
2101707,3112
2101731,499.4
2101772,255.4
2101806,1781.7
2101905,769
2101939,261.5
2101970,403.5
2102002,6590.5
2102036,2679.1
2102077,446
2102101,1074.6
2102150,1059.3
2102200,1474
2102309,1582.5
2102325,2545.6
2102358,818.4
2102374,705.6
2102408,908.7
2102507,662.1
2102556,615.4
2102606,1633.7
2102705,773
2102754,590.5
2102804,6441.6
2102903,1232.1
2103000,5150.6
2103109,289
2103125,319.1
2103158,1074.1
2103174,8258.4
2103208,3247.4
2103257,1464
2103307,4361.3
2103406,975.5
2103505,1980.5
2103554,733.2
2103604,2263.8
2103703,1223.4
2103752,336
2103802,358.5
2103901,317.9
2104008,480.9
2104057,2719
2104073,1473.4
2104081,5086.6
2104099,3950.5
2104107,1664.3
2104206,695
2104305,674.4
2104404,878.5
2104503,450.9
2104552,615.8
2104602,817
2104628,373.2
2104651,1160.5
2104677,1037.1
2104701,271.4
2104800,8830.9
2104909,595.4
2105005,2131.3
2105104,1448.8
2105153,368.7
2105203,374.2
2105302,1369
2105351,1238.8
2105401,1471.4
2105427,3581.7
2105450,591.4
2105476,1962.9
2105500,636.9
2105609,681.7
2105658,555.1
2105708,1223.2
2105807,309
2105906,623.2
2105922,1688
2105948,180.4
2105963,744.3
2105989,1047.7
2106003,321.9
2106102,3596.8
2106201,464.1
2106300,433.1
2106326,629.3
2106359,1447.7
2106375,972.6
2106409,548.4
2106508,408.7
2106607,1976.1
2106631,794.6
2106672,634.7
2106706,8450.8
2106755,341.1
2106805,687.7
2106904,1302
2107001,1488.3
2107100,1715.1
2107209,572.5
2107258,743.1
2107308,976.8
2107357,2452.6
2107407,695.3
2107456,197.6
2107506,124.8
2107605,525.6
2107704,530.5
2107803,3439.2
2107902,1358.3
2108009,1635.3
2108058,979.2
2108108,1053.4
2108207,288.4
2108256,1749.9
2108306,738.3
2108405,405.3
2108454,824.7
2108504,244.8
2108603,1513
2108702,545.1
2108801,688.8
2108900,979.2
2109007,1417.5
2109056,213
2109106,771.6
2109205,354.7
2109239,437.7
2109270,724.2
2109304,459.4
2109403,1367.7
2109452,64.4
2109502,6373
2109551,750.6
2109601,685
2109700,2478.7
2109759,602.3
2109809,2308.2
2109908,410
2110005,4766.1
2110039,897.1
2110104,1917.6
2110203,706.4
2110237,932
2110278,1601.2
2110302,770.9
2110401,931.5
2110500,459.1
2110609,1006.9
2110658,960.9
2110708,1152
2110807,2032.4
2110856,745.6
2110906,2347.2
2111003,690.7
2111029,615.7
2111052,2053.8
2111078,1438.1
2111102,1500.6
2111201,388.4
2111250,362.7
2111300,834.8
2111409,968.6
2111508,783.2
2111532,720.5
2111573,979.6
2111607,3521.5
2111631,419.4
2111672,227.5
2111706,390.8
2111722,441.8
2111748,426.4
2111763,1236.7
2111789,1207.1
2111805,3114.9
2111904,1074.5
2111953,565
2112001,4383
2112100,1486.6
2112209,1743.2
2112233,222.9
2112274,271
2112308,3390
2112407,2578.5
2112456,1511.8
2112506,1651.6
2112605,1207.6
2112704,1957.7
2112803,1168.4
2112852,1188.8
2112902,716.7
2113009,1305.1
2114007,2416.1
2200053,1279.6
2200103,112.4
2200202,97
2200251,533
2200277,282.7
2200301,1737.8
2200400,957.7
2200459,2132
2200509,1155.2
2200608,223.4
2200707,337.9
2200806,645.7
2200905,821.7
2200954,257.1
2201002,682.8
2201051,1690.7
2201101,1305.5
2201150,7808.9
2201176,263.4
2201200,1719.8
2201309,2028.3
2201408,131.1
2201507,1588.9
2201556,499.4
2201572,243.3
2201606,788.6
2201705,1225.3
2201739,564.7
2201770,337.6
2201804,268.6
2201903,5469.2
2201919,521.6
2201929,289.2
2201945,278.3
2201960,880.9
2201988,2183.3
2202000,691.2
2202026,2652.1
2202059,608.5
2202075,514.4
2202083,271.7
2202091,494.9
2202109,831.2
2202117,657.8
2202133,311.8
2202174,477.8
2202208,1675.7
2202251,2162.9
2202307,4325.6
2202406,592.2
2202455,1134.1
2202505,1611
2202539,471.5
2202554,501.3
2202604,2035.2
2202653,488.2
2202703,1269.5
2202711,282.1
2202729,357.7
2202737,485.5
2202752,430.6
2202778,947.9
2202802,831.4
2202851,1914.8
2202901,3048.4
2203008,1202.9
2203107,1846.3
2203206,2337.5
2203230,3156.6
2203255,345.8
2203271,752.3
2203305,216.8
2203354,1017.1
2203404,219.1
2203420,846.8
2203453,3870.2
2203503,1347.5
2203602,1090.4
2203701,911.2
2203750,712.9
2203800,946.7
2203859,194.7
2203909,3409.6
2204006,268.7
2204105,656.5
2204154,155.3
2204204,491.9
2204303,775.7
2204352,462.5
2204402,3494.9
2204501,1023.6
2204550,3118.2
2204600,224.5
2204659,134.3
2204709,978.2
2204808,527.7
2204907,776.1
2205003,828.1
2205102,2554.2
2205151,1370.7
2205201,865.1
2205250,509.8
2205276,653.2
2205300,1867.3
2205359,1800.2
2205409,739.6
2205458,166.4
2205508,1538.2
2205516,827.2
2205524,1297.1
2205532,1271.9
2205540,67.5
2205557,394.7
2205565,1261.9
2205573,155.6
2205581,426.6
2205599,804.7
2205607,1088.6
2205706,1070.9
2205805,704.3
2205854,177.2
2205904,1619
2205953,143.9
2206001,677.4
2206050,521.1
2206100,226.4
2206209,1393.7
2206308,93.5
2206357,1371.7
2206407,568.7
2206506,401.4
2206605,2417.9
2206654,2116.9
2206670,328.3
2206696,481.7
2206704,1315.8
2206720,363.6
2206753,356.3
2206803,358.5
2206902,525.3
2206951,481.7
2207009,2702.5
2207108,219.6
2207207,272
2207306,401.4
2207355,1079.2
2207405,2023.5
2207504,1499.2
2207553,448.5
2207603,3429.3
2207702,435.6
2207751,849.6
2207777,751.6
2207793,430.8
2207801,1969.9
2207850,1090.7
2207900,1518.2
2207934,870.3
2207959,909.7
2208007,534.7
2208106,4563.1
2208205,1947.1
2208304,2380.4
2208403,1408.9
2208502,252.7
2208551,1169.4
2208601,196.3
2208650,1352.4
2208700,2468
2208809,1251
2208858,2222.1
2208874,1004.2
2208908,3978.9
2209005,635.9
2209104,611.6
2209153,979.7
2209203,5285.4
2209302,1186.8
2209351,141.1
2209377,340.2
2209401,387.4
2209450,33.1
2209500,852.9
2209559,656.4
2209609,657.2
2209658,1100.4
2209708,1340.7
2209757,1385.3
2209807,150.2
2209856,480.3
2209872,764.9
2209906,1006.5
2209955,395.3
2209971,213.4
2210003,1527.8
2210052,319.1
2210102,1287.2
2210201,364.9
2210300,257.2
2210359,672.7
2210375,220.4
2210383,384.2
2210391,813.4
2210409,5207
2210508,518.3
2210607,2415.6
2210623,893.7
2210631,3151.6
2210656,967
2210706,1071.5
2210805,1345.8
2210904,761.9
2210938,209.7
2210953,1587.3
2210979,398.7
2211001,1392
2211100,1173.4
2211209,8411.9
2211308,1334.6
2211357,450.8
2211407,237
2211506,342
2211605,218.3
2211704,270
2300101,178.8
2300150,160.3
2300200,842.6
2300309,2253.8
2300408,2434.4
2300507,138.6
2300606,73.3
2300705,1338.2
2300754,1179
2300804,260.1
2300903,552.3
2301000,482.6
2301109,1247.3
2301208,656.6
2301257,344.1
2301307,1099.9
2301406,114.8
2301505,1066.4
2301604,1116.3
2301703,889.9
2301802,146.4
2301851,1080
2301901,599.3
2301950,240.9
2302008,711.9
2302057,383.4
2302107,308.6
2302206,1623.9
2302305,824.4
2302404,2836.8
2302503,663.4
2302602,1139.2
2302701,1082.8
2302800,3218.5
2302909,222.5
2303006,846.5
2303105,756.9
2303204,637.4
2303303,1061.8
2303402,364.8
2303501,837.3
2303600,486.9
2303659,783.2
2303709,1223.8
2303808,725.8
2303907,238.2
2303931,815.8
2303956,278.4
2304004,775.8
2304103,2988.3
2304202,1157.9
2304236,697
2304251,334.1
2304269,470.4
2304277,396
2304285,79
2304301,503.6
2304350,517
2304400,314.9
2304459,282.1
2304509,181.2
2304608,187.1
2304657,281.9
2304707,2698.1
2304806,100.1
2304905,155.9
2304954,254
2305001,611.5
2305100,100.9
2305209,927.4
2305233,160
2305266,877.3
2305308,414.9
2305332,424.2
2305357,423.4
2305407,1872
2305506,1017.1
2305605,3218.7
2305654,702.1
2305704,273.8
2305803,629.3
2305902,1477.4
2306009,824
2306108,1450.7
2306207,209.9
2306256,151.4
2306306,430.4
2306405,1603.7
2306504,588.7
2306553,720.7
2306603,783.4
2306702,1759.7
2306801,668.7
2306900,1876.8
2307007,847.3
2307106,519.1
2307205,361.1
2307254,204.8
2307304,248.2
2307403,937.2
2307502,948
2307601,751.8
2307635,1026.3
2307650,111.3
2307700,590.9
2307809,574.1
2307908,299
2308005,566.6
2308104,1079
2308203,149.8
2308302,577
2308351,502.3
2308377,700
2308401,650.5
2308500,2119.5
2308609,893.6
2308708,2779.2
2308807,415.6
2308906,415.6
2309003,190.6
2309102,95.6
2309201,284.4
2309300,742.8
2309409,946.2
2309458,765.4
2309508,576.3
2309607,254.5
2309706,145.1
2309805,109.6
2309904,76.1
2310001,440.4
2310100,117.8
2310209,296.2
2310258,300.9
2310308,2312.4
2310407,482.6
2310506,1303.3
2310605,141.9
2310704,1378.3
2310803,423.1
2310852,73
2310902,587.9
2310951,243.1
2311009,1309.3
2311108,217.6
2311207,338.7
2311231,404.6
2311264,1041
2311306,2019.8
2311355,583.2
2311405,3330.1
2311504,610.8
2311603,225.6
2311702,383.3
2311801,1591.3
2311900,1383.5
2311959,804.3
2312007,969.3
2312106,855.6
2312205,4260.5
2312304,338.2
2312403,838.5
2312502,280.5
2312601,122.4
2312700,956.1
2312809,423.9
2312908,2122.9
2313005,1536.2
2313104,861.8
2313203,2000.8
2313252,454.4
2313302,4009.3
2313351,781.7
2313401,908.9
2313500,925.7
2313559,202.3
2313609,421
2313708,263.9
2313757,316.8
2313807,107.6
2313906,696.7
2313955,179.4
2314003,835.7
2314102,1311.6
2400109,608.6
2400208,1303.4
2400307,576.2
2400406,50.7
2400505,381.2
2400604,128
2400703,191.3
2400802,741.6
2400901,244.6
2401008,1602.5
2401107,357.6
2401206,115.5
2401305,896.9
2401404,245.7
2401453,825.7
2401503,152.6
2401602,301.1
2401651,253.5
2401701,122
2401800,61.6
2401859,189.5
2401909,261.2
2402006,1228.6
2402105,213.7
2402204,245.4
2402303,1095
2402402,245.6
2402501,542.5
2402600,724.4
2402709,393.6
2402808,185.7
2402907,117.1
2403004,295.8
2403103,864.3
2403202,108.3
2403251,123.6
2403301,125.7
2403400,265
2403509,135.8
2403608,139.6
2403707,268.6
2403756,322.6
2403806,504.9
2403905,181.6
2404002,63.3
2404101,342.2
2404200,192.3
2404309,1129.3
2404408,126.5
2404507,259
2404606,312
2404705,374.2
2404804,127.3
2404853,203.6
2404903,133
2405009,54.6
2405108,435.9
2405207,304.9
2405306,187.2
2405405,189
2405504,254
2405603,330.5
2405702,368.6
2405801,715
2405900,88.2
2406007,117.6
2406106,933.7
2406155,44.6
2406205,105.7
2406304,117.7
2406403,112.8
2406502,176.3
2406601,79.3
2406700,676.6
2406809,130.2
2406908,30.9
2407005,166.6
2407104,510.8
2407203,788
2407252,32
2407302,345.7
2407401,169.5
2407500,131.3
2407609,135.1
2407708,82.2
2407807,211.3
2407906,71.9
2408003,2099.3
2408102,167.2
2408201,307.8
2408300,277.7
2408409,141.2
2408508,253.3
2408607,81.4
2408706,383.2
2408805,274.7
2408904,513.1
2408953,150.3
2409100,42.1
2409209,41.2
2409308,319.1
2409332,219.6
2409407,260
2409506,221.4
2409605,295
2409704,952.8
2409803,192.7
2409902,419.1
2410009,82.7
2410108,230.4
2410207,110.1
2410256,319
2410306,167.3
2410405,504.3
2410504,78.2
2410603,100.1
2410702,127.2
2410801,128.1
2410900,262.9
2411007,154.8
2411056,169.2
2411106,125.8
2411205,624.4
2411403,1419.4
2411429,188.4
2411502,301.1
2411601,288.7
2411700,190.8
2411809,404.4
2411908,75.6
2412005,249.1
2412104,277
2412203,290.3
2412302,341.1
2412401,174.5
2412500,171.7
2412559,342
2412609,240.4
2412708,195.2
2412807,469.1
2412906,862.6
2413003,197.8
2413102,167.6
2413201,25.9
2413300,96.6
2413359,616.5
2413409,562.4
2413508,193.4
2413557,122.6
2413607,157.9
2413706,213.5
2413805,124.1
2413904,352.8
2414001,356.8
2414100,223.7
2414159,74.4
2414209,101.8
2414308,135.5
2414407,840.4
2414456,268.7
2414506,213.6
2414605,873.9
2414704,72.7
2414753,71.6
2414803,83.5
2414902,37.9
2415008,47.7
2500106,236.6
2500205,344.7
2500304,320.6
2500403,122.3
2500502,97
2500536,305.4
2500577,220.2
2500601,182.7
2500700,474.4
2500734,122
2500775,295.7
2500809,231.2
2500908,99.1
2501005,245.7
2501104,269.5
2501153,96.3
2501203,33.1
2501302,374.7
2501351,126.4
2501401,102.4
2501500,257.9
2501534,50.6
2501575,376.9
2501609,775.7
2501708,595.2
2501807,32
2501906,100.2
2502003,603
2502052,50.6
2502102,170.6
2502151,476.5
2502201,47.6
2502300,184.1
2502409,228.3
2502508,372
2502607,192.3
2502706,26
2502805,398.9
2502904,93.8
2503001,150.2
2503100,452.9
2503209,31.9
2503308,193.1
2503407,220.4
2503506,163.7
2503555,126.5
2503605,127.9
2503704,565.9
2503753,287.9
2503803,55.9
2503902,543.7
2504009,594.2
2504033,78.2
2504074,497.2
2504108,54.5
2504157,201.4
2504207,529.5
2504306,552.1
2504355,118.1
2504405,579.4
2504504,280.9
2504603,172.9
2504702,333.5
2504801,379.5
2504850,169.9
2504900,195.6
2505006,137
2505105,741.8
2505204,39.3
2505238,108.4
2505279,85.1
2505303,223
2505352,185.7
2505402,179.4
2505501,61.4
2505600,269.1
2505709,166.2
2505808,26.3
2505907,240.9
2506004,163.8
2506103,189
2506202,244.3
2506251,192.4
2506301,165.7
2506400,346.1
2506509,343.2
2506608,244.5
2506707,317
2506806,288
2506905,218.8
2507002,468.1
2507101,146.1
2507200,244.2
2507309,253
2507408,179.3
2507507,211.5
2507606,70.8
2507705,467.5
2507804,170.4
2507903,78.8
2508000,403.3
2508109,177.9
2508208,84.5
2508307,107.6
2508406,102.7
2508505,260.2
2508554,38
2508604,88.9
2508703,243.8
2508802,156.2
2508901,340.5
2509008,352.6
2509057,122.9
2509107,154.8
2509156,63.6
2509206,206
2509305,184.3
2509339,38.1
2509370,83.5
2509396,83.7
2509404,193.9
2509503,31.6
2509602,116.2
2509701,986.4
2509800,195.3
2509909,205
2510006,191.5
2510105,47.4
2510204,84.3
2510303,310.4
2510402,596.1
2510501,317.9
2510600,129.4
2510659,128.5
2510709,111.9
2510808,473.1
2510907,576.9
2511004,112.9
2511103,351.7
2511202,400.4
2511301,564.7
2511400,661.7
2511509,102.4
2511608,64.4
2511707,43.9
2511806,79.8
2511905,136.4
2512002,628.1
2512036,97.2
2512077,101
2512101,888.8
2512200,192
2512309,368
2512408,72.7
2512507,401.8
2512606,156.7
2512705,178
2512721,73.6
2512747,90.2
2512754,38.4
2512762,39.9
2512788,91.3
2512804,264
2512903,464.9
2513000,184.2
2513109,201.9
2513158,227.9
2513208,210.2
2513307,210.3
2513356,324.4
2513406,455.7
2513505,402.2
2513604,353.8
2513653,74
2513703,726.8
2513802,358
2513851,225.2
2513901,248.2
2513927,196
2513943,218.8
2513968,169.1
2513984,95.1
2514008,653.6
2514107,816.1
2514206,341.8
2514305,176.3
2514404,725.7
2514453,98.2
2514503,677.3
2514552,158
2514602,134.7
2514651,253
2514701,206.9
2514800,417.7
2514909,530.7
2515005,92.5
2515104,49.9
2515203,460.6
2515302,315.5
2515401,276.5
2515500,686.9
2515609,29.1
2515708,83.5
2515807,55.9
2515906,65.3
2515930,32.8
2515971,61.7
2516003,232.1
2516102,560
2516151,154.7
2516201,738.5
2516300,838.1
2516409,246.7
2516508,662.9
2516607,237.3
2516706,160.9
2516755,105.3
2516805,219.9
2516904,294.5
2517001,181.3
2517100,190.4
2517209,146.8
2517407,109.4
2600054,130.3
2600104,377.7
2600203,1490.6
2600302,201.4
2600401,533.3
2600500,886
2600609,217.8
2600708,272.8
2600807,454.5
2600906,235
2601003,118
2601052,92.3
2601102,1892.6
2601201,350.9
2601300,114.6
2601409,233.4
2601508,73.7
2601607,1830.8
2601706,647.7
2601805,1244.1
2601904,490.8
2602001,1616.5
2602100,792.2
2602209,218.4
2602308,395.6
2602407,159.8
2602506,106.3
2602605,762.4
2602704,93.2
2602803,1347.6
2602902,446.6
2603009,1657.9
2603108,179.3
2603207,329.5
2603306,121.9
2603405,179.3
2603454,51.2
2603504,72.5
2603603,37.5
2603702,423.1
2603801,336.3
2603900,427.8
2603926,1004.7
2604007,144.9
2604106,920.6
2604155,115.9
2604205,207.2
2604304,171.6
2604403,48.5
2604502,84.8
2604601,89.6
2604700,328.7
2604809,101.3
2604908,292.2
2605004,105.6
2605103,1404.1
2605152,1537.6
2605202,347
2605301,1337.5
2605400,107.7
2605459,17
2605509,89.3
2605608,995.6
2605707,3644.2
2605806,212.7
2605905,256
2606002,458.6
2606101,231.8
2606200,501.9
2606309,521.9
2606408,505.1
2606507,635.1
2606606,1954.7
2606705,189.6
2606804,305.6
2606903,838.1
2607000,1182.5
2607109,243.7
2607208,532.6
2607307,861.4
2607406,430
2607505,1083.7
2607604,66.7
2607653,304.8
2607703,404.8
2607752,74.2
2607802,103.4
2607901,258.6
2607950,87.2
2608008,672.2
2608057,277.9
2608107,138.3
2608206,121.9
2608255,120.6
2608305,105
2608404,148.3
2608453,69.7
2608503,57.3
2608602,198.8
2608701,222.9
2608750,1852.3
2608800,189.1
2608909,273.7
2609006,108
2609105,60
2609154,381.3
2609204,199.9
2609303,821.7
2609402,196.1
2609501,150.3
2609600,41.7
2609709,138.7
2609808,554.8
2609907,2422.9
2610004,339.3
2610103,158
2610202,370.9
2610301,230.9
2610400,2595.9
2610509,326.8
2610608,277.5
2610707,97.4
2610806,803.1
2610905,995.5
2611002,1056.6
2611101,4558.4
2611200,246.7
2611309,204.1
2611408,110.2
2611507,230.6
2611533,210.7
2611606,218.5
2611705,314
2611804,287.9
2611903,227.5
2612000,191
2612109,88.8
2612208,1686.8
2612307,252.1
2612406,268.7
2612455,1255.9
2612471,114.9
2612505,335.3
2612554,1005
2612604,3001.2
2612703,92.1
2612802,195.6
2612901,160.5
2613008,719.2
2613107,382.5
2613206,258.3
2613305,231.8
2613404,69.3
2613503,1474.1
2613602,798.9
2613701,262.2
2613800,114
2613909,2980
2614006,1514.4
2614105,2421.5
2614204,369.1
2614303,404.6
2614402,138.4
2614501,252.9
2614600,388
2614709,227.6
2614808,1264.5
2614857,214.3
2615003,475.2
2615102,151.4
2615201,321.4
2615300,292.3
2615409,25.7
2615508,118.4
2615607,229.5
2615706,191.5
2615805,884.4
2615904,178.6
2616001,320.7
2616100,476
2616183,73.6
2616209,196.3
2616308,228
2616407,371.8
2616506,110.8
2700102,454.6
2700201,189.5
2700300,356.2
2700409,528.8
2700508,138.4
2700607,76.6
2700706,320.9
2700805,48.6
2700904,334.1
2701001,186.5
2701100,166.3
2701209,273
2701308,124.3
2701357,66.4
2701407,295.1
2701506,167.3
2701605,574.6
2701704,242.6
2701803,113.1
2701902,172.8
2702009,88.5
2702108,207.9
2702207,39.7
2702306,918.2
2702355,271.3
2702405,607.8
2702504,140.5
2702553,259.8
2702603,172.7
2702702,91.8
2702801,333.2
2702900,500.6
2703007,265.3
2703106,334.5
2703205,427
2703304,376.9
2703403,142.3
2703502,210.4
2703601,85.9
2703700,103.7
2703759,351.6
2703809,298.3
2703908,92.2
2704005,241.6
2704104,88.5
2704203,315.8
2704302,503.1
2704401,453.9
2704500,334
2704609,302.1
2704708,331.7
2704807,174.3
2704906,93.1
2705002,908
2705101,220
2705200,113.8
2705309,167.6
2705408,86.1
2705507,426.8
2705606,233.4
2705705,183.4
2705804,322.9
2705903,118.5
2706000,173
2706109,204.8
2706208,48.9
2706307,452.7
2706406,683
2706422,258.5
2706448,93
2706505,244.5
2706604,118.5
2706703,689.2
2706802,240
2706901,249.7
2707008,117.6
2707107,408.1
2707206,291.9
2707305,307.9
2707404,257.7
2707503,241.9
2707602,319.8
2707701,306.3
2707800,129.3
2707909,29.6
2708006,437.9
2708105,224.8
2708204,139.9
2708303,256.6
2708402,495.1
2708501,397.2
2708600,360.8
2708709,76.7
2708808,315.1
2708907,42.6
2708956,342.7
2709004,129.5
2709103,166
2709152,297.9
2709202,698
2709301,420.7
2709400,343.4
2800100,35.1
2800209,359.3
2800308,181.9
2800407,192.7
2800506,146.7
2800605,90.3
2800670,205.9
2800704,148.9
2801009,201.7
2801108,170.3
2801207,902.2
2801306,442.7
2801405,636.4
2801504,45.9
2801603,83.7
2801702,236.2
2801900,128.6
2802007,91.8
2802106,644.1
2802205,184.9
2802304,400.4
2802403,655
2802502,20
2802601,242.1
2802700,54.6
2802809,313.5
2802908,336.7
2803005,493.3
2803104,184.4
2803203,739.9
2803302,364.9
2803401,407.4
2803500,969.6
2803609,162.3
2803708,136.9
2803807,63.2
2803906,100.9
2804003,93.8
2804102,95.8
2804201,407.4
2804300,75.9
2804409,266
2804458,340.4
2804508,756.5
2804607,483.3
2804706,81.1
2804805,156.8
2804904,373.8
2805000,82
2805109,33.9
2805208,155.9
2805307,205.9
2805406,1232.1
2805505,440.1
2805604,877.3
2805703,92.5
2805802,531.5
2805901,78.9
2806008,258.5
2806107,105.7
2806206,247.8
2806305,329.5
2806404,45.6
2806503,67.6
2806602,234.2
2806701,436.9
2806800,102.5
2806909,83.9
2807006,144.1
2807105,564.7
2807204,165.8
2807303,49
2807402,1021.3
2807501,304.9
2807600,121.1
2900108,530.5
2900207,1485
2900306,193.4
2900355,632.1
2900405,661.9
2900504,701.4
2900603,159.7
2900702,752.4
2900801,1481.3
2900900,251.1
2901007,463.2
2901106,173.5
2901155,839.3
2901205,1947.4
2901304,1861.7
2901353,1247.6
2901403,1527.9
2901502,177
2901601,319.6
2901700,294.5
2901809,313.9
2901908,561.8
2901957,154.9
2902005,1489.8
2902054,487.1
2902104,1556.1
2902203,329.6
2902252,375.2
2902302,181.1
2902401,457.8
2902500,3342.6
2902609,946.6
2902658,227.2
2902708,11412.8
2902807,1346.6
2902906,646.6
2903003,1540.6
2903102,208.4
2903201,7859.1
2903235,416.7
2903276,201
2903300,128.4
2903409,1961.2
2903508,629.1
2903607,550
2903706,868.8
2903805,2811.1
2903904,4200.3
2903953,421.5
2904001,934
2904050,726.6
2904100,1482.7
2904209,645.5
2904308,480.8
2904407,2744.5
2904506,2240
2904605,2226.8
2904704,230.5
2904753,3942.2
2904803,491.3
2904852,226
2904902,395.2
2905008,668.4
2905107,548.1
2905156,774.7
2905206,2442.9
2905305,675.4
2905404,461
2905503,455.2
2905602,626.7
2905701,784.7
2905800,920.4
2905909,2781.4
2906006,7258.6
2906105,437.2
2906204,576.4
2906303,1327
2906402,445.1
2906501,258.4
2906600,418
2906709,1617.5
2906808,1344.8
2906824,3219.3
2906857,649.5
2906873,336.2
2906899,805.6
2906907,2393.4
2907004,220.8
2907103,2736.9
2907202,9647
2907301,711.7
2907400,642.6
2907509,416.2
2907558,664.6
2907608,602.4
2907707,3005.3
2907806,673
2907905,128.3
2908002,282.6
2908101,10148.1
2908200,162.9
2908309,289.9
2908408,1016
2908507,117.5
2908606,964.7
2908705,1285.9
2908804,1044.7
2908903,348.2
2909000,535.5
2909109,2523.2
2909208,883.4
2909307,11941
2909406,4196.1
2909505,162.2
2909604,607.7
2909703,1043.1
2909802,145.7
2909901,6079
2910008,445.4
2910057,184.2
2910107,676.9
2910206,84.8
2910305,193.5
2910404,1982.5
2910503,1215.3
2910602,1320.7
2910701,2235.3
2910727,1179.1
2910750,359.4
2910776,1668.5
2910800,1338
2910859,570.1
2910909,162.4
2911006,293.5
2911105,16404.4
2911204,243.2
2911253,369.9
2911303,3700.1
2911402,1255.6
2911501,197.7
2911600,106.3
2911659,936.1
2911709,1296.7
2911808,2325.4
2911857,312.5
2911907,2451.5
2912004,426.7
2912103,231.9
2912202,849.9
2912301,1176.8
2912400,1383.7
2912509,954.4
2912608,945.3
2912707,447.3
2912806,787.7
2912905,294.9
2913002,1847.6
2913101,624.1
2913200,1722.3
2913309,127.7
2913408,832.5
2913457,527.2
2913507,827.8
2913606,1760
2913705,1222.6
2913804,369.9
2913903,267.3
2914000,3048.5
2914109,1061.2
2914208,413.5
2914307,1947.3
2914406,1029.4
2914505,277.8
2914604,319
2914653,850.7
2914703,2343.5
2914802,432.2
2914901,737.9
2915007,1208.7
2915106,259.2
2915205,788.8
2915304,839.1
2915353,4451.2
2915403,1222.7
2915502,284.5
2915601,2274.3
2915700,111.1
2915809,1441.6
2915908,490.5
2916005,1463.8
2916104,118
2916203,459.4
2916302,1005.4
2916401,1627.5
2916500,1585.6
2916609,408.4
2916708,323
2916807,1805.1
2916856,583.4
2916906,313.7
2917003,1722.7
2917102,313.6
2917201,1216.3
2917300,417.3
2917334,1485.8
2917359,9525.7
2917409,1235.6
2917508,2360
2917607,928.2
2917706,2456.5
2917805,898.7
2917904,641.2
2918001,3227.3
2918100,4656.1
2918209,239.4
2918308,218.9
2918357,914.9
2918407,6500.7
2918456,1398.8
2918506,948.6
2918555,356.8
2918605,585.2
2918704,405.3
2918753,877.4
2918803,457.7
2918902,615.5
2919009,776.1
2919058,431.9
2919108,174.3
2919157,602.4
2919207,57.7
2919306,1277
2919405,843.4
2919504,2135.6
2919553,3941.1
2919603,650.3
2919702,1287.5
2919801,2994.1
2919900,2294.3
2919926,32.2
2919959,681.7
2920007,492
2920106,952.7
2920205,2008.4
2920304,529
2920403,2254.4
2920452,3177.4
2920502,2253.2
2920601,440.2
2920700,823.4
2920809,1277.2
2920908,772.5
2921005,633.2
2921054,775.7
2921104,1238.7
2921203,1568.2
2921302,284.4
2921401,1697.7
2921450,1061
2921500,3186.9
2921609,1696.9
2921708,5742.9
2921807,612.2
2921906,2455
2922003,1780.6
2922052,566
2922102,1493.4
2922201,110.1
2922250,3638.1
2922300,89.3
2922409,283.2
2922508,253.8
2922607,399.3
2922656,461.2
2922706,853.7
2922730,349.9
2922755,178.7
2922805,470.4
2922854,431.3
2922904,950.4
2923001,1322.9
2923035,609.2
2923050,251.4
2923100,542.2
2923209,3512.7
2923308,155.1
2923357,1487.7
2923407,2524.9
2923506,657.7
2923605,1170.1
2923704,2614.8
2923803,435.7
2923902,606.5
2924009,1579.7
2924058,616.2
2924108,159.8
2924207,896.2
2924306,1713.5
2924405,11732.2
2924504,614.1
2924603,496.3
2924652,545.5
2924678,187.3
2924702,439.7
2924801,975.6
2924900,927
2925006,961.7
2925105,826.5
2925204,290.1
2925253,497.3
2925303,2408.5
2925402,985.5
2925501,1740.3
2925600,163.6
2925709,1185.1
2925758,417.2
2925808,2024.2
2925907,1342.9
2925931,387.7
2925956,1218.9
2926004,4684
2926103,181.5
2926202,5670.4
2926301,1190.2
2926400,2582.2
2926509,642.6
2926608,788.6
2926657,1271.3
2926707,1063.7
2926806,814.3
2926905,819.8
2927002,716.9
2927101,2723.5
2927200,2171.4
2927309,149.8
2927408,693.3
2927507,345.6
2927606,882.9
2927705,1562.7
2927804,298.2
2927903,315.7
2928000,1559.7
2928059,774.9
2928109,1966.8
2928208,1820.1
2928307,230.8
2928406,5977.7
2928505,707.2
2928604,492.9
2928703,261.3
2928802,363
2928901,15157
2928950,326.9
2929008,99.2
2929057,949.4
2929107,206
2929206,262.9
2929255,1199.5
2929305,300.7
2929354,72.5
2929370,406
2929404,214.4
2929503,538.3
2929602,117.2
2929701,1010
2929750,163.5
2929800,504.3
2929909,2517.3
2930006,1948.5
2930105,827.5
2930154,2593.4
2930204,12698.8
2930303,1346.6
2930402,536.5
2930501,658.9
2930600,295.8
2930709,201.2
2930758,1751
2930766,702.1
2930774,1238.9
2930808,993.3
2930907,1375.8
2931004,1234.5
2931053,722.9
2931103,219.9
2931202,410.8
2931301,663.9
2931350,1163.9
2931400,231.5
2931509,335.5
2931608,317.8
2931707,198.9
2931806,1679.6
2931905,2799.1
2932002,3035.2
2932101,726.3
2932200,178.8
2932309,268.2
2932408,551
2932457,1670.5
2932507,1177.5
2932606,969.4
2932705,392
2932804,638.2
2932903,1192.6
2933000,384.3
2933059,513.9
2933109,204.9
2933158,1192.9
2933174,226.8
2933208,299.7
2933257,874.2
2933307,3405.6
2933406,421
2933455,2959.5
2933505,674
2933604,5502.3
3100104,881.1
3100203,1817.1
3100302,470.6
3100401,101.9
3100500,815.4
3100609,1320.3
3100708,491
3100807,232.1
3100906,820.1
3101003,1258.8
3101102,1348.8
3101201,649.7
3101300,161.4
3101409,58
3101508,510.4
3101607,850.4
3101631,130.8
3101706,2294.4
3101805,167
3101904,454.8
3102001,362
3102050,103.7
3102100,518.1
3102209,278.2
3102308,599.4
3102407,374
3102506,145.9
3102605,469.4
3102704,695.7
3102803,1005.3
3102852,185.2
3102902,529.9
3103009,787.1
3103108,83.8
3103207,186.5
3103306,106.6
3103405,2236.3
3103504,2729.5
3103603,89.4
3103702,303.8
3103751,295.8
3103801,173.9
3103900,245.7
3104007,1164.4
3104106,162.9
3104205,509.9
3104304,283.1
3104403,159.4
3104452,243.3
3104502,5279.4
3104601,158.9
3104700,1837
3104809,1254.8
3104908,750.6
3105004,556.3
3105103,1455.8
3105202,483.8
3105301,47.1
3105400,340.6
3105509,198.3
3105608,759.2
3105707,383.6
3105905,82.1
3106002,109.1
3106101,393.1
3106200,331.4
3106309,334.9
3106408,365.9
3106507,587.1
3106606,427.8
3106655,488.8
3106705,342.8
3106804,283.5
3106903,140.1
3107000,458.9
3107109,860.7
3107208,503.8
3107307,3227.6
3107406,1223.9
3107505,412
3107604,208.3
3107703,195.6
3107802,592.3
3107901,229.8
3108008,705
3108107,301.9
3108206,1789.2
3108255,3904.9
3108305,301.1
3108404,334.1
3108503,1568.9
3108552,2509.7
3108602,1399.5
3108701,223.4
3108800,378.3
3108909,367.7
3109006,639.4
3109105,356.2
3109204,1599.9
3109253,161.9
3109303,5225.2
3109402,7218.4
3109451,1031.3
3109501,368.2
3109600,61.4
3109709,304.2
3109808,200.9
3109907,156
3110004,542.6
3110103,106.5
3110202,83
3110301,711.4
3110400,223
3110509,528.5
3110608,244.6
3110707,246.4
3110806,442.4
3110905,335.6
3111002,577.8
3111101,3650.8
3111150,505.9
3111200,528.2
3111309,275.4
3111408,1264.2
3111507,710.6
3111606,769.5
3111705,174.9
3111804,839.7
3111903,212.7
3112000,720.5
3112059,141.9
3112109,130.7
3112208,111.1
3112307,965.4
3112406,297.9
3112505,95.3
3112604,620.7
3112653,279.1
3112703,971.6
3112802,521.8
3112901,187.7
3113008,1242.2
3113107,160
3113206,485.7
3113305,353.4
3113404,1258.8
3113503,1456.1
3113602,181
3113701,3203
3113800,259.1
3113909,506.3
3114006,357.2
3114105,322.3
3114204,455.8
3114303,1307.9
3114402,1065.7
3114501,400
3114550,2063.3
3114600,727.9
3114709,81.1
3114808,282.3
3114907,157.7
3115003,367.3
3115102,665.8
3115201,273
3115300,491.8
3115359,240
3115409,141.6
3115458,419.5
3115474,287.8
3115508,100.5
3115607,283.2
3115706,204.3
3115805,327.2
3115904,152.8
3116001,212.7
3116100,831
3116159,3255.2
3116209,252.9
3116308,153.5
3116407,227.6
3116506,720.4
3116605,630.7
3116704,106.9
3116803,348.5
3116902,1041
3117009,655
3117108,352.5
3117207,102.2
3117306,1340.3
3117405,253.9
3117504,1726.8
3117603,250.3
3117702,369.7
3117801,183
3117836,1642
3117876,42.4
3117900,205.1
3118007,304.1
3118106,398.9
3118205,618.4
3118304,370.2
3118403,1483.9
3118502,86.4
3118601,195.3
3118700,296.2
3118809,2225.2
3118908,823.7
3119005,179.5
3119104,2525.4
3119203,576.3
3119302,3313.1
3119401,221.3
3119500,815.4
3119609,131.5
3119708,141
3119807,657.4
3119906,123.7
3119955,101.1
3120003,205.4
3120102,485.7
3120151,966.2
3120201,628.4
3120300,840.7
3120409,132.9
3120508,311.3
3120607,167.2
3120706,188.1
3120805,522.4
3120839,226.8
3120870,568.3
3120904,3298.8
3121001,310.1
3121100,408.5
3121209,1378.4
3121258,102.8
3121308,213.2
3121407,377.2
3121506,142.3
3121605,3891.7
3121704,165.1
3121803,344.4
3121902,117
3122009,337.8
3122108,342.2
3122207,133.1
3122306,708.1
3122355,117.8
3122405,217
3122454,572.9
3122470,817.4
3122504,59.5
3122603,398.8
3122702,195
3122801,113.9
3122900,70.2
3123007,124.8
3123106,382.1
3123205,1111.2
3123304,231.2
3123403,152.9
3123502,312.9
3123528,217.5
3123601,499.5
3123700,187.1
3123809,608.3
3123858,85.2
3123908,456.8
3124005,357.5
3124104,911.4
3124203,317.6
3124302,1869
3124401,263.9
3124500,243.9
3124609,131.4
3124708,636
3124807,822.5
3124906,309.4
3125002,103.8
3125101,244.6
3125200,86
3125309,165.2
3125408,357.6
3125507,314.5
3125606,596.2
3125705,1554.6
3125804,151.9
3125903,1088.8
3125952,357.7
3126000,191.4
3126109,1501.9
3126208,3685.7
3126307,218.8
3126406,198.7
3126505,461.3
3126604,1576.1
3126703,2747.3
3126752,717.1
3126802,626.7
3126901,469.6
3126950,167.5
3127008,200
3127057,320.8
3127073,762.8
3127107,2427
3127206,199.8
3127305,720.4
3127339,1733.2
3127354,145.9
3127370,112.4
3127388,152
3127404,187.4
3127503,209.3
3127602,866.6
3127701,2342.3
3127800,3885.3
3127909,193.1
3128006,1075.1
3128105,934.3
3128204,348.6
3128253,390.3
3128303,294.8
3128402,264.2
3128501,88.7
3128600,2069.8
3128709,286.4
3128808,158.4
3128907,366.8
3129004,293.6
3129103,1849.1
3129202,154
3129301,340.6
3129400,346.2
3129509,2704.1
3129608,874.8
3129657,353.4
3129707,562.1
3129806,72.6
3129905,68.3
3130002,153.1
3130051,625.7
3130101,110.3
3130200,218.3
3130309,628.2
3130408,105.2
3130507,376.3
3130556,196.7
3130606,149.6
3130655,1004.1
3130705,830
3130804,305.6
3130903,858
3131000,245
3131109,524.5
3131158,113.1
3131208,456.6
3131307,164.9
3131406,466
3131505,298.2
3131604,356.3
3131703,1253.7
3131802,209
3131901,542.6
3132008,1788.4
3132107,1225.3
3132206,410.5
3132305,480.8
3132404,294.8
3132503,2735.6
3132602,94.6
3132701,1419.2
3132800,380.3
3132909,243.7
3133006,431.8
3133105,143.4
3133204,488.8
3133303,679
3133402,1802.4
3133501,1040.5
3133600,177.3
3133709,295.1
3133758,153.4
3133808,495.8
3133907,284.2
3134004,1649.6
3134103,452.7
3134202,2598
3134301,234.8
3134400,1404.7
3134509,372
3134608,1114.2
3134707,1393.6
3134806,409.2
3134905,347.8
3135001,163.8
3135050,2626.3
3135076,517.1
3135100,2181.3
3135209,6661.7
3135308,172.1
3135357,374.9
3135407,236.3
3135456,284.5
3135506,547.9
3135605,1268.4
3135704,445
3135803,3514.2
3135902,153.9
3136009,1664.2
3136108,233.3
3136207,99.2
3136306,10727.5
3136405,790.9
3136504,546.7
3136520,381.3
3136553,180.8
3136579,541.4
3136603,172.1
3136652,99.5
3136702,1435.7
3136801,431.6
3136900,220.4
3136959,1064.7
3137007,866.3
3137106,1474.6
3137205,440
3137304,600.5
3137403,476.7
3137502,840.9
3137536,1236.3
3137601,230.1
3137700,431.9
3137809,213.1
3137908,118.6
3138005,204.9
3138104,3204.2
3138203,564.7
3138302,352.1
3138351,280
3138401,943.1
3138500,401.3
3138609,848.6
3138625,1319
3138658,259.2
3138674,145.4
3138682,411.7
3138708,500.1
3138807,1171.7
3138906,332.4
3139003,586
3139102,492.9
3139201,727.9
3139250,291.4
3139300,1950.2
3139409,628.3
3139508,182.9
3139607,685.2
3139706,261.6
3139805,371.6
3139904,202.9
3140001,1194.2
3140100,158.8
3140159,35.2
3140209,77.3
3140308,545.8
3140407,107.9
3140506,1048.1
3140530,113.3
3140555,227.5
3140605,280.5
3140704,302.8
3140803,157.1
3140852,1949.7
3140902,267
3141009,472.2
3141108,252.3
3141207,261
3141306,946.4
3141405,1435.9
3141504,305.5
3141603,348.3
3141702,274.9
3141801,1812.4
3141900,219.8
3142007,723.3
3142106,301.7
3142205,320.7
3142254,602.1
3142304,155.1
3142403,202.7
3142502,650.9
3142601,216.5
3142700,1503.8
3142809,2596
3142908,994.2
3143005,421.3
3143104,1343
3143153,385.6
3143203,594.6
3143302,3568.9
3143401,291.6
3143450,1130.4
3143500,2084.3
3143609,414.8
3143708,477.5
3143807,191.6
3143906,841.7
3144003,1250.8
3144102,409.9
3144201,233.5
3144300,1518
3144359,127.2
3144375,468.7
3144409,188.7
3144508,329.1
3144607,582.6
3144656,1108.2
3144672,146.8
3144706,361.9
3144805,429.1
3144904,376
3145000,1111
3145059,120.9
3145109,390.2
3145208,282.4
3145307,1703
3145356,755.1
3145372,271.9
3145406,178.2
3145455,2092.1
3145505,54.6
3145604,897.3
3145703,111.1
3145802,247
3145851,89.1
3145877,121.8
3145901,258.7
3146008,533.7
3146107,1245.9
3146206,175.5
3146255,446.3
3146305,544.4
3146404,637.3
3146503,421.9
3146552,839.8
3146602,58.4
3146701,316.5
3146750,433.2
3146909,553.6
3147006,8229.6
3147105,551.2
3147204,424.3
3147303,331.2
3147402,625.6
3147501,94.2
3147600,277.2
3147709,429.2
3147808,246.6
3147907,1338.1
3147956,444.2
3148004,3189.8
3148103,2874.3
3148202,108.2
3148301,268.3
3148400,220.6
3148509,601.2
3148608,996.6
3148707,1595.1
3148756,173.9
3148806,163.4
3148905,347.9
3149002,70
3149101,218
3149150,1525.5
3149200,357.9
3149309,293
3149408,113
3149507,90.8
3149606,204
3149705,249.1
3149804,2450.8
3149903,270.7
3149952,228.9
3150000,317.5
3150109,192.2
3150158,109.3
3150208,83.7
3150307,322.8
3150406,259.6
3150505,415
3150539,66.6
3150570,1228.7
3150604,280.3
3150703,338
3150802,658.8
3150901,203.6
3151008,124.8
3151107,190.7
3151206,549.5
3151305,144.3
3151404,569.6
3151503,902.5
3151602,317.5
3151701,474.2
3151800,547.3
3151909,691.1
3152006,2551.1
3152105,470.6
3152131,602.8
3152170,1212.4
3152204,1749.7
3152303,284.8
3152402,625.1
3152501,543.1
3152600,261.7
3152709,264.1
3152808,4847.5
3152907,215.5
3153004,622.5
3153103,236.8
3153202,695.9
3153301,189.2
3153400,3503.8
3153509,152.3
3153608,124.2
3153707,556.4
3153806,153.6
3153905,72.2
3154002,763.4
3154101,234.3
3154150,151.9
3154200,618.3
3154309,1081.8
3154408,184.6
3154457,1780.6
3154507,1315.5
3154606,154.5
3154705,49.3
3154804,229.8
3154903,384.4
3155009,112.1
3155108,479.8
3155207,238.6
3155306,231.5
3155405,209.3
3155504,1352.4
3155603,3117.4
3155702,373
3155801,252.4
3155900,348.1
3156007,986.6
3156106,404.8
3156205,79.4
3156304,72.7
3156403,407.6
3156452,111.2
3156502,1110.3
3156601,965.2
3156700,302.2
3156809,919.8
3156908,3073.3
3157005,1887.6
3157104,937.9
3157203,684.1
3157252,107.4
3157278,417.8
3157302,194.6
3157336,3.6
3157377,589.6
3157401,258.7
3157500,132
3157609,2917.4
3157658,276.4
3157708,723.8
3157807,235.3
3157906,255.7
3158003,597.4
3158102,440.6
3158201,624
3158300,172.4
3158409,161.5
3158508,1255.8
3158607,182.7
3158706,203.1
3158805,106.2
3158904,347.4
3158953,276.1
3159001,677.2
3159100,196.6
3159209,503
3159308,420.9
3159357,68.2
3159407,324.2
3159506,485.1
3159605,353
3159704,284.3
3159803,3001.4
3159902,488.9
3160009,202
3160108,130.2
3160207,305.7
3160306,503.4
3160405,1125.8
3160454,796.3
3160504,107.3
3160603,430.7
3160702,637.4
3160801,80.4
3160900,110
3160959,60.9
3161007,743.8
3161056,162.6
3161106,3308.1
3161205,316.8
3161304,1128.9
3161403,164.6
3161502,185.6
3161601,152.3
3161650,281
3161700,2692.2
3161809,265.7
3161908,363.8
3162005,516.7
3162104,866.1
3162203,547.9
3162252,998
3162302,120.5
3162401,1851.1
3162450,678.3
3162500,1464.3
3162559,143.1
3162575,137.9
3162609,120.1
3162658,415.9
3162708,1925.6
3162807,478.2
3162906,407.4
3162922,71.6
3162948,314.3
3162955,47.9
3163003,213.9
3163102,205.5
3163201,88.8
3163300,328.7
3163409,184.5
3163508,345.1
3163607,54.7
3163706,58
3163805,152.1
3163904,260.8
3164001,402.8
3164100,308.1
3164209,2434
3164308,2098.9
3164407,167.2
3164431,73.6
3164472,80.6
3164506,517.8
3164605,408.1
3164704,814.9
3164803,128
3164902,92.2
3165008,572.4
3165107,277.9
3165206,369.7
3165305,392.7
3165404,285.1
3165503,141.9
3165537,62.1
3165552,534.7
3165560,176.6
3165578,151.1
3165602,98.3
3165701,166.5
3165800,93.9
3165909,952.1
3166006,170.7
3166105,381.3
3166204,237.8
3166303,166
3166402,114.8
3166501,218.6
3166600,335.7
3166709,213.6
3166808,1295.3
3166907,209.3
3166956,552
3167004,213.2
3167103,1217.8
3167202,537.6
3167301,157.5
3167400,312.2
3167509,135.7
3167608,486.5
3167707,206.8
3167806,196.9
3167905,211.1
3168002,1194.5
3168051,193.1
3168101,1179.2
3168200,407.9
3168309,329.2
3168408,731.8
3168507,166.7
3168606,3242.3
3168705,144.4
3168804,83
3168903,2091.8
3169000,173.9
3169059,114.7
3169109,136.8
3169208,285.1
3169307,828
3169356,2678.3
3169406,689.8
3169505,500.1
3169604,1824
3169703,1153.1
3169802,221
3169901,407.5
3170008,820.5
3170057,189
3170107,4524
3170206,4115.2
3170305,405.8
3170404,8447.1
3170438,1147.4
3170479,598.5
3170503,138.8
3170529,2076.9
3170578,116.7
3170602,409.9
3170651,491.5
3170701,395.4
3170750,651.6
3170800,2220.3
3170909,815
3171006,1913.4
3171030,1570.6
3171071,631.7
3171105,1031.8
3171154,115.2
3171204,71.2
3171303,299.4
3171402,112.7
3171501,172.3
3171600,868.9
3171709,326.5
3171808,439.9
3171907,281
3172004,243.4
3172103,208.1
3172202,102.5
3200102,954.7
3200136,449.6
3200169,484
3200201,772.7
3200300,615.6
3200359,227.7
3200409,407.8
3200508,193.6
3200607,1436
3200706,226.8
3200805,917.9
3200904,933.8
3201001,428.6
3201100,89
3201159,342.5
3201209,876.8
3201308,280
3201407,664.2
3201506,1423.3
3201605,1187.8
3201704,369.3
3201803,175.8
3201902,1225.3
3202009,158.5
3202108,2283.2
3202207,279.5
3202256,359.6
3202306,467.8
3202405,595.5
3202454,241.1
3202504,199.8
3202553,329.4
3202603,202.9
3202652,184.4
3202702,530.4
3202801,557.3
3202900,299.1
3203007,460.4
3203056,656.4
3203106,162.2
3203130,272.8
3203163,457
3203205,3501.6
3203304,320.7
3203320,135.4
3203346,286.1
3203353,309.4
3203403,867.3
3203502,1097.9
3203601,538.8
3203700,679.9
3203809,326.9
3203908,1448.4
3204005,823.8
3204054,434.1
3204104,975.4
3204203,74.6
3204252,356.2
3204302,586.5
3204351,645.5
3204401,203.7
3204500,716.4
3204559,735.6
3204609,694.5
3204658,299.5
3204708,432.8
3204807,272.6
3204906,2343.2
3204955,342.4
3205002,553.5
3205010,593.4
3205036,414.7
3205069,187.9
3205101,311.6
3205150,432.7
3205176,464.4
3205200,212.4
3205309,98.5
3300100,825.1
3300159,94.6
3300209,638
3300225,110.9
3300233,70.3
3300258,160.3
3300308,579
3300407,547.2
3300456,77.8
3300506,384.6
3300605,598.8
3300704,410.4
3300803,953.8
3300902,561.7
3300936,308.1
3300951,106.9
3301009,4026.7
3301108,749.3
3301157,524.6
3301207,322.4
3301306,460.8
3301405,347.3
3301504,116.3
3301603,375.1
3301702,467.6
3301801,132.9
3301850,360.8
3301876,51.9
3301900,430.4
3302007,275.9
3302056,293.8
3302106,431.3
3302205,1105.3
3302254,245.1
3302270,81.9
3302304,250
3302403,1216.8
3302452,77.7
3302502,388.5
3302601,353.1
3302700,362.6
3302809,97
3302858,39.1
3302908,289.2
3303005,304.5
3303104,386.7
3303203,19.4
3303302,133.9
3303401,933.4
3303500,521.2
3303609,179.7
3303708,580.5
3303807,925.1
3303856,318.8
3303906,795.8
3303955,76.5
3304003,505.4
3304102,302
3304110,50.7
3304128,286.1
3304144,75.7
3304151,712.9
3304201,1095.3
3304300,456.5
3304409,840.6
3304508,478.3
3304524,229
3304557,1200.3
3304607,814.8
3304706,603.4
3304755,1122.4
3304805,1031.6
3304904,247.7
3305000,455
3305109,35.2
3305133,250.3
3305158,220.4
3305208,332.8
3305307,397.9
3305406,541.2
3305505,353.6
3305554,283.8
3305604,937.5
3305703,395.5
3305752,145.5
3305802,770.6
3305901,589.8
3306008,326.1
3306107,1304.8
3306156,190.1
3306206,538.1
3306305,182.5
3500105,411.4
3500204,211.1
3500303,474.7
3500402,143
3500501,60.1
3500550,408
3500600,5.4
3500709,966.2
3500758,159.3
3500808,118.4
3500907,313.9
3501004,929.8
3501103,319
3501152,83.8
3501202,362.9
3501301,347.4
3501400,153.2
3501509,84.8
3501608,133.4
3501707,122.3
3501806,253.1
3501905,445.6
3502002,326.3
3502101,964.2
3502200,1028
3502309,736.5
3502408,320.4
3502507,121.1
3502606,179
3502705,974.3
3502754,146.3
3502804,1167.4
3502903,255.4
3503000,202.9
3503109,285.9
3503158,156.8
3503208,1004.1
3503307,644.8
3503356,264.7
3503406,505
3503505,305.2
3503604,85.8
3503703,133.2
3503802,178
3503901,96.4
3503950,69.3
3504008,460.3
3504107,478.4
3504206,434
3504305,540.5
3504404,338.6
3504503,1213.1
3504602,108.5
3504701,91.6
3504800,150.6
3504909,616
3505005,153.1
3505104,205.2
3505203,444.1
3505302,149.9
3505351,405.7
3505401,1007.8
3505500,1565.6
3505609,145.6
3505708,66.1
3505807,171.9
3505906,849.5
3506003,667.7
3506102,683.3
3506201,301.4
3506300,244.2
3506359,490
3506409,157.9
3506508,530.9
3506607,317.2
3506706,690.8
3506805,363.9
3506904,653.5
3507001,249
3507100,107.6
3507159,133.6
3507209,118.5
3507308,122.1
3507407,552.3
3507456,348
3507506,1482.6
3507605,512.6
3507704,195.3
3507753,105.4
3507803,279.5
3507902,1101.4
3508009,1195.9
3508108,326.8
3508207,266.4
3508306,239.9
3508405,260.2
3508504,370.2
3508603,288
3508702,470
3508801,920.1
3508900,252.8
3509007,96.7
3509106,552.1
3509205,131.4
3509254,454.4
3509304,176.9
3509403,660.1
3509452,185
3509502,795
3509601,79.6
3509700,290.5
3509809,484
3509908,1242.9
3509957,53.3
3510005,596.2
3510104,70.3
3510153,57.2
3510203,1640.2
3510302,169.9
3510401,322.7
3510500,485.4
3510609,34.6
3510708,639.7
3510807,864.2
3510906,191.7
3511003,1065.8
3511102,290.6
3511201,148.4
3511300,197.4
3511409,508.5
3511508,127.8
3511607,190.8
3511706,175.8
3511904,168.8
3512001,422.6
3512100,729.3
3512209,182.8
3512308,466
3512407,137.6
3512506,246.4
3512605,303.9
3512704,278.6
3512803,154.7
3512902,443.8
3513009,323.1
3513108,311.2
3513207,385.2
3513306,149.1
3513405,305.7
3513504,142.4
3513603,1407.3
3513702,753.7
3513801,30.8
3513850,88.4
3513900,222.1
3514007,149.7
3514106,633
3514205,78.3
3514304,205.9
3514403,488
3514502,264.6
3514601,111.3
3514700,515.4
3514809,1654.3
3514908,202.7
3514924,94
3514957,83.1
3515004,70.4
3515103,154.9
3515129,224.5
3515152,109.9
3515186,389.4
3515194,193.7
3515202,296.4
3515301,263.4
3515350,575.2
3515400,429.2
3515509,550
3515608,170.7
3515657,100.8
3515707,29.9
3515806,225.3
3515905,204.3
3516002,525.1
3516101,225.6
3516200,605.7
3516309,49.3
3516408,134.1
3516507,138.5
3516606,356
3516705,555.6
3516804,180.9
3516853,243.8
3516903,493.3
3517000,678.7
3517109,273.6
3517208,270.2
3517307,218
3517406,1258.5
3517505,326
3517604,408.3
3517703,362.5
3517802,569.9
3517901,641.5
3518008,85.5
3518107,461.1
3518206,956.3
3518305,270.6
3518404,752.4
3518503,566.3
3518602,270.3
3518701,142.9
3518800,319.2
3518859,413.1
3518909,252
3519006,364.6
3519055,65.6
3519071,62.5
3519105,547.4
3519204,322.6
3519253,401.3
3519303,290.7
3519402,271.9
3519501,228.3
3519600,689.3
3519709,1057.5
3519808,362.6
3519907,595.5
3520004,97.7
3520103,468.2
3520202,293
3520301,1977.4
3520400,347.5
3520426,188.4
3520442,656.2
3520509,311.4
3520608,126.6
3520707,279.6
3520806,87.4
3520905,209.7
3521002,170
3521101,190
3521150,136.8
3521200,1152.1
3521309,465.9
3521408,115.1
3521507,257.9
3521606,214.9
3521705,1082.1
3521804,1111.2
3521903,502.1
3522000,229.8
3522109,599.6
3522158,183
3522208,150.3
3522307,1790.2
3522406,1826.3
3522505,83.1
3522604,518.4
3522653,406.5
3522703,996.9
3522802,507.7
3522901,140.8
3523008,301.4
3523107,83
3523206,1003.6
3523305,273.8
3523404,322.2
3523503,979.8
3523602,564.2
3523701,161.1
3523800,139.2
3523909,640.8
3524006,200.7
3524105,705.2
3524204,273.4
3524303,706.6
3524402,459.7
3524501,145.5
3524600,704.1
3524709,141.8
3524808,368.5
3524907,184.3
3525003,17.7
3525102,502.5
3525201,207.6
3525300,685.8
3525409,142
3525508,375.1
3525607,415.2
3525706,859.9
3525805,128.2
3525854,56.7
3525904,431.5
3526001,583
3526100,822
3526209,522.1
3526308,255.5
3526407,384
3526506,537.7
3526605,167.1
3526704,402.9
3526803,809.5
3526902,581
3527009,48.8
3527108,570.2
3527207,414.4
3527256,113.7
3527306,55.1
3527405,314.8
3527504,189.8
3527603,598.4
3527702,166.5
3527801,154.5
3527900,474.9
3528007,225.2
3528106,248.1
3528205,327.7
3528304,311.7
3528403,209.6
3528502,320.9
3528601,229.1
3528700,917.7
3528809,533.9
3528858,111.3
3528908,185.9
3529005,1170.3
3529104,77.8
3529203,1252.7
3529302,524.9
3529401,61.3
3529500,195
3529609,229.2
3529658,148.9
3529708,822
3529807,213.2
3529906,1001.5
3530003,216.8
3530102,918.8
3530201,1239.1
3530300,243.2
3530409,166.2
3530508,854.9
3530607,713.3
3530706,812.2
3530805,497.8
3530904,133.7
3531001,104.2
3531100,142.1
3531209,110.3
3531308,346.5
3531407,496.9
3531506,263.4
3531605,232.6
3531704,333.3
3531803,240.5
3531902,1388.2
3532009,146.9
3532058,228.7
3532108,250.8
3532157,286.2
3532207,358
3532306,833.4
3532405,325.9
3532504,218.3
3532603,435.8
3532702,137.8
3532801,217.3
3532827,385.4
3532843,124.4
3532868,183.2
3532900,160.4
3533007,531.9
3533106,34.1
3533205,265.8
3533254,117.8
3533304,74.1
3533403,73.8
3533502,931.7
3533601,348.3
3533700,300.4
3533809,198.1
3533908,802.7
3534005,243.1
3534104,218.6
3534203,248.1
3534302,291.8
3534401,64
3534500,221.3
3534609,248.4
3534708,296.3
3534757,288.8
3534807,267.6
3534906,338.5
3535002,695.5
3535101,82.1
3535200,319.2
3535309,547.8
3535408,356.3
3535507,999.9
3535606,809.6
3535705,155.8
3535804,1018.7
3535903,140.5
3536000,365.7
3536109,209.9
3536208,359.3
3536257,84.5
3536307,602.8
3536406,373.6
3536505,138.8
3536570,256.7
3536604,738.3
3536703,729
3536802,158.6
3536901,260.2
3537008,712.6
3537107,109.2
3537156,152.5
3537206,670.4
3537305,710.8
3537404,978.9
3537503,223.3
3537602,311.4
3537701,232.4
3537800,746.9
3537909,681.1
3538006,729.9
3538105,184.8
3538204,154.5
3538303,482.6
3538501,176
3538600,385
3538709,1376.9
3538808,504.5
3538907,824.2
3539004,215.5
3539103,108.8
3539202,479.6
3539301,727.1
3539400,402.4
3539509,430.6
3539608,290.1
3539707,326.7
3539806,17.1
3539905,133.5
3540002,784.1
3540101,183.3
3540200,356.3
3540259,210.2
3540309,217.4
3540408,315.9
3540507,265.7
3540606,557.1
3540705,244.9
3540754,44.5
3540804,342.4
3540853,62.8
3540903,167.5
3541000,147.5
3541059,175.1
3541109,287.2
3541208,752.1
3541307,1259.1
3541406,562.8
3541505,756.7
3541604,781.5
3541653,205.7
3541703,651.7
3541802,233.8
3541901,249.8
3542008,319.6
3542107,121.4
3542206,1587.5
3542305,309.4
3542404,265.1
3542503,410.8
3542602,722.4
3542701,245.7
3542800,335.7
3542909,471.6
3543006,697.5
3543105,148.3
3543204,203.7
3543238,196.3
3543253,333.4
3543303,98.8
3543402,651.3
3543501,386.2
3543600,162.5
3543709,315.9
3543808,358.3
3543907,498.7
3544004,226.7
3544103,36.9
3544202,633.4
3544251,742.9
3544301,130.7
3544400,236.9
3544509,236.9
3544608,310.9
3544707,147.8
3544806,308.5
3544905,305.6
3545001,425
3545100,172.3
3545159,99.7
3545209,133.2
3545308,280.5
3545407,188.4
3545506,455.1
3545605,330.9
3545704,272.8
3545803,271.5
3546009,275.3
3546108,183.4
3546207,150.1
3546256,148.1
3546306,295.3
3546405,1113.5
3546504,134.4
3546603,208.2
3546702,98
3546801,362.7
3546900,154
3547007,257.2
3547106,166.9
3547205,130.3
3547304,179.8
3547403,210.1
3547502,754.1
3547601,288.6
3547650,79.4
3547700,552.5
3547809,174.9
3547908,310.3
3548005,154
3548054,1308.2
3548104,110
3548203,133
3548302,94.4
3548401,127.9
3548500,281.1
3548609,252.6
3548708,408.8
3548807,15.4
3548906,1137.3
3549003,75.6
3549102,516.4
3549201,129.3
3549250,178.6
3549300,117.7
3549409,410.6
3549508,277
3549607,571
3549706,419.2
3549805,431.3
3549904,1099.8
3549953,186.4
3550001,617.3
3550100,650.8
3550209,930.3
3550308,1523.3
3550407,611
3550506,731.8
3550605,306.3
3550704,400.4
3550803,252.4
3550902,617.2
3551009,148.9
3551108,352.7
3551207,141.6
3551306,162.9
3551405,283
3551504,125.5
3551603,203.7
3551702,402.6
3551801,1053.5
3551900,140.4
3552007,414.8
3552106,449
3552205,449
3552304,591.3
3552403,153
3552502,206.6
3552551,328.5
3552601,345.6
3552700,369.6
3552809,20.3
3552908,607.3
3553005,145.3
3553104,106.6
3553203,132.5
3553302,561.8
3553401,745.8
3553500,755.1
3553609,222.5
3553658,53.9
3553708,593.6
3553807,448.4
3553856,231.8
3553906,196.8
3553955,303.2
3554003,523.5
3554102,624.9
3554201,296.3
3554300,1556
3554409,221.5
3554508,404.8
3554607,196.8
3554656,71.3
3554706,310.7
3554755,63.4
3554805,191.4
3554904,153.1
3554953,126.7
3555000,628.5
3555109,245.3
3555208,153.1
3555307,147.9
3555356,209.6
3555406,710.8
3555505,282.4
3555604,252.5
3555703,79.1
3555802,208.9
3555901,147
3556008,323.7
3556107,149.7
3556206,148.1
3556305,857.5
3556354,142.8
3556404,267.2
3556453,42.1
3556503,34.8
3556602,248.1
3556701,81.6
3556800,217.7
3556909,95
3556958,49.7
3557006,183.7
3557105,424.1
3557154,319.1
3557204,188.1
3557303,74.2
4100103,228.7
4100202,1349.3
4100301,192.2
4100400,194.7
4100459,386.9
4100509,661.6
4100608,407.7
4100707,447.7
4100806,424.3
4100905,384.7
4101002,298.4
4101051,102.6
4101101,236.1
4101150,106
4101200,882.3
4101309,469.8
4101408,558.4
4101507,381.1
4101606,1360.5
4101655,218
4101705,493.2
4101804,469.2
4101853,239.6
4101903,440.3
4102000,969.6
4102109,434.8
4102208,137.7
4102307,349
4102406,445.2
4102505,538.6
4102604,171.8
4102703,115.7
4102752,148.1
4102802,242.7
4102901,1214.9
4103008,307.4
4103024,151.8
4103040,622.2
4103057,256.3
4103107,826.3
4103156,174
4103206,322.8
4103222,195.9
4103305,334.4
4103354,343.3
4103370,291
4103404,185.8
4103453,271.7
4103479,335.4
4103503,141.8
4103602,366.2
4103701,494.7
4103800,163.4
4103909,796.6
4103958,448.4
4104006,539
4104055,433.8
4104105,304.5
4104204,1249.4
4104253,275.6
4104303,757.9
4104402,1510.2
4104428,1512.8
4104451,583.5
4104501,418.7
4104600,275.7
4104659,649.7
4104709,451.4
4104808,2100.8
4104907,2531.5
4105003,581.8
4105102,371.8
4105201,1341.2
4105300,1179.4
4105409,959.7
4105508,811.7
4105607,403
4105706,704.6
4105805,197.4
4105904,403.3
4106001,536
4106100,204.7
4106209,299
4106308,529.4
4106407,635.1
4106456,1576.2
4106506,684.4
4106555,164.3
4106571,161.9
4106605,779.2
4106704,259.1
4106803,1478.4
4106852,312.3
4106902,435.3
4107009,576.3
4107108,242.9
4107124,359.9
4107157,309.1
4107207,418.6
4107256,419.9
4107306,118.3
4107405,192.2
4107504,467.5
4107520,138.6
4107538,122.1
4107546,326.4
4107553,289.2
4107603,715.9
4107652,116.7
4107702,234.1
4107736,406.5
4107751,129.8
4107801,191.1
4107850,239.3
4107900,158.2
4108007,246.3
4108106,83
4108205,275.7
4108304,617.7
4108320,321.9
4108403,735.1
4108452,235.4
4108502,1070.3
4108551,131
4108601,564.2
4108650,702.5
4108700,314.2
4108809,560.5
4108908,493.9
4108957,244.8
4109005,189.1
4109104,200.2
4109203,211.7
4109302,1225.6
4109401,3116.3
4109500,2020.1
4109609,1325.9
4109658,502.2
4109708,897.7
4109757,145.4
4109807,297.7
4109906,675.2
4110003,165
4110052,106.9
4110078,331.3
4110102,756.5
4110201,936.9
4110300,194.7
4110409,122.6
4110508,927.1
4110607,647.9
4110656,81.5
4110706,999.5
4110805,570.5
4110904,190.4
4110953,331.3
4111001,207.3
4111100,243.8
4111209,254
4111258,314.4
4111308,128.9
4111407,607.8
4111506,431.5
4111555,410.9
4111605,96.7
4111704,139.3
4111803,602.5
4111902,475
4112009,1453.1
4112108,187.6
4112207,335.7
4112306,188.3
4112405,165.2
4112504,405.4
4112603,128.5
4112702,159.2
4112751,247.5
4112801,289.2
4112900,320.8
4112959,349.7
4113007,210.9
4113106,193.3
4113205,2093.8
4113254,559.4
4113304,672.1
4113403,344.9
4113429,158.8
4113452,361.4
4113502,722.5
4113601,240.9
4113700,1653.3
4113734,908.6
4113759,199.2
4113809,121.1
4113908,723.1
4114005,788.1
4114104,294
4114203,335.8
4114302,379.2
4114351,216.4
4114401,1055.5
4114500,571.1
4114609,748
4114708,486.2
4114807,475.6
4114906,384.4
4115002,232.4
4115101,433.2
4115200,487.7
4115309,230.7
4115358,283.8
4115408,387.7
4115457,511.1
4115507,208.5
4115606,639.7
4115705,117.7
4115739,394.5
4115754,108.3
4115804,328.7
4115853,200.9
4115903,221.7
4116000,90.3
4116059,324.4
4116109,353.8
4116208,684.6
4116307,137
4116406,185.7
4116505,131.3
4116604,129.5
4116703,474
4116802,555.5
4116901,401.6
4116950,208.5
4117008,283.4
4117057,1145.5
4117107,269.4
4117206,136.3
4117214,71.8
4117222,204.7
4117255,352.6
4117271,545.7
4117297,161.4
4117305,2429.6
4117404,176.5
4117453,293
4117503,170.8
4117602,1567.4
4117701,1457.3
4117800,817.6
4117909,651.2
4118006,204.6
4118105,348.6
4118204,826.7
4118303,175.9
4118402,1202.3
4118451,135.3
4118501,539.1
4118600,420.3
4118709,369.2
4118808,468.6
4118857,407.6
4118907,240.6
4119004,206
4119103,254.9
4119152,60.7
4119202,220.6
4119251,97.5
4119301,2001.6
4119400,1403.1
4119509,227
4119608,1663.8
4119657,123.2
4119707,356.2
4119806,345.7
4119905,2067.6
4119954,199.9
4120002,291.7
4120101,186.6
4120150,361
4120200,217.7
4120309,212.4
4120333,153.4
4120358,225.8
4120408,155.7
4120507,414.4
4120606,2308.5
4120655,321.9
4120705,112.7
4120804,181.1
4120853,114.4
4120903,821.5
4121000,914.8
4121109,326.2
4121208,447
4121257,237.2
4121307,167.6
4121356,241.4
4121406,353.4
4121505,481.8
4121604,425.1
4121703,1635
4121752,834.2
4121802,629.2
4121901,374.7
4122008,629.7
4122107,177.8
4122156,746.1
4122172,382.3
4122206,812.3
4122305,603.2
4122404,460.2
4122503,742.1
4122602,556.1
4122651,371.3
4122701,190.3
4122800,189.3
4122909,200.5
4123006,312.7
4123105,78
4123204,110.2
4123303,442
4123402,276.2
4123501,758.2
4123600,138.5
4123709,349.5
4123808,321.2
4123824,116.9
4123857,847.1
4123907,427.2
4123956,260
4124004,251.3
4124020,326.2
4124053,259.4
4124103,721.5
4124202,219.1
4124301,165.9
4124400,325.7
4124509,306.9
4124608,225.1
4124707,823.8
4124806,388.1
4124905,304.4
4125001,353.3
4125100,720.4
4125209,379.5
4125308,315.1
4125357,404.7
4125407,399.7
4125456,182.4
4125506,946.4
4125555,95.4
4125605,1342.6
4125704,851.3
4125753,308.3
4125803,322.7
4125902,250.7
4126009,228
4126108,218.6
4126207,677.6
4126256,103.3
4126272,152.1
4126306,1437.4
4126355,483.7
4126405,444.5
4126504,505.5
4126603,278
4126652,170.8
4126678,472.2
4126702,193.3
4126801,591.4
4126900,434.4
4127007,902.8
4127106,1382.9
4127205,320.9
4127304,700.6
4127403,800.8
4127502,2951.6
4127601,672.2
4127700,1197
4127809,591.4
4127858,504.2
4127882,668.5
4127908,698.9
4127957,310.9
4127965,916.5
4128005,652.6
4128104,1232.8
4128203,720.2
4128302,94.8
4128401,237.8
4128500,397.9
4128534,759.4
4128559,327.1
4128609,311.8
4128625,967.8
4128633,781.5
4128658,243.2
4128708,308.3
4128807,359.7
4200051,235.6
4200101,955.4
4200200,207.1
4200309,130
4200408,1313
4200507,139.1
4200556,75.2
4200606,326.5
4200705,732.3
4200754,103.6
4200804,228.6
4200903,499.9
4201000,588.6
4201109,542.4
4201208,229.1
4201257,493.5
4201273,132.2
4201307,386.1
4201406,303.9
4201505,173.5
4201604,94.3
4201653,90.7
4201703,111.7
4201802,94.5
4201901,206.9
4201950,94.6
4202008,46.8
4202057,110.5
4202073,147.5
4202081,146.3
4202099,93.5
4202107,140.2
4202131,534.6
4202156,93.6
4202206,388.2
4202305,374.5
4202404,519.8
4202438,513
4202453,33.8
4202503,935.2
4202537,63.6
4202578,67.9
4202602,1055.5
4202701,303
4202800,211.6
4202859,89.7
4202875,335.5
4202909,283.4
4203006,981.9
4203105,171.7
4203154,639.5
4203204,214.5
4203253,1335.3
4203303,496.1
4203402,1027.4
4203501,478.7
4203600,1719.2
4203709,151.4
4203808,1144.8
4203907,243.9
4203956,53.2
4204004,198
4204103,140.6
4204152,207.4
4204178,416.8
4204194,124.5
4204202,624.3
4204251,71.2
4204301,797.3
4204350,83.8
4204400,234.2
4204459,107.4
4204509,405
4204558,651.6
4204608,235.6
4204707,220.3
4204756,54.5
4204806,952.3
4204905,285.6
4205001,377.7
4205100,181
4205159,375.8
4205175,105.2
4205191,63.9
4205209,207.2
4205308,339.6
4205357,58.7
4205407,671.6
4205431,99.6
4205456,181.9
4205506,546.3
4205555,157.8
4205605,121.9
4205704,115.6
4205803,501.4
4205902,386.4
4206009,116.7
4206108,336.2
4206207,168.4
4206306,173.6
4206405,330.6
4206504,268.1
4206603,100.5
4206652,204.8
4206702,216.8
4206751,147.3
4206801,156.1
4206900,246.7
4207007,294.1
4207106,253.4
4207205,542.2
4207304,182.5
4207403,121.9
4207502,430.5
4207577,114.7
4207601,155.4
4207650,202.4
4207684,261.4
4207700,247.1
4207759,164.4
4207809,327
4207858,77.5
4207908,591.3
4208005,165.5
4208104,1295.3
4208203,289.3
4208302,59.4
4208401,280.1
4208450,255.7
4208500,337
4208609,191.1
4208708,428.8
4208807,329.4
4208906,532.6
4208955,68.1
4209003,232.4
4209102,1146.9
4209151,405.5
4209177,91.7
4209201,68.5
4209300,2629.8
4209409,440.7
4209458,65.9
4209508,79.5
4209607,270.5
4209706,940.7
4209805,291.2
4209854,189.6
4209904,198.4
4210001,260.1
4210035,116.8
4210050,260.1
4210100,1404.2
4210209,285.7
4210308,526
4210407,63.4
4210506,169.4
4210555,103.6
4210605,373.3
4210704,432.2
4210803,186.6
4210852,336.3
4210902,92.7
4211009,201
4211058,193.8
4211108,561.7
4211207,82.9
4211256,256.4
4211306,111.5
4211405,64.4
4211454,137.6
4211504,402.1
4211603,293.5
4211652,151.7
4211702,549.8
4211751,846.6
4211801,212.7
4211850,189.3
4211876,85.8
4211892,739.8
4211900,395
4212007,331.8
4212056,292.2
4212106,350.7
4212205,759.8
4212239,178.6
4212254,95.2
4212270,614.4
4212304,450.4
4212403,171.8
4212502,62
4212601,96.4
4212700,306.2
4212809,99.4
4212908,128.3
4213005,65.7
4213104,145.7
4213153,62.6
4213203,215.9
4213302,566.8
4213351,401
4213401,564
4213500,95.8
4213609,851.2
4213708,359.5
4213807,278.6
4213906,65.4
4214003,295.7
4214102,224.7
4214151,86.2
4214201,279.3
4214300,286.4
4214409,317.2
4214508,506.2
4214607,245.6
4214706,555.7
4214805,258.4
4214904,301.9
4215000,908.4
4215059,282.6
4215075,190.3
4215109,128.1
4215208,223.8
4215307,179.3
4215356,156.5
4215406,105
4215455,83.1
4215505,1145.3
4215554,81
4215604,203
4215653,151.4
4215679,716.3
4215687,119
4215695,73.6
4215703,345
4215752,145
4215802,495.6
4215901,461.3
4216008,159
4216057,349
4216107,383.7
4216206,493
4216255,163.7
4216305,220.7
4216354,151.9
4216404,182.7
4216503,1885.6
4216602,151.1
4216701,279.6
4216800,946.2
4216909,361.8
4217006,107.6
4217105,224.5
4217154,71.9
4217204,234.4
4217253,139.6
4217303,205.6
4217402,143.6
4217501,312.5
4217550,90.4
4217600,262.7
4217709,142.8
4217758,112.7
4217808,693
4217907,389.2
4217956,57.4
4218004,277.2
4218103,333.6
4218202,127.2
4218251,596.9
4218301,438.1
4218350,157.7
4218400,161.1
4218509,185.2
4218608,108.7
4218707,300.3
4218756,132.9
4218806,233.7
4218855,93.1
4218905,1019.2
4218954,353.1
4219002,240.5
4219101,166.4
4219150,350.1
4219176,298.6
4219200,339.1
4219309,377.9
4219358,371.6
4219408,150.8
4219507,377.6
4219606,215.1
4219705,294.7
4219853,190.1
4300034,1549.4
4300059,291.8
4300109,536.1
4300208,323.2
4300307,314.7
4300406,7804
4300455,172.7
4300471,265.4
4300505,328.8
4300554,114.4
4300570,79.2
4300604,71.3
4300638,506.5
4300646,93.5
4300661,324.3
4300703,243
4300802,347.6
4300851,519.1
4300877,35.3
4300901,341.3
4301008,158
4301057,120.9
4301073,124.3
4301107,425.9
4301206,318.2
4301305,2513.6
4301404,271.6
4301503,347.4
4301552,158.3
4301602,4095.6
4301636,103.8
4301651,124.5
4301701,260.1
4301750,436.4
4301800,516.3
4301859,64.6
4301875,1056.1
4301909,729
4301925,147
4301958,60
4302006,648.9
4302055,132.4
4302105,382
4302154,194.8
4302204,108.7
4302220,701.1
4302238,503.5
4302253,94.3
4302303,2625.7
4302352,88.5
4302378,88.7
4302402,102.3
4302451,265.4
4302501,1610.6
4302584,201
4302600,129
4302659,106.7
4302709,752.3
4302808,3047.1
4302907,2370
4303004,3735.2
4303103,44
4303202,203.9
4303301,259.7
4303400,189.2
4303509,1679.4
4303558,138.1
4303608,1212.5
4303673,538
4303707,225.8
4303806,276.2
4303905,60.5
4304002,222.1
4304101,226.6
4304200,943.9
4304309,246.3
4304358,933.8
4304408,253.8
4304507,3525.3
4304606,131.1
4304614,81.9
4304622,527.1
4304630,97.1
4304655,1008.7
4304663,785.4
4304671,412.8
4304689,183.8
4304697,74
4304705,665.1
4304713,294.3
4304804,228.7
4304853,83.2
4304903,271.7
4304952,235.7
4305009,583.3
4305108,1644.3
4305116,134.3
4305124,451.7
4305132,158.8
4305157,73.4
4305173,324.8
4305207,177.7
4305306,684
4305355,216.5
4305371,198.1
4305405,396.6
4305439,202.6
4305447,220.5
4305454,245.9
4305504,273.9
4305587,58.4
4305603,285.3
4305702,465.2
4305801,203
4305835,112.3
4305850,275.6
4305871,162.9
4305900,492.1
4305934,105.4
4305959,172.4
4305975,422.8
4306007,362.2
4306056,681.6
4306072,97.7
4306106,1360.4
4306130,166.9
4306205,155.6
4306304,174.9
4306320,361.3
4306353,216.8
4306379,600.5
4306403,65.2
4306429,225.7
4306452,133.4
4306502,1356.2
4306551,78.2
4306601,5192.1
4306700,114.3
4306734,252.7
4306759,108.4
4306767,509.7
4306809,139.2
4306908,3348.3
4306924,71.2
4306932,552.6
4306957,120.1
4306973,153.1
4307005,430.7
4307054,239.1
4307104,1757.8
4307203,285.9
4307302,363.9
4307401,829.9
4307450,148.4
4307500,783.1
4307559,100.3
4307609,52.1
4307708,27.7
4307807,184.2
4307815,281.7
4307831,419.3
4307864,134.3
4307906,360.4
4308003,169.9
4308052,143.4
4308078,84.8
4308102,95.4
4308201,273.5
4308250,168.4
4308300,583.5
4308409,582
4308433,93.6
4308458,650.3
4308508,265
4308607,169.2
4308656,799.9
4308706,204.3
4308805,510
4308854,184
4308904,286.6
4309001,855.9
4309050,323.6
4309100,237.8
4309126,131.4
4309159,217.5
4309209,463.5
4309258,148.4
4309308,376.9
4309407,297.7
4309506,290.5
4309555,44.8
4309571,118.3
4309605,232.5
4309654,822.9
4309704,134.5
4309753,193.1
4309803,348.8
4309902,300.7
4309951,307
4310009,607.5
4310108,135.9
4310207,689.1
4310306,116.5
4310330,39.4
4310363,73.4
4310405,357.4
4310413,114.1
4310439,599.2
4310462,157.9
4310504,182.2
4310538,173
4310553,1120.9
4310579,184.3
4310603,3404.1
4310652,206.9
4310702,212.2
4310751,122.9
4310801,63.2
4310850,128.1
4310876,338.5
4310900,179.3
4311007,2054.4
4311106,673.4
4311122,907.9
4311130,856.5
4311155,1235.9
4311205,1929.4
4311239,108.5
4311254,383.6
4311270,138.6
4311304,1263.5
4311403,90.1
4311429,67.9
4311502,2600.6
4311601,245.6
4311627,33
4311643,63.7
4311700,334.4
4311718,1682.8
4311734,158
4311759,1390.7
4311775,621.7
4311791,81.2
4311809,649.3
4311908,229.6
4311981,337.8
4312005,99.1
4312054,125.2
4312104,311.9
4312138,238.4
4312153,45.9
4312179,114.6
4312203,208.5
4312252,424.3
4312302,130.4
4312351,82.1
4312377,549.7
4312385,68.4
4312401,424
4312427,146.1
4312443,165.4
4312450,244.6
4312476,87.6
4312500,1983
4312609,110.9
4312617,1197.9
4312625,111.1
4312658,361.7
4312674,155.8
4312708,469.3
4312757,149.4
4312807,74.4
4312906,211.6
4312955,94.2
4313003,102.8
4313011,97.8
4313037,191
4313060,62.6
4313086,103.2
4313102,313.5
4313201,291.3
4313300,258.7
4313334,254.8
4313359,149.1
4313375,217.9
4313391,192.3
4313409,223.8
4313425,218.7
4313441,75.4
4313466,80.6
4313490,123.6
4313508,663.6
4313607,182.2
4313656,949.2
4313706,1419.4
4313805,144
4313904,490.9
4313953,841.2
4314001,120.4
4314027,337.8
4314035,57.4
4314050,108.6
4314068,304.5
4314076,265.1
4314100,783.4
4314134,148.4
4314159,171.9
4314175,1377.4
4314209,608.8
4314308,414.2
4314407,1610.1
4314423,85.1
4314456,68.2
4314464,437.4
4314472,477.1
4314498,105.3
4314506,2249.6
4314555,291.7
4314605,3539.7
4314704,230.4
4314753,65.1
4314779,505.7
4314787,99.9
4314803,159.9
4314902,496.7
4315008,250.1
4315057,105.6
4315073,113.6
4315107,280.5
4315131,106.5
4315149,49.4
4315156,255.9
4315172,172.8
4315206,205.1
4315305,3147.6
4315313,268
4315321,543.4
4315354,223.6
4315404,302.7
4315453,123.4
4315503,956.1
4315552,237
4315602,2709.5
4315701,2050.6
4315750,239.6
4315800,208.6
4315909,83.2
4315958,295
4316006,295.6
4316105,419.3
4316204,252.2
4316303,346.6
4316402,4369.7
4316428,78.3
4316436,221.6
4316451,507.4
4316477,94
4316501,99.8
4316600,504.6
4316709,975.5
4316733,199.4
4316758,86.6
4316808,733.4
4316907,1788.1
4316956,139.6
4316972,955.3
4317004,1420.6
4317103,6950.4
4317202,489.8
4317251,72.4
4317301,5244.4
4317400,2413.1
4317509,680.5
4317558,126.1
4317608,1049.8
4317707,1710.9
4317756,203.4
4317806,468.1
4317905,366.9
4317954,125.7
4318002,3616
4318051,79
4318101,2508.5
4318200,3274
4318309,5023.8
4318408,936.4
4318424,171.2
4318432,85.2
4318440,118.1
4318457,98.1
4318465,103.1
4318481,64.1
4318499,77.8
4318507,1118.1
4318606,334.8
4318614,59
4318622,1176.7
4318705,102.7
4318804,2036.1
4318903,1295.7
4319000,256.3
4319109,171.7
4319125,669.6
4319158,1229.8
4319208,485.3
4319307,223.9
4319356,35.4
4319364,80
4319372,107.6
4319406,873.6
4319505,111.4
4319604,2200.7
4319703,154.2
4319711,92.2
4319737,108
4319752,32.1
4319802,1175.2
4319901,138.3
4320008,58.3
4320107,353.4
4320206,301.4
4320230,119.3
4320263,247.4
4320305,177.6
4320321,147.2
4320354,282
4320404,163.3
4320453,99.6
4320503,439.5
4320552,251.8
4320578,130
4320602,167.6
4320651,118.4
4320677,510.1
4320701,130.4
4320800,1213.4
4320859,94.8
4320909,238.8
4321006,179.7
4321105,806.3
4321204,457.9
4321303,350
4321329,76.8
4321352,604.3
4321402,338.1
4321436,141.8
4321451,178.6
4321469,114.2
4321477,234.5
4321493,203
4321501,160.2
4321600,144.4
4321626,81.1
4321634,148.6
4321667,251.1
4321709,185.5
4321808,422.2
4321832,217.4
4321857,180.6
4321907,268.4
4321956,268.4
4322004,818.8
4322103,180.8
4322152,218.1
4322186,135.1
4322202,2251.9
4322251,59.5
4322301,307.7
4322327,253.6
4322343,126.7
4322350,131
4322376,602.4
4322400,5715.8
4322509,2123.7
4322525,329.7
4322533,328.2
4322541,45.1
4322558,64.9
4322608,773.2
4322707,309.6
4322806,289.3
4322855,113.9
4322905,268.4
4323002,1497
4323101,195
4323200,238.3
4323309,107.9
4323358,152.2
4323408,181.4
4323457,507.9
4323507,77.5
4323606,119.3
4323705,88.7
4323754,259.6
4323770,64
4323804,60.7
5000203,11031.1
5000252,4399.7
5000609,4202.3
5000708,2949.1
5000807,3395.4
5000856,1273.3
5000906,1145.2
5001003,2750.2
5001102,16957.8
5001243,1655.7
5001508,3115.7
5001904,2415.3
5002001,1828
5002100,4892.6
5002159,2507.3
5002209,4934.4
5002308,5806.9
5002407,2089.6
5002605,6229.6
5002704,8093
5002803,2940.3
5002902,3649.6
5002951,3851
5003108,2639.9
5003157,1025.1
5003207,64962.8
5003256,5371.8
5003306,6409.2
5003454,831.2
5003488,2344.6
5003504,280.8
5003702,4086.2
5003751,1017.8
5003801,315.2
5003900,4882.9
5004007,491.7
5004106,1210.6
5004304,2946.5
5004403,5776
5004502,1321.8
5004601,2063.8
5004700,2010.2
5004809,419.4
5004908,2912.8
5005004,2201.5
5005103,1928
5005152,1584.5
5005202,340.8
5005251,1734.1
5005400,5299.2
5005608,5478.8
5005681,477.8
5005707,3193.5
5005806,3923.8
5006002,4019.3
5006200,4776
5006259,849.1
5006309,5402.7
5006358,1309.2
5006408,3651.2
5006606,5330.5
5006903,17744.5
5007109,17308.1
5007208,3987.4
5007307,1807.7
5007406,8153.9
5007505,1561.1
5007554,6143.1
5007695,3864.7
5007703,833.7
5007802,3258.3
5007901,5286.4
5007935,4075.4
5007950,1785.3
5007976,1041.1
5008008,2844.5
5008305,10207
5008404,310.2
5100102,840.6
5100201,7537.9
5100250,9212.5
5100300,5514.5
5100359,2240.4
5100409,3748.1
5100508,1846.3
5100607,1416.5
5100805,20379.9
5101001,6429.4
5101209,688
5101258,1600.3
5101308,416.4
5101407,24613
5101605,11377.3
5101704,5992.6
5101803,9079
5101852,4274.2
5101902,15959.1
5102504,24351.4
5102603,5835.5
5102637,9434.4
5102678,4782.1
5102686,6801.9
5102694,3452.7
5102702,10854.3
5102793,2156.7
5102850,3703.7
5103007,5983.6
5103056,3850
5103106,16530.6
5103205,3093.6
5103254,27924.5
5103304,21774.2
5103353,5801.4
5103361,2672.2
5103379,9460.5
5103403,3362.8
5103437,359.8
5103452,1307.2
5103502,8230
5103601,2204.2
5103700,11462.4
5103809,899.4
5103858,16930.7
5103908,3794.9
5103957,853.8
5104104,4735.3
5104203,5061.7
5104500,603.3
5104526,3467
5104542,2898.1
5104559,4528.4
5104609,8722.5
5104807,1653.5
5104906,1253.8
5105002,1302.1
5105101,22641.2
5105150,26395.8
5105176,3222.7
5105200,2206
5105234,1763.9
5105259,3664
5105309,4243.1
5105507,13421
5105580,12281.2
5105606,5238.8
5105622,1076.4
5105903,3892.1
5106000,1348.9
5106109,5540.7
5106158,9606.3
5106174,4038.1
5106182,4729.9
5106190,2205.1
5106208,3281.9
5106216,5966.2
5106224,9556
5106232,1549.8
5106240,12706.2
5106257,5667.9
5106265,5790.3
5106273,879.7
5106281,5035.2
5106299,4796
5106307,24166.1
5106315,4393.8
5106372,4108.6
5106422,14257.3
5106455,2455.4
5106505,17271
5106653,2738.6
5106703,686
5106752,8559.8
5106778,3972.1
5106802,6993.8
5106828,5808.2
5106851,2062.8
5107008,6910.1
5107040,5471.7
5107065,17786.2
5107107,1289.1
5107156,1337
5107180,11354.8
5107198,625.6
5107206,562.8
5107248,3855.4
5107263,1174.2
5107297,443.9
5107305,4536.2
5107354,7459.6
5107404,343
5107578,12670.8
5107602,4159.1
5107701,7648
5107743,5651.7
5107750,1752.3
5107768,4728.2
5107776,6467.4
5107792,3600.7
5107800,11753.6
5107859,16711.9
5107875,13624.2
5107883,1500.4
5107909,3942.2
5107925,9329.6
5107941,8317.1
5107958,11391.3
5108006,4510.6
5108055,2717
5108105,4169.6
5108204,2399.5
5108303,4581.9
5108352,1932.8
5108402,888
5108501,2963.5
5108600,7431.1
5108808,1114.1
5108857,1939.8
5108907,11557.3
5108956,5248.5
5200050,146.8
5200100,1045.1
5200134,1566
5200159,115.4
5200175,2029.4
5200209,452.9
5200258,188.4
5200308,847.9
5200506,102.2
5200555,503.8
5200605,2593.9
5200803,1259.4
5200829,1343.2
5200852,133.6
5200902,408.5
5201108,933.2
5201207,57
5201306,979.2
5201405,288.3
5201454,602.1
5201504,2900.2
5201603,148.9
5201702,662.9
5201801,219.6
5202155,2193.7
5202353,1074.6
5202502,3050.3
5202601,565.3
5202809,173.6
5203104,1782.6
5203203,1093.2
5203302,1255.4
5203401,1899.5
5203500,1405.1
5203559,122.3
5203575,1628.5
5203609,123.1
5203807,1461.2
5203906,895.5
5203939,199.3
5203962,247
5204003,1127.6
5204102,1654.6
5204201,422.8
5204250,521.1
5204300,2251
5204409,8637.9
5204508,1596
5204557,250.9
5204607,273.8
5204656,1974.4
5204706,1067.2
5204805,2463
5204854,159.6
5204904,724.1
5204953,441.6
5205000,418.5
5205059,297.4
5205109,3821.5
5205208,207.3
5205307,6953.7
5205406,214.3
5205455,415.8
5205471,2185.1
5205497,389.9
5205513,1789
5205521,1708.2
5205703,462.3
5205802,1062
5205901,1883.7
5206206,6162.1
5206305,225.4
5206404,4661.2
5206503,364.1
5206602,570.5
5206701,415.3
5206800,84.5
5206909,481.3
5207105,687.3
5207253,3222.9
5207352,603.7
5207402,1461.5
5207501,301.6
5207535,1945.7
5207600,1281.4
5207808,423.6
5207907,3709.4
5208004,5811.8
5208103,844.3
5208152,592
5208301,831
5208400,162.4
5208509,564.7
5208608,1547.3
5208707,732.8
5208806,209
5208905,3108
5209101,2475.1
5209150,824.3
5209200,516.8
5209291,205.3
5209408,1229.1
5209457,595.9
5209606,229.6
5209705,943.9
5209804,580.4
5209903,1550.4
5209937,688.4
5209952,956.5
5210000,613.2
5210109,4369
5210158,241.3
5210208,1026.4
5210307,577.5
5210406,1457.3
5210562,146.6
5210604,239.7
5210802,2091.4
5210901,956.1
5211008,2043.7
5211206,1276.5
5211305,3433.6
5211404,383.8
5211503,2462.9
5211602,1257.7
5211701,864.1
5211800,1849.6
5211909,7174.2
5212006,527.1
5212055,122.5
5212105,445.5
5212204,4084.1
5212253,458.9
5212303,480.9
5212501,3961.1
5212600,467.4
5212709,880.6
5212808,1687.9
5212907,222.4
5212956,1150.9
5213004,389.8
5213053,1386.9
5213087,2860.7
5213103,9060.1
5213400,460.6
5213509,3119.8
5213707,2899.2
5213756,1874.2
5213772,1333
5213806,2846.2
5213855,282.6
5213905,684.5
5214002,1734.4
5214051,2146.6
5214101,955.9
5214408,269.1
5214507,204.2
5214606,9843.2
5214705,212
5214804,302.7
5214838,7298.8
5214861,413
5214879,628.4
5214903,2136
5215009,123.4
5215207,650
5215231,194.1
5215256,1242.7
5215306,1972.9
5215405,208.8
5215504,413.8
5215603,3138.9
5215652,1320.7
5215702,1539.7
5215801,59
5215900,387.7
5216007,433.8
5216304,1153.8
5216403,3779.4
5216452,1029.6
5216809,531.3
5216908,906.6
5217104,2405.1
5217203,2047.8
5217302,2205
5217401,1073.4
5217609,2538.2
5217708,1437
5218003,4820.5
5218052,603.9
5218102,556.6
5218300,2024.5
5218391,347.5
5218508,3786.7
5218607,268.5
5218706,159.3
5218789,256
5218805,8379.7
5218904,748.3
5219001,496.8
5219100,139.6
5219209,1109
5219258,1169.2
5219308,1141.3
5219357,807.2
5219407,1361.8
5219456,956
5219506,164.1
5219605,794.6
5219704,1202.2
5219712,451.6
5219738,132.8
5219753,944
5219803,3295.7
5219902,415.8
5220009,3327.4
5220058,287.8
5220108,826
5220157,586.1
5220207,6144.4
5220264,537.8
5220280,172
5220405,414
5220454,245.3
5220504,5526.7
5220603,2345.9
5220686,348
5220702,1598.3
5221007,204.2
5221080,774.6
5221197,106.9
5221304,282.1
5221403,710.7
5221452,799.1
5221502,480.8
5221551,934
5221577,1153.5
5221601,2141.8
5221700,522.5
5221809,626.7
5221858,60.5
5221908,519.2
5222005,954.3
5222054,737.3
5222203,1060.2
5222302,2181.6
5300108,5787.8
