"city_code","pop.residPerHouse"
1100015,3.31
1100023,3.3
1100031,3.19
1100049,3.23
1100056,3.16
1100064,3.11
1100072,3.26
1100080,3.65
1100098,3.29
1100106,3.74
1100114,3.25
1100122,3.25
1100130,3.38
1100148,3.32
1100155,3.23
1100189,3.34
1100205,3.6
1100254,3.24
1100262,3.3
1100288,3.18
1100296,3.22
1100304,3.21
1100320,3.39
1100338,3.5
1100346,3.32
1100379,3.45
1100403,3.37
1100452,3.39
1100502,3.42
1100601,3.38
1100700,3.47
1100809,3.46
1100908,3.19
1100924,3.4
1100940,3.43
1101005,3.49
1101104,3.34
1101203,3.54
1101302,3.38
1101401,3.44
1101435,3.56
1101450,3.42
1101468,3.24
1101476,3.25
1101484,3.31
1101492,3.38
1101500,3.42
1101559,3.29
1101609,3.36
1101708,3.3
1101757,3.34
1101807,3.36
1200013,3.61
1200054,3.91
1200104,3.58
1200138,3.62
1200179,3.73
1200203,4.2
1200252,3.42
1200302,4.58
1200328,5.03
1200336,4.22
1200344,4.27
1200351,5.15
1200385,3.61
1200393,5.33
1200401,3.54
1200427,4.57
1200435,5.71
1200450,3.58
1200500,4.06
1200609,4.72
1200708,3.57
1200807,3.69
1300029,5.66
1300060,5.66
1300086,5.4
1300102,5.3
1300144,3.89
1300201,5.22
1300300,4.61
1300409,5.33
1300508,5.28
1300607,5.53
1300631,5.36
1300680,5.42
1300706,4.26
1300805,5.25
1300839,4.92
1300904,4.31
1301001,4.9
1301100,4.43
1301159,4.15
1301209,4.98
1301308,5.17
1301407,4.89
1301506,5.09
1301605,5.84
1301654,5.25
1301704,4.48
1301803,5.98
1301852,4.15
1301902,4.35
1301951,5.11
1302009,4.58
1302108,5.73
1302207,5.27
1302306,5.66
1302405,4.61
1302504,4.67
1302553,4.65
1302603,3.9
1302702,4.91
1302801,6.26
1302900,5.2
1303007,4.82
1303106,5.45
1303205,4.62
1303304,5
1303403,4.89
1303502,5.92
1303536,3.73
1303569,4.16
1303601,6.87
1303700,6.08
1303809,5.03
1303908,5.87
1303957,5.49
1304005,4.84
1304062,5.18
1304104,4.89
1304203,5.03
1304237,6.11
1304260,5.35
1304302,4.99
1304401,5.36
1400027,4.41
1400050,4.44
1400100,3.7
1400159,4.34
1400175,3.79
1400209,4.11
1400233,3.71
1400282,3.86
1400308,3.79
1400407,5.23
1400456,4.33
1400472,4.04
1400506,3.87
1400605,3.85
1400704,5.79
1500107,4.53
1500131,3.61
1500206,4.52
1500305,5.16
1500347,4.26
1500404,4.34
1500503,4.25
1500602,3.72
1500701,5.08
1500800,3.75
1500859,4.03
1500909,4.57
1500958,4.53
1501006,4.6
1501105,5.88
1501204,4.59
1501253,3.43
1501303,4.01
1501402,3.77
1501451,4.08
1501501,3.76
1501576,3.96
1501600,4.09
1501709,4.3
1501725,3.59
1501758,3.81
1501782,4.28
1501808,5.27
1501907,4.38
1501956,4.68
1502004,4.48
1502103,5.11
1502152,3.57
1502202,3.76
1502301,3.99
1502400,3.8
1502509,4.87
1502608,4.06
1502707,3.53
1502756,4.46
1502764,3.75
1502772,3.49
1502806,5.31
1502855,4.62
1502905,4.03
1502939,3.91
1502954,3.83
1503002,4.76
1503044,3.66
1503077,4.3
1503093,3.87
1503101,5.37
1503200,3.93
1503309,4.82
1503408,4.01
1503457,4.5
1503507,4.18
1503606,4.06
1503705,4.04
1503754,5.54
1503804,4.07
1503903,4.96
1504000,5.12
1504059,3.94
1504109,4.08
1504208,3.84
1504307,4.15
1504406,3.95
1504422,3.94
1504455,3.68
1504505,6.1
1504604,4.98
1504703,4.47
1504802,4.02
1504901,4.86
1504950,4.3
1504976,3.86
1505007,3.73
1505031,3.6
1505064,4.08
1505106,4.35
1505205,5.23
1505304,4.58
1505403,3.95
1505437,3.83
1505486,3.93
1505494,3.75
1505502,3.9
1505536,3.59
1505551,3.65
1505601,3.55
1505635,3.6
1505650,4.21
1505700,4.43
1505809,5.39
1505908,5.52
1506005,4.73
1506104,3.88
1506112,4.05
1506138,3.71
1506161,3.42
1506187,3.74
1506195,4.21
1506203,4.06
1506302,3.95
1506351,3.83
1506401,5.43
1506500,3.7
1506559,4.16
1506583,3.31
1506609,3.62
1506708,3.98
1506807,4.19
1506906,3.96
1507003,3.82
1507102,3.97
1507151,3.85
1507201,4.65
1507300,4.04
1507409,3.82
1507458,3.73
1507466,3.89
1507474,4.07
1507508,4.03
1507607,4.07
1507706,4.72
1507755,3.57
1507805,3.93
1507904,4.13
1507953,4.8
1507961,3.95
1507979,4.67
1508001,4.14
1508035,4.22
1508050,4.16
1508084,3.55
1508100,4.11
1508126,5.05
1508159,3.94
1508209,4.05
1508308,4.58
1508357,4.48
1508407,3.51
1600055,3.81
1600105,4.5
1600154,4.07
1600204,3.98
1600212,4.53
1600238,4.31
1600253,4.46
1600279,4.04
1600303,4.2
1600402,4.79
1600501,4.27
1600535,4.05
1600550,4.71
1600600,4.52
1600709,4.44
1600808,4.44
1700251,3.15
1700301,3.89
1700350,3.28
1700400,3.6
1700707,3.21
1701002,3.72
1701051,3.76
1701101,3.36
1701309,3.47
1701903,3.4
1702000,2.97
1702109,3.42
1702158,3.6
1702208,3.83
1702307,3.42
1702406,3.34
1702554,3.69
1702703,3.1
1702901,3.77
1703008,4.1
1703057,3.4
1703073,4.05
1703107,3.34
1703206,3.29
1703305,3.57
1703602,3.38
1703701,3.41
1703800,4.28
1703826,3.81
1703842,4.3
1703867,3.15
1703883,3.48
1703891,3.93
1703909,3.41
1704105,3.66
1704600,2.94
1705102,3.53
1705508,3.35
1705557,3.22
1705607,3.61
1706001,3.52
1706100,3.18
1706258,3.19
1706506,3.52
1707009,3.7
1707108,3.23
1707207,3.14
1707306,3.15
1707405,4.2
1707553,3.32
1707652,3.06
1707702,3.71
1708205,3.43
1708254,3.51
1708304,3.24
1709005,4.03
1709302,3.32
1709500,3.29
1709807,3.16
1710508,3.77
1710706,3.71
1710904,3.31
1711100,3.26
1711506,3.06
1711803,3.29
1711902,3.83
1711951,3.91
1712009,3.44
1712157,3.26
1712405,3.67
1712454,3.6
1712504,3.24
1712702,3.93
1712801,3.71
1713205,3.47
1713304,3.33
1713601,3.55
1713700,3.03
1713809,3.81
1713957,3.51
1714203,3.44
1714302,3.57
1714880,3.55
1715002,3.31
1715101,3.54
1715150,3.32
1715259,3.71
1715507,3.25
1715705,3.62
1715754,3.09
1716109,3.3
1716208,3.58
1716307,3.47
1716505,3.47
1716604,3.15
1716653,3.33
1716703,3.06
1717008,3.63
1717206,3.38
1717503,3.34
1717800,3.44
1717909,3.53
1718006,3.76
1718204,3.56
1718303,4.17
1718402,3.41
1718451,3.28
1718501,4.17
1718550,3.64
1718659,3.77
1718709,3.27
1718758,3.71
1718808,3.87
1718840,2.96
1718865,3.6
1718881,3.54
1718899,3.17
1718907,3.39
1719004,3.8
1720002,3.62
1720101,3.94
1720150,4.17
1720200,3.83
1720259,3.41
1720309,3.97
1720499,3.25
1720655,3.28
1720804,3.79
1720853,3.16
1720903,3.45
1720937,3.66
1720978,3.18
1721000,3.3
1721109,4.05
1721208,3.64
1721257,3.29
1721307,3.25
1722081,3.76
1722107,3.6
2100055,3.78
2100105,4.52
2100154,4.24
2100204,3.59
2100303,4.13
2100402,4.19
2100436,4.2
2100477,4.26
2100501,4.06
2100550,4.25
2100600,4.07
2100709,3.89
2100808,4.18
2100832,4.39
2100873,4.57
2100907,4.14
2100956,4.53
2101004,4.11
2101103,4.48
2101202,3.8
2101251,4.08
2101301,3.93
2101350,3.79
2101400,3.91
2101509,3.77
2101608,3.82
2101707,4.49
2101731,5.12
2101772,4.04
2101806,3.84
2101905,3.6
2101939,3.98
2101970,4.33
2102002,4.06
2102036,4.55
2102077,4.2
2102101,4.2
2102150,4.36
2102200,4.45
2102309,4
2102325,4.34
2102358,3.9
2102374,4.77
2102408,4.08
2102507,4.24
2102556,3.79
2102606,4.41
2102705,4.34
2102754,3.71
2102804,3.8
2102903,4.33
2103000,3.85
2103109,3.95
2103125,3.97
2103158,4.84
2103174,4.45
2103208,4.15
2103257,3.88
2103307,3.98
2103406,4.2
2103505,3.96
2103554,4.32
2103604,3.87
2103703,3.87
2103752,3.78
2103802,3.65
2103901,4.46
2104008,3.83
2104057,3.8
2104073,4.08
2104081,4.91
2104099,4.57
2104107,4.08
2104206,3.84
2104305,4.21
2104404,3.83
2104503,3.95
2104552,3.73
2104602,3.89
2104628,3.87
2104651,4.19
2104677,4.36
2104701,3.6
2104800,4.15
2104909,3.62
2105005,4.64
2105104,4.35
2105153,4.15
2105203,3.86
2105302,3.6
2105351,4.34
2105401,3.95
2105427,3.75
2105450,3.99
2105476,4.24
2105500,3.76
2105609,3.94
2105658,4.07
2105708,4.02
2105807,4.14
2105906,4.18
2105922,4.07
2105948,3.78
2105963,4.36
2105989,3.77
2106003,3.58
2106102,4.26
2106201,4.08
2106300,4.33
2106326,4.14
2106359,4.58
2106375,4.54
2106409,4.27
2106508,3.92
2106607,4.08
2106631,5.43
2106672,4.51
2106706,4.17
2106755,4.7
2106805,3.99
2106904,4.24
2107001,3.93
2107100,4.71
2107209,4.91
2107258,4.1
2107308,3.8
2107357,4.22
2107407,3.83
2107456,4.04
2107506,3.87
2107605,3.79
2107704,3.79
2107803,4
2107902,3.83
2108009,3.85
2108058,4.96
2108108,4.21
2108207,3.69
2108256,4.26
2108306,4.33
2108405,3.83
2108454,3.79
2108504,4.01
2108603,4
2108702,4.08
2108801,4.16
2108900,3.71
2109007,3.8
2109056,3.86
2109106,3.75
2109205,4.63
2109239,4.32
2109270,4.27
2109304,4.26
2109403,4.68
2109452,4.02
2109502,3.83
2109551,3.83
2109601,4.18
2109700,4.01
2109759,4.03
2109809,4.43
2109908,3.81
2110005,4.23
2110039,4.2
2110104,4.59
2110203,4.08
2110237,4.66
2110278,5.31
2110302,3.84
2110401,4.54
2110500,4.21
2110609,4.21
2110658,4.15
2110708,3.79
2110807,3.88
2110856,3.82
2110906,3.69
2111003,3.93
2111029,4.68
2111052,3.76
2111078,4.04
2111102,3.54
2111201,3.83
2111250,4
2111300,3.65
2111409,3.85
2111508,3.98
2111532,3.99
2111573,3.98
2111607,3.93
2111631,4.35
2111672,4.52
2111706,4.05
2111722,4.78
2111748,3.97
2111763,3.92
2111789,3.99
2111805,4.14
2111904,3.87
2111953,3.8
2112001,4.01
2112100,4.28
2112209,3.83
2112233,3.71
2112274,4.08
2112308,3.75
2112407,4.34
2112456,4.37
2112506,4.64
2112605,4.68
2112704,4.44
2112803,4
2112852,4.1
2112902,4.12
2113009,3.84
2114007,4.22
2200053,3.6
2200103,3.32
2200202,3.48
2200251,3.22
2200277,3.46
2200301,3.44
2200400,3.74
2200459,3.9
2200509,3.52
2200608,3.21
2200707,3.54
2200806,3.49
2200905,3.58
2200954,3.65
2201002,3.75
2201051,3.97
2201101,3.57
2201150,4.16
2201176,3.27
2201200,3.96
2201309,4.06
2201408,3.57
2201507,3.72
2201556,4.03
2201572,3.52
2201606,3.57
2201705,3.64
2201739,3.81
2201770,4.12
2201804,3.15
2201903,3.92
2201919,3.94
2201929,3.55
2201945,3.83
2201960,3.65
2201988,3.34
2202000,3.91
2202026,3.88
2202059,3.84
2202075,3.59
2202083,3.92
2202091,3.68
2202109,3.29
2202117,3.72
2202133,3.46
2202174,4.03
2202208,3.48
2202251,3.59
2202307,3.42
2202406,3.69
2202455,3.38
2202505,3.79
2202539,3.8
2202554,3.97
2202604,3.61
2202653,3.98
2202703,3.87
2202711,3.4
2202729,3.57
2202737,3.73
2202752,3.54
2202778,3.7
2202802,3.5
2202851,3.42
2202901,3.8
2203008,3.88
2203107,3.78
2203206,3.67
2203230,4.15
2203255,3.79
2203271,4.13
2203305,3.49
2203354,3.57
2203404,3.41
2203420,3.86
2203453,3.61
2203503,3.35
2203602,3.5
2203701,3.72
2203750,3.83
2203800,3.35
2203859,3.34
2203909,3.56
2204006,3.41
2204105,3.38
2204154,3.62
2204204,3.45
2204303,3.59
2204352,3.48
2204402,4.07
2204501,3.69
2204550,4.1
2204600,3.49
2204659,4.04
2204709,3.56
2204808,3.64
2204907,3.74
2205003,3.27
2205102,3.43
2205151,3.57
2205201,3.56
2205250,3.49
2205276,3.57
2205300,3.55
2205359,3.62
2205409,4.04
2205458,4.01
2205508,4.01
2205516,3.84
2205524,3.93
2205532,3.57
2205540,3.42
2205557,4.08
2205565,3.89
2205573,3.86
2205581,3.63
2205599,3.32
2205607,3.35
2205706,4.01
2205805,3.79
2205854,4.28
2205904,3.74
2205953,3.53
2206001,3.52
2206050,3.8
2206100,3.89
2206209,4.19
2206308,3.74
2206357,3.95
2206407,3.62
2206506,3.44
2206605,4.24
2206654,4.1
2206670,3.87
2206696,4.08
2206704,3.49
2206720,3.66
2206753,3.7
2206803,3.97
2206902,3.35
2206951,3.57
2207009,3.41
2207108,3.47
2207207,3.29
2207306,3.76
2207355,3.26
2207405,3.81
2207504,3.64
2207553,3.55
2207603,4.15
2207702,3.76
2207751,4.07
2207777,3.33
2207793,3.64
2207801,3.56
2207850,3.46
2207900,3.83
2207934,3.67
2207959,3.69
2208007,3.45
2208106,3.68
2208205,3.6
2208304,3.56
2208403,3.63
2208502,4.27
2208551,3.78
2208601,3.46
2208650,3.9
2208700,4.09
2208809,3.55
2208858,3.78
2208874,3.49
2208908,4.14
2209005,3.36
2209104,3.58
2209153,3.6
2209203,3.98
2209302,3.76
2209351,3.47
2209377,3.32
2209401,3.37
2209450,3.86
2209500,3.24
2209559,3.5
2209609,3.2
2209658,3.7
2209708,3.47
2209757,3.91
2209807,3.54
2209856,3.23
2209872,3.71
2209906,3.44
2209955,3.67
2209971,3.81
2210003,3.64
2210052,3.71
2210102,3.47
2210201,3.42
2210300,3.26
2210359,3.41
2210375,3.43
2210383,3.39
2210391,3.64
2210409,3.64
2210508,3.62
2210607,3.47
2210623,3.98
2210631,3.62
2210656,3.49
2210706,3.87
2210805,3.53
2210904,3.53
2210938,3.44
2210953,3.62
2210979,3.24
2211001,3.65
2211100,3.93
2211209,3.83
2211308,3.3
2211357,3.85
2211407,3.14
2211506,3.23
2211605,3.28
2211704,3.72
2300101,3.76
2300150,3.66
2300200,3.91
2300309,3.4
2300408,3.64
2300507,3.77
2300606,3.28
2300705,3.55
2300754,4
2300804,3.48
2300903,3.58
2301000,3.62
2301109,3.48
2301208,3.6
2301257,3.41
2301307,3.72
2301406,3.95
2301505,3.62
2301604,3.5
2301703,3.45
2301802,3.51
2301851,3.78
2301901,3.76
2301950,3.53
2302008,3.52
2302057,3.91
2302107,3.63
2302206,3.49
2302305,3.83
2302404,3.46
2302503,3.73
2302602,3.83
2302701,3.48
2302800,3.72
2302909,3.71
2303006,3.81
2303105,3.59
2303204,3.73
2303303,3.35
2303402,3.66
2303501,3.51
2303600,3.73
2303659,3.62
2303709,3.64
2303808,3.39
2303907,3.92
2303931,3.91
2303956,3.45
2304004,3.7
2304103,3.35
2304202,3.57
2304236,3.53
2304251,3.62
2304269,3.28
2304277,3.62
2304285,3.61
2304301,3.52
2304350,3.52
2304400,3.44
2304459,3.55
2304509,3.46
2304608,3.94
2304657,3.52
2304707,3.97
2304806,3.94
2304905,3.39
2304954,3.76
2305001,3.7
2305100,3.88
2305209,3.44
2305233,3.51
2305266,3.74
2305308,3.68
2305332,3.51
2305357,3.5
2305407,3.58
2305506,3.35
2305605,3.4
2305654,3.25
2305704,3.39
2305803,3.56
2305902,3.45
2306009,3.44
2306108,3.98
2306207,3.17
2306256,3.71
2306306,3.73
2306405,3.87
2306504,3.77
2306553,4.19
2306603,3.94
2306702,3.45
2306801,3.63
2306900,3.39
2307007,3.34
2307106,3.9
2307205,3.49
2307254,3.52
2307304,3.6
2307403,3.51
2307502,3.59
2307601,3.27
2307635,3.75
2307650,3.61
2307700,3.9
2307809,4.11
2307908,3.76
2308005,3.8
2308104,3.8
2308203,3.9
2308302,3.6
2308351,3.4
2308377,3.95
2308401,3.77
2308500,3.55
2308609,3.5
2308708,3.4
2308807,3.79
2308906,3.87
2309003,3.33
2309102,3.91
2309201,3.57
2309300,3.32
2309409,3.42
2309458,3.53
2309508,3.26
2309607,3.51
2309706,3.86
2309805,3.79
2309904,3.41
2310001,3.39
2310100,3.89
2310209,3.62
2310258,3.65
2310308,3.48
2310407,3.74
2310506,3.51
2310605,3.57
2310704,3.58
2310803,3.61
2310852,3.48
2310902,3.47
2310951,3.66
2311009,3.53
2311108,3.63
2311207,3.62
2311231,3.57
2311264,3.48
2311306,3.62
2311355,3.22
2311405,3.49
2311504,3.29
2311603,3.56
2311702,3.48
2311801,3.41
2311900,3.49
2311959,3.93
2312007,3.98
2312106,3.8
2312205,3.6
2312304,3.65
2312403,3.64
2312502,3.06
2312601,3.43
2312700,3.32
2312809,3.74
2312908,3.71
2313005,3.32
2313104,3.19
2313203,3.67
2313252,3.57
2313302,3.42
2313351,3.91
2313401,3.77
2313500,3.84
2313559,3.77
2313609,3.63
2313708,3.49
2313757,3.93
2313807,3.77
2313906,3.62
2313955,3.6
2314003,3.32
2314102,4.05
2400109,3.34
2400208,3.57
2400307,3.68
2400406,3.74
2400505,3.42
2400604,3.38
2400703,3.42
2400802,3.53
2400901,3.3
2401008,3.47
2401107,3.48
2401206,3.74
2401305,3.55
2401404,3.93
2401453,3.57
2401503,3.46
2401602,3.9
2401651,3.49
2401701,3.53
2401800,3.52
2401859,3.73
2401909,3.7
2402006,3.34
2402105,3.57
2402204,4.01
2402303,3.33
2402402,3.29
2402501,3.52
2402600,3.91
2402709,3.57
2402808,3.43
2402907,3.74
2403004,3.24
2403103,3.4
2403202,3.65
2403251,3.34
2403301,3.53
2403400,3.37
2403509,3.54
2403608,3.77
2403707,3.41
2403756,3.33
2403806,3.52
2403905,3.43
2404002,3.25
2404101,3.75
2404200,4.01
2404309,3.57
2404408,3.32
2404507,3.72
2404606,3.63
2404705,3.66
2404804,3.24
2404853,3.67
2404903,3.32
2405009,3.41
2405108,3.64
2405207,3.52
2405306,3.65
2405405,3.45
2405504,3.56
2405603,3.5
2405702,3.14
2405801,3.76
2405900,3.46
2406007,3.25
2406106,3.35
2406155,3.43
2406205,3.69
2406304,3.57
2406403,3.53
2406502,3.79
2406601,3.62
2406700,3.51
2406809,3.51
2406908,3.42
2407005,3.69
2407104,3.56
2407203,3.39
2407252,3.52
2407302,3.44
2407401,3.4
2407500,3.98
2407609,3.54
2407708,3.68
2407807,3.62
2407906,3.45
2408003,3.53
2408102,3.4
2408201,3.63
2408300,3.61
2408409,3.33
2408508,3.38
2408607,3.52
2408706,3.48
2408805,3.98
2408904,3.34
2408953,3.89
2409100,3.62
2409209,3.43
2409308,3.28
2409332,3.62
2409407,3.44
2409506,3.85
2409605,3.88
2409704,3.6
2409803,3.69
2409902,3.47
2410009,3.6
2410108,4.14
2410207,3.42
2410256,3.59
2410306,3.78
2410405,3.9
2410504,3.48
2410603,3.19
2410702,3.44
2410801,3.39
2410900,3.82
2411007,3.55
2411056,3.59
2411106,3.71
2411205,3.6
2411403,3.41
2411429,3.47
2411502,3.47
2411601,3.73
2411700,3.8
2411809,3.39
2411908,3.31
2412005,3.58
2412104,3.21
2412203,3.67
2412302,3.58
2412401,3.4
2412500,3.57
2412559,3.92
2412609,3.48
2412708,3.61
2412807,3.35
2412906,3.45
2413003,3.32
2413102,3.63
2413201,3.76
2413300,3.62
2413359,3.65
2413409,3.61
2413508,3.68
2413557,3.31
2413607,3.32
2413706,3.52
2413805,3.36
2413904,3.87
2414001,3.61
2414100,3.71
2414159,3.5
2414209,3.52
2414308,3.39
2414407,3.92
2414456,3.64
2414506,3.4
2414605,3.5
2414704,3.38
2414753,4.1
2414803,3.84
2414902,3.36
2415008,4.16
2500106,3.69
2500205,3.33
2500304,3.55
2500403,3.62
2500502,3.67
2500536,3.34
2500577,3.5
2500601,3.57
2500700,3.38
2500734,3.28
2500775,3.47
2500809,3.43
2500908,3.23
2501005,3.6
2501104,3.75
2501153,3.95
2501203,3.29
2501302,3.51
2501351,3.37
2501401,3.81
2501500,3.68
2501534,3.25
2501575,3.38
2501609,3.37
2501708,3.43
2501807,3.56
2501906,3.3
2502003,3.62
2502052,3.83
2502102,3.84
2502151,3.59
2502201,3.43
2502300,3.32
2502409,3.85
2502508,3.47
2502607,3.55
2502706,3.64
2502805,3.61
2502904,3.39
2503001,3.72
2503100,3.33
2503209,3.36
2503308,3.66
2503407,3.44
2503506,3.62
2503555,3.76
2503605,3.43
2503704,3.37
2503753,3.67
2503803,3.3
2503902,3.09
2504009,3.43
2504033,3.83
2504074,3.26
2504108,4.01
2504157,3.62
2504207,3.68
2504306,3.48
2504355,3.42
2504405,3.57
2504504,3.45
2504603,3.68
2504702,3.17
2504801,3.47
2504850,3.01
2504900,3.85
2505006,3.38
2505105,3.39
2505204,3.61
2505238,3.58
2505279,3.55
2505303,3.84
2505352,3.56
2505402,3.45
2505501,3.8
2505600,3.75
2505709,3.55
2505808,3.37
2505907,3.99
2506004,3.41
2506103,3.51
2506202,3.04
2506251,3.75
2506301,3.39
2506400,3.57
2506509,3.35
2506608,3.41
2506707,3.9
2506806,3.46
2506905,3.28
2507002,3.6
2507101,3.55
2507200,3.59
2507309,3.42
2507408,3.57
2507507,3.37
2507606,3.41
2507705,3.73
2507804,3.5
2507903,3.52
2508000,3.62
2508109,3.56
2508208,3.39
2508307,3.6
2508406,3.85
2508505,3.49
2508554,3.56
2508604,3.76
2508703,3.39
2508802,3.4
2508901,3.65
2509008,3.67
2509057,3.72
2509107,3.34
2509156,3.52
2509206,3.42
2509305,3.76
2509339,3.8
2509370,3.75
2509396,3.54
2509404,3.45
2509503,3.44
2509602,3.44
2509701,3.15
2509800,3.44
2509909,3.71
2510006,3.45
2510105,3.32
2510204,3.6
2510303,3.32
2510402,3.7
2510501,3.42
2510600,3.11
2510659,3.12
2510709,3.31
2510808,3.47
2510907,3.55
2511004,3.74
2511103,3.32
2511202,3.65
2511301,3.33
2511400,3.35
2511509,3.52
2511608,4.04
2511707,3.6
2511806,3.51
2511905,3.59
2512002,3.56
2512036,3.78
2512077,3.35
2512101,3.45
2512200,3.33
2512309,3.52
2512408,3.51
2512507,3.42
2512606,3.87
2512705,3.51
2512721,3.34
2512747,3.51
2512754,3.33
2512762,3.55
2512788,3.59
2512804,3.73
2512903,3.46
2513000,3.66
2513109,3.37
2513158,3.67
2513208,3.4
2513307,3.22
2513356,3.81
2513406,3.37
2513505,3.77
2513604,3.62
2513653,3.47
2513703,3.57
2513802,3.62
2513851,3.31
2513901,3.65
2513927,3.45
2513943,3.38
2513968,3.44
2513984,3.34
2514008,3.3
2514107,3.04
2514206,3.4
2514305,4.09
2514404,3.64
2514453,3.6
2514503,3.55
2514552,3.82
2514602,3.67
2514651,3.97
2514701,3.52
2514800,3.16
2514909,3.3
2515005,3.76
2515104,3.53
2515203,3.09
2515302,3.56
2515401,3.89
2515500,3.15
2515609,3.57
2515708,3.46
2515807,3.21
2515906,3.62
2515930,3.41
2515971,3.62
2516003,3.47
2516102,3.48
2516151,3.44
2516201,3.49
2516300,3.01
2516409,3.97
2516508,3.51
2516607,3.71
2516706,3.52
2516755,3.68
2516805,3.6
2516904,3.42
2517001,3.55
2517100,3.15
2517209,3.56
2517407,3.08
2600054,3.34
2600104,3.22
2600203,3.71
2600302,3.3
2600401,4.18
2600500,3.7
2600609,3.35
2600708,3.63
2600807,3.16
2600906,3.54
2601003,3.4
2601052,3.74
2601102,3.74
2601201,3.38
2601300,3.8
2601409,3.8
2601508,3.69
2601607,4.01
2601706,3.25
2601805,3.62
2601904,3.04
2602001,3.93
2602100,3.58
2602209,3.46
2602308,3.46
2602407,3.63
2602506,3.42
2602605,3.4
2602704,3.51
2602803,3.95
2602902,3.45
2603009,3.76
2603108,3.2
2603207,3.79
2603306,3.55
2603405,3.41
2603454,3.4
2603504,3.27
2603603,3.6
2603702,3.56
2603801,3.8
2603900,3.45
2603926,4.5
2604007,3.49
2604106,3.26
2604155,3.78
2604205,3.73
2604304,3.91
2604403,3.57
2604502,3.4
2604601,3.56
2604700,3.96
2604809,3.71
2604908,3.37
2605004,3.23
2605103,3.34
2605152,3.63
2605202,3.5
2605301,3.86
2605400,3.3
2605459,3.66
2605509,3.67
2605608,3.29
2605707,4.05
2605806,3.18
2605905,4.01
2606002,3.45
2606101,3.51
2606200,3.52
2606309,3.81
2606408,3.25
2606507,3.83
2606606,3.83
2606705,3.27
2606804,3.42
2606903,3.25
2607000,4.58
2607109,3.45
2607208,3.65
2607307,3.88
2607406,3.82
2607505,3.74
2607604,3.36
2607653,3.74
2607703,3.09
2607752,3.53
2607802,3.63
2607901,3.27
2607950,3.91
2608008,3.4
2608057,3.63
2608107,3.31
2608206,3.77
2608255,3.54
2608305,3.45
2608404,3.48
2608453,3.46
2608503,3.54
2608602,3.55
2608701,3.34
2608750,3.74
2608800,3.32
2608909,3.3
2609006,3.58
2609105,3.78
2609154,4.36
2609204,3.88
2609303,3.97
2609402,3.44
2609501,3.54
2609600,3.33
2609709,3.59
2609808,3.87
2609907,3.88
2610004,3.8
2610103,3.51
2610202,3.51
2610301,3.51
2610400,3.98
2610509,3.31
2610608,3.61
2610707,3.31
2610806,3.54
2610905,3.38
2611002,3.77
2611101,3.64
2611200,3.33
2611309,3.32
2611408,3.6
2611507,3.82
2611533,3.74
2611606,3.25
2611705,3.18
2611804,3.71
2611903,4.04
2612000,3.15
2612109,4.07
2612208,3.73
2612307,3.4
2612406,3.67
2612455,3.77
2612471,3.52
2612505,3.37
2612554,3.7
2612604,4.02
2612703,3.43
2612802,3.64
2612901,4.37
2613008,3.62
2613107,3.29
2613206,3.67
2613305,3.3
2613404,3.7
2613503,3.7
2613602,3.16
2613701,3.39
2613800,3.66
2613909,3.43
2614006,4.15
2614105,3.47
2614204,3.98
2614303,3.77
2614402,3.71
2614501,3.34
2614600,3.32
2614709,3.25
2614808,3.85
2614857,3.87
2615003,3.36
2615102,3.65
2615201,3.82
2615300,3.54
2615409,3.48
2615508,3.58
2615607,3.78
2615706,3.45
2615805,3.96
2615904,3.05
2616001,3.55
2616100,3.76
2616183,3.41
2616209,3.31
2616308,3.8
2616407,3.28
2616506,3.83
2700102,4.09
2700201,3.73
2700300,3.66
2700409,3.99
2700508,4.04
2700607,3.73
2700706,3.87
2700805,3.48
2700904,3.88
2701001,3.89
2701100,3.99
2701209,3.52
2701308,4.15
2701357,3.9
2701407,4.64
2701506,3.81
2701605,3.85
2701704,4.02
2701803,3.98
2701902,3.81
2702009,3.66
2702108,3.79
2702207,3.63
2702306,3.85
2702355,3.81
2702405,3.63
2702504,3.69
2702553,3.45
2702603,3.72
2702702,3.6
2702801,3.86
2702900,4.02
2703007,3.66
2703106,3.54
2703205,3.7
2703304,4.05
2703403,3.87
2703502,4.13
2703601,3.83
2703700,3.93
2703759,4.05
2703809,4.02
2703908,3.71
2704005,3.74
2704104,3.79
2704203,3.96
2704302,3.39
2704401,3.67
2704500,3.89
2704609,3.83
2704708,3.74
2704807,3.56
2704906,3.49
2705002,3.94
2705101,4.01
2705200,3.98
2705309,3.59
2705408,4.08
2705507,4.07
2705606,3.73
2705705,3.7
2705804,3.95
2705903,3.8
2706000,3.79
2706109,3.67
2706208,4
2706307,3.43
2706406,3.91
2706422,3.94
2706448,3.98
2706505,3.94
2706604,3.5
2706703,3.68
2706802,3.69
2706901,3.77
2707008,3.76
2707107,3.97
2707206,4.13
2707305,3.95
2707404,3.74
2707503,3.79
2707602,3.79
2707701,3.66
2707800,4.01
2707909,3.67
2708006,3.74
2708105,3.84
2708204,3.66
2708303,3.81
2708402,4.21
2708501,4.18
2708600,3.85
2708709,3.59
2708808,3.76
2708907,3.82
2708956,4.27
2709004,3.47
2709103,3.55
2709152,3.97
2709202,4.03
2709301,3.74
2709400,3.75
2800100,3.32
2800209,3.34
2800308,3.36
2800407,3.66
2800506,3.57
2800605,3.64
2800670,3.53
2800704,3.79
2801009,3.22
2801108,3.78
2801207,3.86
2801306,3.64
2801405,3.36
2801504,3.56
2801603,3.32
2801702,3.84
2801900,3.26
2802007,3.6
2802106,3.53
2802205,3.57
2802304,3.49
2802403,3.52
2802502,3.32
2802601,3.31
2802700,3.8
2802809,3.98
2802908,3.33
2803005,3.72
2803104,3.15
2803203,3.66
2803302,3.48
2803401,3.56
2803500,3.43
2803609,3.89
2803708,3.29
2803807,3.7
2803906,3.38
2804003,3.68
2804102,3.16
2804201,3.74
2804300,3.53
2804409,3.62
2804458,3.28
2804508,3.48
2804607,3.37
2804706,3.52
2804805,3.54
2804904,3.72
2805000,3.41
2805109,3.67
2805208,3.4
2805307,3.76
2805406,3.93
2805505,3.34
2805604,3.65
2805703,3.51
2805802,3.84
2805901,3.79
2806008,3.19
2806107,3.51
2806206,3.5
2806305,3.91
2806404,3.78
2806503,3.62
2806602,3.58
2806701,3.51
2806800,3.29
2806909,3.31
2807006,3.49
2807105,3.38
2807204,3.5
2807303,3.52
2807402,3.4
2807501,3.61
2807600,3.64
2900108,3.23
2900207,3.94
2900306,3.55
2900355,3.46
2900405,3.41
2900504,4.08
2900603,3.34
2900702,3.4
2900801,3.51
2900900,3.21
2901007,3.29
2901106,3.51
2901155,3.68
2901205,3.52
2901304,3.7
2901353,3.11
2901403,3.7
2901502,4.04
2901601,3.67
2901700,3.99
2901809,3.56
2901908,3.42
2901957,3.49
2902005,3.76
2902054,3.66
2902104,3.78
2902203,3.73
2902252,3.41
2902302,3.54
2902401,3.46
2902500,3.61
2902609,3.5
2902658,3.88
2902708,4.28
2902807,3.77
2902906,3.77
2903003,3.39
2903102,3.47
2903201,3.55
2903235,3.41
2903276,3.66
2903300,3.3
2903409,3.38
2903508,3.66
2903607,3.59
2903706,3.64
2903805,3.61
2903904,3.85
2903953,3.85
2904001,4.03
2904050,3.74
2904100,3.8
2904209,3.79
2904308,3.61
2904407,3.52
2904506,3.34
2904605,3.48
2904704,3.38
2904753,4.27
2904803,3.9
2904852,4.01
2904902,3.37
2905008,3.51
2905107,3.49
2905156,4.24
2905206,3.7
2905305,3.62
2905404,3.2
2905503,3.54
2905602,3.46
2905701,3.28
2905800,3.72
2905909,3.68
2906006,3.69
2906105,3.68
2906204,3.44
2906303,3.31
2906402,3.48
2906501,3.32
2906600,3.59
2906709,3.54
2906808,3.66
2906824,3.67
2906857,3.06
2906873,3.16
2906899,3.5
2906907,3.46
2907004,3.72
2907103,3.88
2907202,3.8
2907301,3.52
2907400,3.42
2907509,3.36
2907558,3.67
2907608,3.44
2907707,3.91
2907806,3.17
2907905,3.55
2908002,3.23
2908101,3.73
2908200,3.58
2908309,3.5
2908408,3.34
2908507,3.38
2908606,3.83
2908705,3.6
2908804,3.44
2908903,3.59
2909000,3.69
2909109,3.37
2909208,3.48
2909307,3.56
2909406,3.62
2909505,3.43
2909604,3.33
2909703,3.56
2909802,3.39
2909901,3.7
2910008,3.78
2910057,3.33
2910107,3.81
2910206,3.28
2910305,3.1
2910404,3.57
2910503,3.59
2910602,3.78
2910701,3.54
2910727,3.38
2910750,3.35
2910776,3.54
2910800,3.4
2910859,3.49
2910909,3.34
2911006,3.51
2911105,4.02
2911204,3.27
2911253,3.29
2911303,3.56
2911402,3.52
2911501,3.71
2911600,3.65
2911659,3.9
2911709,3.53
2911808,3.29
2911857,3.44
2911907,3.49
2912004,3.59
2912103,3.2
2912202,3.63
2912301,3.27
2912400,3.44
2912509,3.74
2912608,3.47
2912707,3.54
2912806,3.23
2912905,3.38
2913002,3.67
2913101,3.41
2913200,3.54
2913309,3.36
2913408,3.83
2913457,3.72
2913507,3.44
2913606,3.27
2913705,3.57
2913804,3.99
2913903,3.38
2914000,3.47
2914109,3.4
2914208,3.31
2914307,3.69
2914406,3.69
2914505,3.5
2914604,3.36
2914653,3.55
2914703,3.46
2914802,3.23
2914901,3.53
2915007,3.64
2915106,3.52
2915205,3.56
2915304,3.28
2915353,3.72
2915403,3.36
2915502,3.29
2915601,3.37
2915700,3.29
2915809,3.75
2915908,3.51
2916005,3.23
2916104,3.25
2916203,3.29
2916302,3.45
2916401,3.53
2916500,3.56
2916609,3.69
2916708,3.44
2916807,3.47
2916856,3.46
2916906,3.33
2917003,3.6
2917102,3.34
2917201,3.64
2917300,3.57
2917334,3.94
2917359,3.37
2917409,3.7
2917508,3.18
2917607,3.59
2917706,3.33
2917805,3.55
2917904,3.8
2918001,3.33
2918100,3.49
2918209,3.53
2918308,3.41
2918357,3.6
2918407,3.59
2918456,3.41
2918506,3.59
2918555,3.22
2918605,3.37
2918704,3.12
2918753,4.21
2918803,3.48
2918902,3.05
2919009,3.52
2919058,3.4
2919108,3.89
2919157,3.5
2919207,3.28
2919306,3.4
2919405,3.53
2919504,3.74
2919553,3.36
2919603,3.37
2919702,3.43
2919801,3.88
2919900,3.83
2919926,3.35
2919959,3.55
2920007,3.24
2920106,3.32
2920205,4.11
2920304,3.58
2920403,3.64
2920452,4.42
2920502,3.27
2920601,3.54
2920700,3.63
2920809,3.61
2920908,3.53
2921005,3.41
2921054,4.07
2921104,3.14
2921203,3.25
2921302,3.29
2921401,3.49
2921450,3.77
2921500,3.61
2921609,3.45
2921708,3.53
2921807,3.62
2921906,3.43
2922003,3.39
2922052,3.69
2922102,3.62
2922201,3.25
2922250,3.89
2922300,3.47
2922409,3.3
2922508,3.4
2922607,3.51
2922656,3.72
2922706,3.34
2922730,3.14
2922755,3.27
2922805,3.55
2922854,3.78
2922904,3.49
2923001,3.43
2923035,3.43
2923050,4.12
2923100,3.49
2923209,3.56
2923308,3.43
2923357,3.51
2923407,3.77
2923506,3.42
2923605,3.73
2923704,4.09
2923803,3.44
2923902,3.41
2924009,3.46
2924058,3.38
2924108,3.66
2924207,3.89
2924306,3.7
2924405,4
2924504,3.75
2924603,3.29
2924652,3.59
2924678,3.68
2924702,3.8
2924801,3.35
2924900,3.45
2925006,3.55
2925105,3.46
2925204,3.44
2925253,3.48
2925303,3.28
2925402,3.47
2925501,3.58
2925600,3.39
2925709,3.59
2925758,3.64
2925808,3.5
2925907,3.74
2925931,3.14
2925956,3.64
2926004,3.67
2926103,3.27
2926202,3.7
2926301,3.26
2926400,3.83
2926509,3.6
2926608,3.43
2926657,3.52
2926707,3.5
2926806,3.69
2926905,3.66
2927002,3.48
2927101,3.69
2927200,3.4
2927309,3.5
2927408,3.1
2927507,3.52
2927606,3.59
2927705,3.34
2927804,3.79
2927903,3.2
2928000,3.57
2928059,3.31
2928109,3.62
2928208,3.55
2928307,3.52
2928406,3.63
2928505,3.34
2928604,3.37
2928703,3.31
2928802,3.63
2928901,3.87
2928950,3.16
2929008,3.81
2929057,3.53
2929107,3.41
2929206,3.49
2929255,3.58
2929305,3.69
2929354,3.32
2929370,3.23
2929404,3.35
2929503,3.41
2929602,3.46
2929701,3.66
2929750,3.15
2929800,3.34
2929909,3.63
2930006,3.93
2930105,3.36
2930154,3.81
2930204,4.07
2930303,3.62
2930402,3.57
2930501,3.5
2930600,3.04
2930709,3.35
2930758,4.06
2930766,3.33
2930774,3.58
2930808,3.8
2930907,3.69
2931004,3.52
2931053,3.68
2931103,3.6
2931202,3.65
2931301,4.11
2931350,3.33
2931400,3.21
2931509,3.88
2931608,4.08
2931707,3.55
2931806,3.52
2931905,3.51
2932002,3.44
2932101,3.34
2932200,3.42
2932309,3.67
2932408,3.24
2932457,4.25
2932507,3.3
2932606,3.67
2932705,3.27
2932804,3.57
2932903,3.35
2933000,3.26
2933059,3.25
2933109,3.08
2933158,3.32
2933174,3.35
2933208,3.17
2933257,3.25
2933307,3.54
2933406,3.64
2933455,3.56
2933505,3.62
2933604,3.91
3100104,2.87
3100203,2.92
3100302,3.34
3100401,3.1
3100500,3.36
3100609,3.63
3100708,2.82
3100807,2.99
3100906,3.47
3101003,3.66
3101102,3.01
3101201,2.98
3101300,3.09
3101409,3.22
3101508,3.06
3101607,3.16
3101631,3.41
3101706,3.34
3101805,3.22
3101904,3.27
3102001,3
3102050,3.05
3102100,3.35
3102209,3.16
3102308,3.27
3102407,3.66
3102506,3.43
3102605,3.03
3102704,3.5
3102803,3.05
3102852,3.79
3102902,3.2
3103009,3.32
3103108,3.01
3103207,3.12
3103306,2.94
3103405,3.59
3103504,3.08
3103603,3.03
3103702,3.43
3103751,3.42
3103801,2.8
3103900,3.19
3104007,3.18
3104106,3.29
3104205,3.14
3104304,3.04
3104403,3.09
3104452,3.66
3104502,3.37
3104601,3.17
3104700,3.28
3104809,3.29
3104908,3.23
3105004,3.09
3105103,2.82
3105202,3.28
3105301,3.12
3105400,3.36
3105509,3.23
3105608,3.16
3105707,3.16
3105905,3.21
3106002,3.46
3106101,3.12
3106200,3.11
3106309,3.44
3106408,3.05
3106507,3.72
3106606,3.52
3106655,3.49
3106705,3.35
3106804,3.14
3106903,2.96
3107000,2.69
3107109,3.31
3107208,2.79
3107307,3.44
3107406,3.13
3107505,2.91
3107604,2.9
3107703,3.46
3107802,3.17
3107901,3.21
3108008,3.17
3108107,2.78
3108206,3.12
3108255,4.23
3108305,3.09
3108404,3
3108503,3.73
3108552,3.49
3108602,3.65
3108701,3.15
3108800,3.52
3108909,3.1
3109006,3.2
3109105,2.99
3109204,3.34
3109253,3.22
3109303,3.27
3109402,3.59
3109451,3.02
3109501,3.25
3109600,3.27
3109709,3.2
3109808,3.2
3109907,3.19
3110004,3.41
3110103,3.15
3110202,3.37
3110301,2.87
3110400,3.19
3110509,3.02
3110608,2.92
3110707,3.11
3110806,3.43
3110905,3.23
3111002,3.07
3111101,2.87
3111150,3.6
3111200,2.99
3111309,3.18
3111408,3.13
3111507,3.27
3111606,3.21
3111705,3.18
3111804,3.06
3111903,3.05
3112000,2.9
3112059,3.52
3112109,3.27
3112208,3.28
3112307,3.52
3112406,3.11
3112505,3.34
3112604,3.05
3112653,3.11
3112703,3.86
3112802,2.96
3112901,3.41
3113008,3.81
3113107,3.62
3113206,3.4
3113305,2.93
3113404,3.17
3113503,3.06
3113602,3.19
3113701,3.2
3113800,3.25
3113909,3.48
3114006,3.09
3114105,3.51
3114204,3.16
3114303,3
3114402,3.1
3114501,3.41
3114550,2.9
3114600,3.21
3114709,3.06
3114808,2.98
3114907,3.65
3115003,2.73
3115102,3.02
3115201,3.29
3115300,3.02
3115359,3.39
3115409,3.8
3115458,3.74
3115474,3.43
3115508,3.06
3115607,2.72
3115706,2.91
3115805,3.16
3115904,2.89
3116001,3.14
3116100,4.1
3116159,4.22
3116209,3.15
3116308,3.58
3116407,3.16
3116506,3.21
3116605,3.34
3116704,3
3116803,3.6
3116902,2.97
3117009,3.46
3117108,3.08
3117207,3.22
3117306,3.27
3117405,3.06
3117504,3.51
3117603,3.12
3117702,3.26
3117801,3.25
3117836,3.88
3117876,3.48
3117900,3.06
3118007,3.44
3118106,3.41
3118205,3.11
3118304,3.3
3118403,2.99
3118502,3.07
3118601,3.25
3118700,3.23
3118809,3.38
3118908,3.21
3119005,3.19
3119104,3.26
3119203,3.43
3119302,2.85
3119401,3.27
3119500,3.59
3119609,3.22
3119708,3.31
3119807,2.79
3119906,2.88
3119955,3.21
3120003,3.13
3120102,3.44
3120151,3.44
3120201,3.01
3120300,3.88
3120409,3.53
3120508,3.27
3120607,2.91
3120706,3.16
3120805,3.21
3120839,2.98
3120870,3.53
3120904,3.25
3121001,3.7
3121100,3.28
3121209,3.06
3121258,3.29
3121308,2.99
3121407,2.99
3121506,3.13
3121605,3.56
3121704,3.26
3121803,3.29
3121902,3.16
3122009,3.14
3122108,3.08
3122207,3.65
3122306,3.18
3122355,3.57
3122405,3.24
3122454,3.7
3122470,3.06
3122504,3.06
3122603,3.4
3122702,3.03
3122801,3.08
3122900,3.17
3123007,3.09
3123106,3.51
3123205,2.75
3123304,3.26
3123403,2.91
3123502,2.74
3123528,3.39
3123601,3.26
3123700,3.2
3123809,3.45
3123858,3.14
3123908,3.32
3124005,3.14
3124104,3.42
3124203,3.07
3124302,3.66
3124401,3.05
3124500,3.16
3124609,2.99
3124708,2.86
3124807,3.04
3124906,2.93
3125002,3.44
3125101,3.15
3125200,2.86
3125309,3
3125408,3.45
3125507,3.52
3125606,3.36
3125705,3.12
3125804,3.08
3125903,3.21
3125952,3.32
3126000,3.23
3126109,3.03
3126208,3.63
3126307,2.96
3126406,3.29
3126505,3.63
3126604,3.23
3126703,3.59
3126752,3.48
3126802,3.44
3126901,3.3
3126950,3.68
3127008,3.05
3127057,3.34
3127073,3.73
3127107,2.95
3127206,3.25
3127305,3.06
3127339,3.46
3127354,3.47
3127370,2.89
3127388,3.01
3127404,3.06
3127503,3.87
3127602,3.46
3127701,3.21
3127800,3.84
3127909,2.71
3128006,3.33
3128105,3.14
3128204,3.45
3128253,3.28
3128303,3.13
3128402,3.23
3128501,3.09
3128600,3.13
3128709,3.15
3128808,3.11
3128907,3.21
3129004,2.99
3129103,2.75
3129202,3.11
3129301,3.14
3129400,3.28
3129509,3.03
3129608,3.5
3129657,3.7
3129707,3.29
3129806,3.43
3129905,2.88
3130002,3.28
3130051,4.2
3130101,3.34
3130200,3.33
3130309,2.95
3130408,3.47
3130507,3.16
3130556,3.34
3130606,3.07
3130655,3.77
3130705,3.17
3130804,3.23
3130903,3.17
3131000,3.48
3131109,3.29
3131158,3.48
3131208,3.01
3131307,3.27
3131406,2.9
3131505,3.13
3131604,3.21
3131703,3.45
3131802,3.27
3131901,3.42
3132008,3.87
3132107,4.05
3132206,3.08
3132305,3.85
3132404,3.22
3132503,3.56
3132602,3.14
3132701,3.5
3132800,3.29
3132909,3.02
3133006,3.29
3133105,3.23
3133204,3.12
3133303,3.4
3133402,3.06
3133501,3.06
3133600,3.14
3133709,3.23
3133758,3.13
3133808,3.18
3133907,3.51
3134004,3.8
3134103,3.15
3134202,2.99
3134301,3.3
3134400,3.06
3134509,2.98
3134608,3.15
3134707,3.22
3134806,2.98
3134905,3.18
3135001,3.34
3135050,3.75
3135076,3.36
3135100,3.61
3135209,3.75
3135308,3.33
3135357,3.59
3135407,3.2
3135456,4.05
3135506,3.16
3135605,3.22
3135704,3.24
3135803,3.37
3135902,3.04
3136009,3.6
3136108,3.24
3136207,3.31
3136306,3.31
3136405,3.46
3136504,3.4
3136520,3.97
3136553,3.36
3136579,3.78
3136603,3.31
3136652,3.24
3136702,3.01
3136801,3.42
3136900,3.26
3136959,3.77
3137007,3.97
3137106,2.84
3137205,3.25
3137304,3.54
3137403,3.74
3137502,3.04
3137536,3.07
3137601,3.33
3137700,3.19
3137809,3.03
3137908,3.23
3138005,3.09
3138104,3.26
3138203,3.17
3138302,3.13
3138351,3.61
3138401,3.09
3138500,3.11
3138609,2.98
3138625,2.99
3138658,3.6
3138674,3.28
3138682,3.76
3138708,3.05
3138807,2.98
3138906,3.19
3139003,3.35
3139102,3.21
3139201,3.45
3139250,3.19
3139300,3.85
3139409,3.28
3139508,3.13
3139607,3
3139706,3.48
3139805,3
3139904,3.57
3140001,3.4
3140100,3.22
3140159,3.41
3140209,3.13
3140308,3.2
3140407,3.26
3140506,3.07
3140530,3.25
3140555,3.53
3140605,3.57
3140704,3.25
3140803,3.16
3140852,3.99
3140902,3.5
3141009,3.17
3141108,3.43
3141207,2.69
3141306,3.05
3141405,3.43
3141504,3.05
3141603,3.13
3141702,3.35
3141801,4.1
3141900,3.37
3142007,3.47
3142106,3.1
3142205,3.32
3142254,3.83
3142304,3.16
3142403,3.08
3142502,3.42
3142601,3.22
3142700,3.6
3142809,2.89
3142908,3.16
3143005,3.1
3143104,3.04
3143153,3.79
3143203,2.97
3143302,3.46
3143401,3.05
3143450,3.93
3143500,2.93
3143609,3.29
3143708,3.18
3143807,3.21
3143906,3.05
3144003,3.13
3144102,3.1
3144201,3.42
3144300,3.15
3144359,3.45
3144375,3.12
3144409,2.94
3144508,3.24
3144607,3.25
3144656,3.79
3144672,3.18
3144706,3.36
3144805,3.33
3144904,3.24
3145000,3.23
3145059,3.64
3145109,3.11
3145208,3.34
3145307,3.86
3145356,3.42
3145372,3.5
3145406,2.95
3145455,3.55
3145505,3.17
3145604,3.27
3145703,3.16
3145802,3.29
3145851,3.5
3145877,3.3
3145901,3.39
3146008,3
3146107,3.44
3146206,3.53
3146255,4.15
3146305,3.77
3146404,2.76
3146503,3.02
3146552,3.62
3146602,2.97
3146701,3.18
3146750,3.33
3146909,3.49
3147006,3.54
3147105,3.28
3147204,3.2
3147303,3.03
3147402,3.37
3147501,3.17
3147600,3.23
3147709,3
3147808,2.96
3147907,3.18
3147956,3.66
3148004,3.03
3148103,3.22
3148202,2.94
3148301,3.45
3148400,3.68
3148509,3.44
3148608,3.51
3148707,3.62
3148756,3.75
3148806,3.11
3148905,2.92
3149002,3.22
3149101,3.35
3149150,3.78
3149200,3.07
3149309,3.34
3149408,3.05
3149507,2.99
3149606,3.06
3149705,3.26
3149804,3.23
3149903,3.16
3149952,3.5
3150000,3.48
3150109,3.03
3150158,3.31
3150208,3.5
3150307,2.91
3150406,2.95
3150505,3.02
3150539,3.39
3150570,3.88
3150604,3
3150703,3.07
3150802,3.75
3150901,3.22
3151008,3.31
3151107,2.97
3151206,3.5
3151305,3.11
3151404,3.3
3151503,2.96
3151602,3.15
3151701,3.1
3151800,3.01
3151909,2.97
3152006,3.39
3152105,3.21
3152131,3.59
3152170,3.7
3152204,3.41
3152303,3.63
3152402,3.43
3152501,3.21
3152600,3.09
3152709,3.22
3152808,3.05
3152907,2.85
3153004,2.87
3153103,3.44
3153202,3.32
3153301,3.89
3153400,2.92
3153509,3.02
3153608,3.54
3153707,2.94
3153806,3.09
3153905,3.5
3154002,3.07
3154101,2.93
3154150,3.36
3154200,3.09
3154309,2.94
3154408,3.25
3154457,3.39
3154507,4.05
3154606,3.43
3154705,3.14
3154804,3.45
3154903,3.29
3155009,3.17
3155108,3.36
3155207,3.3
3155306,3.11
3155405,3.09
3155504,3.05
3155603,3.85
3155702,3.23
3155801,3.11
3155900,2.99
3156007,3.6
3156106,2.91
3156205,3.01
3156304,3.33
3156403,3.14
3156452,2.98
3156502,3.47
3156601,3.22
3156700,3.45
3156809,3.36
3156908,3.11
3157005,3.31
3157104,3.46
3157203,3.48
3157252,3.24
3157278,2.95
3157302,3.3
3157336,3.12
3157377,3.43
3157401,3.17
3157500,3.47
3157609,3.41
3157658,3.75
3157708,3.28
3157807,3.47
3157906,3.47
3158003,3.66
3158102,3.3
3158201,3.43
3158300,3.28
3158409,2.98
3158508,3.16
3158607,3.29
3158706,3.35
3158805,3.03
3158904,3.35
3158953,3.45
3159001,3.09
3159100,3.32
3159209,2.88
3159308,2.8
3159357,3.2
3159407,3.26
3159506,3.19
3159605,3.33
3159704,3.01
3159803,2.94
3159902,3.43
3160009,2.94
3160108,3.29
3160207,3.85
3160306,3.28
3160405,3.09
3160454,3.87
3160504,3.33
3160603,3.1
3160702,3.14
3160801,3.48
3160900,3.18
3160959,3.46
3161007,3.23
3161056,3.2
3161106,3.97
3161205,3.26
3161304,2.81
3161403,3.2
3161502,3.17
3161601,3.53
3161650,3.04
3161700,3.11
3161809,3.11
3161908,3.55
3162005,3.34
3162104,3.17
3162203,3
3162252,3.22
3162302,3.01
3162401,3.83
3162450,4.6
3162500,3.07
3162559,3.36
3162575,3.03
3162609,3.12
3162658,3.55
3162708,3.7
3162807,3.4
3162906,3.01
3162922,3.42
3162948,3.3
3162955,3.49
3163003,3.5
3163102,3.21
3163201,3.14
3163300,3.28
3163409,3.23
3163508,3.51
3163607,3.26
3163706,3.03
3163805,3.27
3163904,2.87
3164001,3.27
3164100,3.36
3164209,4.19
3164308,2.9
3164407,3.18
3164431,3
3164472,3.35
3164506,3.64
3164605,3.14
3164704,3.12
3164803,3.12
3164902,3.09
3165008,3.17
3165107,3.11
3165206,3.09
3165305,3.41
3165404,3.13
3165503,3.73
3165537,3.51
3165552,4.25
3165560,3.06
3165578,3.3
3165602,3.15
3165701,3.14
3165800,2.96
3165909,3.44
3166006,3.46
3166105,3.38
3166204,3.4
3166303,3.39
3166402,3.1
3166501,3.77
3166600,2.81
3166709,3.14
3166808,3.21
3166907,3.37
3166956,3.44
3167004,3.13
3167103,3.68
3167202,3.38
3167301,2.98
3167400,3.01
3167509,3.36
3167608,3.35
3167707,3.19
3167806,3.04
3167905,3.01
3168002,3.46
3168051,2.87
3168101,3.19
3168200,2.82
3168309,3.24
3168408,3.14
3168507,3.1
3168606,3.3
3168705,3.31
3168804,2.98
3168903,2.73
3169000,3.11
3169059,3.12
3169109,3.13
3169208,3
3169307,3.34
3169356,3.21
3169406,3.35
3169505,3.19
3169604,2.9
3169703,3.38
3169802,3.11
3169901,3.14
3170008,3.88
3170057,3.26
3170107,3.02
3170206,3.07
3170305,3.21
3170404,3.16
3170438,2.82
3170479,3.06
3170503,3.57
3170529,4.44
3170578,3.16
3170602,2.7
3170651,3.99
3170701,3.27
3170750,3.1
3170800,3.32
3170909,3.94
3171006,3.04
3171030,3.9
3171071,3.38
3171105,2.94
3171154,3.22
3171204,3.49
3171303,3.17
3171402,3.2
3171501,3.4
3171600,3.45
3171709,3.25
3171808,3.51
3171907,3.2
3172004,3.12
3172103,3.29
3172202,3.25
3200102,3.15
3200136,3.22
3200169,3.11
3200201,3.08
3200300,3.05
3200359,3.18
3200409,3.24
3200508,3.06
3200607,3.42
3200706,3.3
3200805,3.09
3200904,3.12
3201001,3.21
3201100,2.96
3201159,3.4
3201209,3.17
3201308,3.22
3201407,3.14
3201506,3.07
3201605,3.34
3201704,3.21
3201803,3.22
3201902,3.26
3202009,3.1
3202108,2.99
3202207,3.16
3202256,3.23
3202306,3.12
3202405,3.14
3202454,3.14
3202504,3.24
3202553,3.32
3202603,3.08
3202652,3.18
3202702,3.03
3202801,3.29
3202900,3.23
3203007,3.13
3203056,3.36
3203106,3.08
3203130,3.18
3203163,3.05
3203205,3.33
3203304,3.07
3203320,3.2
3203346,3.13
3203353,3.12
3203403,3.09
3203502,3.1
3203601,3.03
3203700,3.27
3203809,3.22
3203908,3.17
3204005,3.3
3204054,3.31
3204104,3.2
3204203,3.13
3204252,3.09
3204302,3.11
3204351,3.2
3204401,3.12
3204500,3.2
3204559,3.37
3204609,3.15
3204658,3.15
3204708,3.09
3204807,2.94
3204906,3.31
3204955,3.2
3205002,3.26
3205010,3.42
3205036,3.32
3205069,3.23
3205101,3.3
3205150,3.08
3205176,3.27
3205200,3.07
3205309,3.01
3300100,3.16
3300159,2.95
3300209,3.11
3300225,3.26
3300233,3.04
3300258,3.08
3300308,3.07
3300407,3.14
3300456,3.22
3300506,2.97
3300605,3.02
3300704,3.12
3300803,3.04
3300902,2.89
3300936,3.21
3300951,3.29
3301009,3.24
3301108,3.08
3301157,2.92
3301207,3
3301306,3.06
3301405,3.13
3301504,3.09
3301603,3.07
3301702,3.17
3301801,3
3301850,3.27
3301876,3.01
3301900,3.13
3302007,3.21
3302056,2.88
3302106,2.85
3302205,2.99
3302254,3.06
3302270,3.28
3302304,3.11
3302403,3.08
3302452,3.19
3302502,3.21
3302601,3.08
3302700,2.97
3302809,2.9
3302858,3.17
3302908,2.95
3303005,3.27
3303104,3.02
3303203,3.11
3303302,2.87
3303401,2.85
3303500,3.2
3303609,2.99
3303708,3.19
3303807,3.21
3303856,3.28
3303906,3.06
3303955,3.19
3304003,3.26
3304102,3.09
3304110,3.33
3304128,3.14
3304144,3.26
3304151,3.24
3304201,3.08
3304300,3.2
3304409,3.16
3304508,3.41
3304524,3.04
3304557,2.93
3304607,2.97
3304706,2.99
3304755,3.05
3304805,2.92
3304904,3.06
3305000,3.07
3305109,3.11
3305133,3.06
3305158,3.1
3305208,3.16
3305307,3.22
3305406,3.15
3305505,3.2
3305554,3.19
3305604,3.17
3305703,2.93
3305752,3.15
3305802,3.04
3305901,3.12
3306008,3.2
3306107,3.09
3306156,3.31
3306206,3.1
3306305,3.05
3500105,2.95
3500204,2.96
3500303,3.24
3500402,2.99
3500501,3.06
3500550,2.98
3500600,2.71
3500709,3.37
3500758,3.19
3500808,2.88
3500907,3.2
3501004,3.18
3501103,2.98
3501152,3.36
3501202,2.73
3501301,3.16
3501400,3.25
3501509,3.29
3501608,3.1
3501707,3.34
3501806,2.88
3501905,3.19
3502002,3.09
3502101,3
3502200,3.14
3502309,3.13
3502408,3.22
3502507,3.35
3502606,2.84
3502705,3.31
3502754,3.43
3502804,2.98
3502903,3.17
3503000,3.12
3503109,3.2
3503158,3.11
3503208,3.01
3503307,3.24
3503356,2.99
3503406,2.94
3503505,3.37
3503604,3.49
3503703,3.17
3503802,3.27
3503901,3.48
3503950,2.99
3504008,3
3504107,3.28
3504206,3
3504305,3.14
3504404,3.3
3504503,3.08
3504602,3.1
3504701,2.89
3504800,2.96
3504909,3.09
3505005,3.03
3505104,3.13
3505203,3.15
3505302,3.15
3505351,3.34
3505401,3.18
3505500,3.09
3505609,3.38
3505708,3.35
3505807,3.21
3505906,3.17
3506003,3.09
3506102,3.15
3506201,3.1
3506300,3.07
3506359,3.26
3506409,2.94
3506508,3.04
3506607,3.4
3506706,3.28
3506805,3.26
3506904,3.04
3507001,3.27
3507100,3.22
3507159,3.59
3507209,3.37
3507308,3.4
3507407,3.03
3507456,3.25
3507506,3.09
3507605,3.26
3507704,3.16
3507753,3.13
3507803,3.3
3507902,3.19
3508009,3.35
3508108,2.95
3508207,2.94
3508306,3.16
3508405,3.49
3508504,3.4
3508603,3.3
3508702,3.24
3508801,3.09
3508900,2.93
3509007,3.4
3509106,3.01
3509205,3.32
3509254,3.34
3509304,3.15
3509403,3.22
3509452,3.06
3509502,3.08
3509601,3.36
3509700,3.31
3509809,3.04
3509908,3.3
3509957,3.64
3510005,3.09
3510104,3.07
3510153,3.58
3510203,3.38
3510302,3.29
3510401,3.43
3510500,3.13
3510609,3.4
3510708,2.84
3510807,3.11
3510906,3.14
3511003,3.14
3511102,3.01
3511201,3.17
3511300,3.04
3511409,3.12
3511508,3.23
3511607,3.26
3511706,3.42
3511904,3.26
3512001,3.26
3512100,3.3
3512209,3.52
3512308,3.11
3512407,3.27
3512506,3.08
3512605,3.07
3512704,3.19
3512803,3.29
3512902,2.8
3513009,3.39
3513108,3.43
3513207,3.23
3513306,2.92
3513405,3.32
3513504,3.24
3513603,3.09
3513702,3.21
3513801,3.29
3513850,2.87
3513900,3.08
3514007,3.27
3514106,3.23
3514205,2.86
3514304,3.02
3514403,2.95
3514502,3.03
3514601,3.41
3514700,3.12
3514809,3.43
3514908,3.52
3514924,3.14
3514957,3.02
3515004,3.52
3515103,3.45
3515129,2.97
3515152,3.37
3515186,3.2
3515194,3.23
3515202,2.99
3515301,3.3
3515350,3.18
3515400,3.1
3515509,2.95
3515608,2.98
3515657,3.04
3515707,3.47
3515806,2.81
3515905,2.76
3516002,3.01
3516101,3
3516200,3.25
3516309,3.51
3516408,3.4
3516507,2.92
3516606,2.94
3516705,3.17
3516804,3.28
3516853,3.31
3516903,2.94
3517000,3.16
3517109,3.19
3517208,3.28
3517307,3.2
3517406,3.11
3517505,3.11
3517604,3.3
3517703,3.27
3517802,2.95
3517901,3.14
3518008,2.79
3518107,3.28
3518206,3.05
3518305,3.31
3518404,3.27
3518503,3.18
3518602,3.33
3518701,3.42
3518800,3.37
3518859,3.4
3518909,3.07
3519006,3.11
3519055,3.38
3519071,3.4
3519105,3.16
3519204,3.07
3519253,3.24
3519303,3.49
3519402,2.98
3519501,3.09
3519600,3.15
3519709,3.31
3519808,3.14
3519907,3.08
3520004,3.39
3520103,3.09
3520202,3.13
3520301,3.16
3520400,3.11
3520426,2.85
3520442,3.11
3520509,3.28
3520608,3
3520707,2.71
3520806,3.05
3520905,3.26
3521002,3.39
3521101,3.36
3521150,3.09
3521200,3.46
3521309,3.22
3521408,3.36
3521507,3.22
3521606,2.89
3521705,3.21
3521804,3.15
3521903,2.99
3522000,3.33
3522109,3.07
3522158,3.26
3522208,3.48
3522307,3.33
3522406,3.29
3522505,3.48
3522604,3.19
3522653,3.34
3522703,3.02
3522802,3.04
3522901,3.27
3523008,3.14
3523107,3.58
3523206,3.15
3523305,3.35
3523404,3.25
3523503,3.44
3523602,3.18
3523701,3.44
3523800,3.27
3523909,3.3
3524006,3.37
3524105,3.06
3524204,3.23
3524303,3.13
3524402,3.28
3524501,3.12
3524600,3.24
3524709,3.26
3524808,2.88
3524907,3.23
3525003,3.33
3525102,3.37
3525201,3.36
3525300,3.18
3525409,3.26
3525508,3
3525607,3.21
3525706,3.16
3525805,3.23
3525854,3.27
3525904,3.12
3526001,3.01
3526100,3.23
3526209,3.24
3526308,2.83
3526407,3.18
3526506,2.9
3526605,3.5
3526704,3.27
3526803,3.37
3526902,3.26
3527009,3.02
3527108,3.09
3527207,3.28
3527256,2.95
3527306,3.35
3527405,3.07
3527504,3.16
3527603,3.5
3527702,3.21
3527801,3.28
3527900,2.95
3528007,3.49
3528106,2.84
3528205,2.89
3528304,2.81
3528403,3.32
3528502,3.47
3528601,3.09
3528700,2.89
3528809,3.04
3528858,2.95
3528908,3.01
3529005,3.12
3529104,3.05
3529203,3.05
3529302,3.23
3529401,3.31
3529500,2.98
3529609,3.04
3529658,2.91
3529708,3.15
3529807,3.26
3529906,3.31
3530003,2.72
3530102,2.97
3530201,3.08
3530300,3.07
3530409,3.04
3530508,3.24
3530607,3.32
3530706,3.27
3530805,3.17
3530904,3.47
3531001,2.84
3531100,3.07
3531209,3.04
3531308,3.11
3531407,2.98
3531506,3.13
3531605,2.92
3531704,3.07
3531803,3.38
3531902,3.3
3532009,3.34
3532058,3.15
3532108,2.87
3532157,3.2
3532207,3.21
3532306,2.77
3532405,3.15
3532504,2.94
3532603,2.88
3532702,3.07
3532801,2.97
3532827,3.52
3532843,2.82
3532868,2.96
3532900,3.24
3533007,3.07
3533106,2.86
3533205,3.15
3533254,3.4
3533304,3.08
3533403,3.23
3533502,2.98
3533601,3.13
3533700,3.04
3533809,2.93
3533908,3.12
3534005,3.24
3534104,3.16
3534203,3.16
3534302,3.31
3534401,3.3
3534500,2.9
3534609,2.96
3534708,3.13
3534757,2.99
3534807,3.03
3534906,2.98
3535002,2.93
3535101,3.44
3535200,2.9
3535309,2.95
3535408,3.14
3535507,3.14
3535606,3.21
3535705,3.1
3535804,3.21
3535903,2.94
3536000,2.96
3536109,3.24
3536208,3.3
3536257,2.86
3536307,3.29
3536406,3.25
3536505,3.38
3536570,3.13
3536604,2.96
3536703,3.37
3536802,3.14
3536901,2.89
3537008,3.26
3537107,3.26
3537156,3.26
3537206,3.14
3537305,3.08
3537404,3.06
3537503,3.13
3537602,3.08
3537701,3.13
3537800,3.34
3537909,3.37
3538006,3.4
3538105,3.1
3538204,3.08
3538303,2.93
3538501,3.18
3538600,3.2
3538709,3.22
3538808,3.05
3538907,2.99
3539004,3.12
3539103,3.58
3539202,3.18
3539301,3.09
3539400,3.21
3539509,3.32
3539608,3.15
3539707,3.06
3539806,3.46
3539905,2.97
3540002,3.13
3540101,2.87
3540200,3.43
3540259,3.08
3540309,2.98
3540408,2.8
3540507,2.97
3540606,3.34
3540705,3.23
3540754,3.61
3540804,3.1
3540853,2.99
3540903,3.4
3541000,3.13
3541059,3.35
3541109,3.05
3541208,2.97
3541307,3.11
3541406,3.03
3541505,2.94
3541604,3.23
3541653,3.12
3541703,3.16
3541802,3.19
3541901,3.55
3542008,3.08
3542107,3.41
3542206,3.05
3542305,3.06
3542404,3.11
3542503,3
3542602,3.28
3542701,3.6
3542800,3.16
3542909,3.21
3543006,3.43
3543105,3.29
3543204,3.16
3543238,2.93
3543253,3.31
3543303,3.33
3543402,3.07
3543501,2.99
3543600,2.96
3543709,3.33
3543808,3.04
3543907,3.1
3544004,3.38
3544103,3.32
3544202,3.18
3544251,3.2
3544301,3.35
3544400,3.15
3544509,2.86
3544608,3.01
3544707,3.08
3544806,2.98
3544905,3.26
3545001,3.33
3545100,3.09
3545159,3.26
3545209,3.3
3545308,3.41
3545407,3.02
3545506,3.29
3545605,3.09
3545704,2.83
3545803,3.27
3546009,3.23
3546108,3.01
3546207,3.06
3546256,3.27
3546306,3.28
3546405,3.12
3546504,3.36
3546603,2.91
3546702,3.23
3546801,3.28
3546900,3.42
3547007,3.22
3547106,3.02
3547205,2.76
3547304,3.44
3547403,2.79
3547502,2.97
3547601,3.22
3547650,2.87
3547700,3.05
3547809,3.13
3547908,3.02
3548005,3.27
3548054,3.14
3548104,3.27
3548203,3.24
3548302,2.9
3548401,3.17
3548500,2.89
3548609,3.1
3548708,3.18
3548807,2.94
3548906,3.09
3549003,2.9
3549102,3.02
3549201,3.01
3549250,3.01
3549300,2.88
3549409,3.21
3549508,3.34
3549607,3.1
3549706,3.25
3549805,2.96
3549904,3.31
3549953,3.23
3550001,2.98
3550100,3.32
3550209,3.3
3550308,3.14
3550407,3.04
3550506,3.06
3550605,3.31
3550704,3.12
3550803,3.26
3550902,3.23
3551009,3.25
3551108,3.18
3551207,3.1
3551306,2.87
3551405,3.43
3551504,3.47
3551603,3.03
3551702,3.32
3551801,3.27
3551900,3.32
3552007,3.23
3552106,3.01
3552205,3.26
3552304,3.07
3552403,3.28
3552502,3.5
3552551,3.09
3552601,3
3552700,3.12
3552809,3.38
3552908,3.17
3553005,3.44
3553104,3.23
3553203,3.07
3553302,3.26
3553401,2.96
3553500,3.39
3553609,3.34
3553658,3.19
3553708,3.09
3553807,3.23
3553856,3.61
3553906,3.27
3553955,3.24
3554003,3.29
3554102,3.3
3554201,3.44
3554300,3.21
3554409,3.14
3554508,3.19
3554607,2.99
3554656,2.84
3554706,3.16
3554755,3.32
3554805,3.51
3554904,2.9
3554953,3.12
3555000,3.01
3555109,2.85
3555208,2.75
3555307,2.75
3555356,3.3
3555406,3.13
3555505,3.06
3555604,3.04
3555703,3.14
3555802,2.91
3555901,2.86
3556008,2.99
3556107,3.09
3556206,3.17
3556305,3.29
3556354,3.16
3556404,3.17
3556453,3.41
3556503,3.38
3556602,3.23
3556701,3.27
3556800,3.2
3556909,3.26
3556958,3.11
3557006,3.4
3557105,2.9
3557154,2.92
3557204,3.25
3557303,3.44
4100103,3.06
4100202,3.22
4100301,3.2
4100400,3.39
4100459,3.1
4100509,3.06
4100608,3.16
4100707,3.09
4100806,3.27
4100905,3.31
4101002,3.14
4101051,3.06
4101101,3.09
4101150,3.08
4101200,3.24
4101309,3.02
4101408,3.13
4101507,3.13
4101606,3.23
4101655,3.08
4101705,3.08
4101804,3.35
4101853,3.05
4101903,3.08
4102000,2.95
4102109,3.03
4102208,3.01
4102307,3.2
4102406,3.18
4102505,2.97
4102604,3.31
4102703,3.14
4102752,3.13
4102802,3.11
4102901,3.54
4103008,2.97
4103024,3.26
4103040,3.39
4103057,3.18
4103107,3.38
4103156,3.18
4103206,3.14
4103222,3.21
4103305,2.86
4103354,3.11
4103370,3
4103404,3.16
4103453,3.19
4103479,2.94
4103503,3.12
4103602,3.1
4103701,3.18
4103800,3.11
4103909,2.99
4103958,3.47
4104006,3.33
4104055,3.34
4104105,3.46
4104204,3.27
4104253,3.35
4104303,3.08
4104402,3.25
4104428,3.44
4104451,3.46
4104501,2.99
4104600,3.12
4104659,3.42
4104709,3.09
4104808,3.1
4104907,3.37
4105003,3.38
4105102,3.02
4105201,3.26
4105300,3.07
4105409,3.16
4105508,3.1
4105607,3.23
4105706,3.21
4105805,3.34
4105904,3.01
4106001,3.05
4106100,3.04
4106209,3.39
4106308,3.13
4106407,3.08
4106456,3.5
4106506,3.12
4106555,3.05
4106571,3.13
4106605,2.96
4106704,3.15
4106803,3.48
4106852,2.99
4106902,3.03
4107009,3.16
4107108,3.18
4107124,3.27
4107157,3.26
4107207,3.09
4107256,3.1
4107306,2.89
4107405,3.15
4107504,3.01
4107520,2.98
4107538,3.07
4107546,3.36
4107553,3.15
4107603,3.07
4107652,3.44
4107702,2.95
4107736,3.41
4107751,3
4107801,2.92
4107850,3.28
4107900,3.05
4108007,3.28
4108106,3.1
4108205,2.94
4108304,3.22
4108320,3.04
4108403,3.04
4108452,3.42
4108502,3.57
4108551,2.9
4108601,3.05
4108650,3.57
4108700,3.17
4108809,3.14
4108908,3.13
4108957,3.27
4109005,3.05
4109104,3.35
4109203,3.04
4109302,3.03
4109401,3.28
4109500,3.41
4109609,3.18
4109658,3.37
4109708,3.07
4109757,3.25
4109807,3.17
4109906,2.99
4110003,3.14
4110052,3.05
4110078,3.26
4110102,3.31
4110201,3.49
4110300,3.08
4110409,3.04
4110508,3.39
4110607,3.05
4110656,3.02
4110706,3.18
4110805,3.06
4110904,3.05
4110953,3.14
4111001,3.1
4111100,3.15
4111209,3.08
4111258,3.47
4111308,3.19
4111407,3.4
4111506,2.93
4111555,3.07
4111605,2.99
4111704,3.07
4111803,3.22
4111902,3.13
4112009,3.14
4112108,3.06
4112207,3
4112306,3.12
4112405,3.13
4112504,3.06
4112603,3.2
4112702,3.22
4112751,2.96
4112801,3.02
4112900,3.08
4112959,3.11
4113007,3.13
4113106,2.93
4113205,3.18
4113254,3.63
4113304,3.18
4113403,3.2
4113429,2.95
4113452,3.14
4113502,3.1
4113601,3.03
4113700,3.06
4113734,3.2
4113759,2.97
4113809,2.98
4113908,3.22
4114005,3
4114104,3.22
4114203,3.03
4114302,3.3
4114351,3.23
4114401,3.39
4114500,3.3
4114609,2.96
4114708,3.01
4114807,3.16
4114906,3.16
4115002,3.2
4115101,3.2
4115200,3.04
4115309,3.04
4115358,2.99
4115408,3.16
4115457,3.47
4115507,3.05
4115606,3.16
4115705,3
4115739,3.22
4115754,3.31
4115804,3.11
4115853,3.11
4115903,3.09
4116000,3.08
4116059,3
4116109,2.98
4116208,3.31
4116307,3.06
4116406,3.07
4116505,3.2
4116604,3.29
4116703,3.07
4116802,3.16
4116901,3.08
4116950,3.19
4117008,3.12
4117057,3.61
4117107,3.12
4117206,3
4117214,2.96
4117222,2.96
4117255,3.26
4117271,3.14
4117297,3.1
4117305,3.18
4117404,3.1
4117453,3.21
4117503,3.2
4117602,3.53
4117701,3.26
4117800,3.3
4117909,3.09
4118006,3.14
4118105,3.14
4118204,3.45
4118303,3.08
4118402,3.08
4118451,3.11
4118501,3.08
4118600,3.27
4118709,3.17
4118808,3.11
4118857,3.09
4118907,2.94
4119004,3.09
4119103,3.32
4119152,3.27
4119202,3.21
4119251,3.17
4119301,3.51
4119400,3.23
4119509,3.38
4119608,3.24
4119657,3.3
4119707,3.15
4119806,3.14
4119905,3.27
4119954,2.94
4120002,3.14
4120101,3.25
4120150,3.29
4120200,3.14
4120309,3.31
4120333,3.27
4120358,3.05
4120408,3.22
4120507,3.07
4120606,3.28
4120655,3.13
4120705,2.92
4120804,3.25
4120853,3.02
4120903,3.33
4121000,3.15
4121109,3.09
4121208,3.25
4121257,3.33
4121307,2.91
4121356,3.18
4121406,3.06
4121505,3.2
4121604,3.14
4121703,3.32
4121752,3.62
4121802,3.11
4121901,3.08
4122008,3.34
4122107,2.99
4122156,3.56
4122172,3.23
4122206,3.36
4122305,3.25
4122404,3.13
4122503,3.07
4122602,3.19
4122651,3.11
4122701,3.18
4122800,3.17
4122909,2.91
4123006,3.36
4123105,3.14
4123204,2.99
4123303,3.07
4123402,3.13
4123501,3.01
4123600,3.08
4123709,2.98
4123808,3.29
4123824,3.02
4123857,3.46
4123907,2.99
4123956,3.23
4124004,3.01
4124020,3.23
4124053,3.26
4124103,3.18
4124202,3
4124301,3.03
4124400,3.21
4124509,3.07
4124608,3.2
4124707,3.28
4124806,3.06
4124905,3.05
4125001,2.94
4125100,3.31
4125209,3.03
4125308,2.95
4125357,3.03
4125407,3.02
4125456,3.12
4125506,3.26
4125555,3.09
4125605,3.2
4125704,3.2
4125753,3.06
4125803,3.18
4125902,2.99
4126009,3.23
4126108,3.16
4126207,3.23
4126256,3.18
4126272,3.4
4126306,3.27
4126355,3.09
4126405,2.94
4126504,3.11
4126603,2.99
4126652,3.05
4126678,3.33
4126702,3.01
4126801,3.16
4126900,2.94
4127007,3.41
4127106,3.2
4127205,3.12
4127304,3.12
4127403,3
4127502,3.35
4127601,3.2
4127700,3.05
4127809,3.03
4127858,3.15
4127882,3.48
4127908,3.04
4127957,2.97
4127965,3.37
4128005,3.03
4128104,2.98
4128203,3.2
4128302,3.19
4128401,3.03
4128500,3.07
4128534,3.23
4128559,3.11
4128609,3.22
4128625,2.9
4128633,3.39
4128658,3.23
4128708,3.14
4128807,2.99
4200051,3.13
4200101,3.41
4200200,3.16
4200309,3.25
4200408,3.26
4200507,3.05
4200556,3.34
4200606,3.28
4200705,3.16
4200754,2.96
4200804,3.22
4200903,3.2
4201000,3.18
4201109,2.99
4201208,3.28
4201257,3.17
4201273,3.12
4201307,3.42
4201406,3.08
4201505,3.15
4201604,3.06
4201653,3.56
4201703,3.14
4201802,3.08
4201901,3.2
4201950,2.88
4202008,2.74
4202057,2.92
4202073,2.83
4202081,3.22
4202099,3.25
4202107,3.15
4202131,3.38
4202156,3.31
4202206,3.25
4202305,3.22
4202404,3.04
4202438,3.13
4202453,3.04
4202503,3.32
4202537,3.29
4202578,3.16
4202602,3.26
4202701,3.04
4202800,3.26
4202859,3.01
4202875,3.18
4202909,3.16
4203006,3.2
4203105,3.25
4203154,3.77
4203204,3.4
4203253,3.03
4203303,3.2
4203402,3.19
4203501,3.23
4203600,3.11
4203709,3.3
4203808,3.24
4203907,2.95
4203956,3.13
4204004,3.19
4204103,3.11
4204152,3.23
4204178,3.25
4204194,3.3
4204202,3.1
4204251,3.17
4204301,2.98
4204350,3.38
4204400,3.3
4204459,3.33
4204509,3.23
4204558,3.2
4204608,3.1
4204707,2.95
4204756,3.4
4204806,3.19
4204905,3.25
4205001,3.16
4205100,3.31
4205159,3.13
4205175,3.39
4205191,3.12
4205209,3.01
4205308,3.33
4205357,3.18
4205407,2.84
4205431,3.45
4205456,3.24
4205506,3.29
4205555,3.37
4205605,3.1
4205704,2.96
4205803,3.48
4205902,3.22
4206009,3.15
4206108,3.24
4206207,2.98
4206306,3.29
4206405,3.21
4206504,3.3
4206603,3.01
4206652,3.29
4206702,3.07
4206751,3.1
4206801,3.03
4206900,3.14
4207007,3.17
4207106,3.23
4207205,2.99
4207304,3.02
4207403,3.18
4207502,3.15
4207577,3.08
4207601,2.98
4207650,3.2
4207684,3.62
4207700,3.23
4207759,3.3
4207809,3.29
4207858,3.17
4207908,3.3
4208005,3.06
4208104,3.37
4208203,3.16
4208302,3.04
4208401,3.12
4208450,2.92
4208500,3.24
4208609,3.17
4208708,3.08
4208807,2.99
4208906,3.16
4208955,3.29
4209003,2.97
4209102,3.19
4209151,3.61
4209177,3.18
4209201,3.18
4209300,3.17
4209409,2.99
4209458,3.37
4209508,3.14
4209607,3.12
4209706,3.4
4209805,3.22
4209854,3.33
4209904,3.16
4210001,3.37
4210035,2.92
4210050,3.26
4210100,3.18
4210209,3.04
4210308,3.22
4210407,3.19
4210506,3.02
4210555,3.58
4210605,3.26
4210704,3.4
4210803,3.16
4210852,3.17
4210902,3.15
4211009,3.28
4211058,3.33
4211108,3.39
4211207,3.31
4211256,3.25
4211306,3.25
4211405,3.2
4211454,3.29
4211504,3.17
4211603,3.28
4211652,3.35
4211702,3.2
4211751,3.16
4211801,3.13
4211850,3.27
4211876,3.2
4211892,3.21
4211900,3.18
4212007,3.39
4212056,3.1
4212106,3.04
4212205,3.34
4212239,3.19
4212254,3.07
4212270,3.56
4212304,3.17
4212403,3.04
4212502,3.11
4212601,2.97
4212700,3.21
4212809,3.14
4212908,3.19
4213005,3.36
4213104,2.77
4213153,3.3
4213203,3.23
4213302,3.2
4213351,3.36
4213401,3.28
4213500,3.1
4213609,3.2
4213708,3.21
4213807,2.91
4213906,3.21
4214003,3.19
4214102,3.08
4214151,3.28
4214201,3.28
4214300,2.93
4214409,3.21
4214508,3.19
4214607,3.21
4214706,3.18
4214805,3.05
4214904,3.38
4215000,3.33
4215059,3.31
4215075,3.2
4215109,3.12
4215208,3.05
4215307,3.21
4215356,3.38
4215406,3.14
4215455,3.4
4215505,3.38
4215554,3.3
4215604,3.42
4215653,3.01
4215679,3.5
4215687,3.33
4215695,3.4
4215703,3.2
4215752,3.39
4215802,3.14
4215901,3.08
4216008,3.15
4216057,3.23
4216107,3.18
4216206,3.12
4216255,3.13
4216305,3.22
4216354,3.38
4216404,2.99
4216503,3.1
4216602,3
4216701,3.13
4216800,3.14
4216909,3.18
4217006,3.26
4217105,3.27
4217154,3.21
4217204,2.96
4217253,3.03
4217303,3.35
4217402,3.27
4217501,3.1
4217550,3.31
4217600,3.24
4217709,3.1
4217758,3.24
4217808,3.1
4217907,3.07
4217956,3.01
4218004,3.14
4218103,3.08
4218202,3.15
4218251,3.54
4218301,3.44
4218350,3.22
4218400,3.24
4218509,3.04
4218608,3.06
4218707,2.98
4218756,3.31
4218806,3.15
4218855,3.3
4218905,3.31
4218954,3.13
4219002,3.13
4219101,3.34
4219150,3.04
4219176,3.45
4219200,3.22
4219309,3.06
4219358,3.5
4219408,3.31
4219507,3.19
4219606,3.51
4219705,3.19
4219853,2.92
4300034,3.14
4300059,3.19
4300109,3.06
4300208,2.94
4300307,2.85
4300406,2.98
4300455,2.88
4300471,2.83
4300505,2.98
4300554,2.96
4300570,2.91
4300604,3.24
4300638,3
4300646,3.05
4300661,2.86
4300703,3.13
4300802,3.02
4300851,2.76
4300877,2.88
4300901,3.03
4301008,2.99
4301057,2.79
4301073,3.85
4301107,2.95
4301206,3.2
4301305,2.83
4301404,3.17
4301503,2.79
4301552,3
4301602,3.02
4301636,2.86
4301651,3.1
4301701,3.11
4301750,2.98
4301800,2.95
4301859,3.05
4301875,3.29
4301909,2.93
4301925,3.23
4301958,3.29
4302006,3.08
4302055,3.71
4302105,2.93
4302154,3
4302204,2.92
4302220,3.01
4302238,3.09
4302253,3.03
4302303,3.01
4302352,3.06
4302378,2.98
4302402,2.83
4302451,3.09
4302501,2.89
4302584,3.13
4302600,3.03
4302659,2.78
4302709,3.02
4302808,2.77
4302907,3.02
4303004,2.83
4303103,3.04
4303202,3.35
4303301,2.86
4303400,3.11
4303509,3
4303558,3.1
4303608,2.98
4303673,2.94
4303707,2.94
4303806,2.92
4303905,2.98
4304002,2.95
4304101,2.81
4304200,2.87
4304309,3.02
4304358,3.1
4304408,3.01
4304507,3.02
4304606,3.11
4304614,3.01
4304622,2.86
4304630,3.07
4304655,3.02
4304663,3.09
4304671,3.04
4304689,2.97
4304697,3.08
4304705,2.92
4304713,2.84
4304804,2.97
4304853,3.22
4304903,3.07
4304952,2.99
4305009,2.93
4305108,2.95
4305116,3.11
4305124,2.76
4305132,2.79
4305157,3.06
4305173,3.07
4305207,2.95
4305306,2.81
4305355,3.03
4305371,3.74
4305405,2.98
4305439,3
4305447,3.28
4305454,2.87
4305504,2.95
4305587,2.85
4305603,2.85
4305702,3.06
4305801,3.18
4305835,2.86
4305850,2.84
4305871,2.8
4305900,2.95
4305934,3.31
4305959,3.14
4305975,3.02
4306007,2.86
4306056,3.09
4306072,2.96
4306106,2.93
4306130,3.13
4306205,2.92
4306304,3.11
4306320,3.02
4306353,2.89
4306379,2.81
4306403,2.92
4306429,3.02
4306452,3.11
4306502,3.1
4306551,2.67
4306601,2.94
4306700,3.04
4306734,2.81
4306759,3.14
4306767,3.1
4306809,2.89
4306908,2.88
4306924,3.52
4306932,2.9
4306957,2.92
4306973,3.18
4307005,2.89
4307054,2.84
4307104,2.6
4307203,3.12
4307302,3.02
4307401,2.9
4307450,2.87
4307500,2.96
4307559,2.97
4307609,3.05
4307708,3.05
4307807,2.91
4307815,3.19
4307831,2.72
4307864,3.38
4307906,3.08
4308003,3.08
4308052,3.01
4308078,2.91
4308102,2.95
4308201,3.07
4308250,3.07
4308300,3.15
4308409,2.97
4308433,2.8
4308458,2.93
4308508,3
4308607,3.01
4308656,2.96
4308706,2.93
4308805,2.8
4308854,3.08
4308904,2.84
4309001,2.93
4309050,2.87
4309100,2.88
4309126,3.11
4309159,3.26
4309209,3.1
4309258,3.01
4309308,3.04
4309407,2.97
4309506,2.99
4309555,2.99
4309571,3.21
4309605,2.79
4309654,3.1
4309704,2.85
4309753,3.18
4309803,2.86
4309902,3.25
4309951,2.91
4310009,2.84
4310108,2.98
4310207,2.91
4310306,3.18
4310330,2.93
4310363,2.83
4310405,2.92
4310413,3
4310439,3.01
4310462,3
4310504,3.01
4310538,3.01
4310553,2.87
4310579,3.27
4310603,3.27
4310652,2.8
4310702,3.08
4310751,3.12
4310801,2.96
4310850,3.04
4310876,3.06
4310900,2.95
4311007,2.77
4311106,2.84
4311122,3.04
4311130,2.95
4311155,3.08
4311205,3.06
4311239,3.1
4311254,3.18
4311270,2.86
4311304,2.89
4311403,2.84
4311429,3.1
4311502,2.9
4311601,3.16
4311627,2.99
4311643,2.97
4311700,2.88
4311718,3.17
4311734,2.96
4311759,2.82
4311775,2.96
4311791,3
4311809,2.98
4311908,2.88
4311981,2.69
4312005,2.91
4312054,2.83
4312104,2.76
4312138,2.95
4312153,2.91
4312179,2.9
4312203,3.02
4312252,3.08
4312302,2.99
4312351,3.29
4312377,3.13
4312385,3.23
4312401,2.94
4312427,3.09
4312443,2.75
4312450,2.7
4312476,2.94
4312500,2.93
4312609,2.84
4312617,3.02
4312625,3.33
4312658,2.87
4312674,2.78
4312708,3.05
4312757,3.23
4312807,3.09
4312906,3.33
4312955,2.94
4313003,3.03
4313011,3.01
4313037,2.94
4313060,3.1
4313086,3.35
4313102,3.33
4313201,2.85
4313300,2.98
4313334,2.87
4313359,3.21
4313375,3.14
4313391,2.84
4313409,2.96
4313425,2.77
4313441,3.16
4313466,3.06
4313490,3.02
4313508,2.99
4313607,3.11
4313656,2.8
4313706,3.06
4313805,3.02
4313904,2.92
4313953,2.92
4314001,3.17
4314027,2.9
4314035,2.98
4314050,3.05
4314068,3.18
4314076,2.88
4314100,2.97
4314134,3.14
4314159,2.79
4314175,2.92
4314209,2.73
4314308,3.12
4314407,2.87
4314423,2.97
4314456,3.07
4314464,2.86
4314472,3.2
4314498,3.12
4314506,2.7
4314555,2.85
4314605,2.74
4314704,3.04
4314753,2.92
4314779,3.01
4314787,3.21
4314803,3.03
4314902,2.75
4315008,2.72
4315057,3.02
4315073,2.7
4315107,2.91
4315131,2.99
4315149,3.14
4315156,3.06
4315172,3.19
4315206,3.11
4315305,3.03
4315313,3.11
4315321,2.93
4315354,2.87
4315404,3.7
4315453,2.98
4315503,2.94
4315552,3.06
4315602,2.94
4315701,2.93
4315750,2.98
4315800,2.88
4315909,2.85
4315958,2.92
4316006,2.9
4316105,3.33
4316204,3.3
4316303,3
4316402,3
4316428,3.04
4316436,2.75
4316451,3.05
4316477,2.98
4316501,3.05
4316600,2.88
4316709,2.88
4316733,3.11
4316758,2.94
4316808,2.89
4316907,2.96
4316956,2.97
4316972,2.91
4317004,2.79
4317103,3
4317202,2.92
4317251,3.02
4317301,2.74
4317400,2.83
4317509,2.94
4317558,3.27
4317608,2.87
4317707,2.92
4317756,2.86
4317806,2.91
4317905,2.94
4317954,3
4318002,3.13
4318051,3.08
4318101,2.82
4318200,3.01
4318309,2.98
4318408,2.99
4318424,2.95
4318432,3.03
4318440,3.05
4318457,3.01
4318465,3.1
4318481,3.03
4318499,2.91
4318507,2.89
4318606,2.97
4318614,2.97
4318622,3
4318705,2.99
4318804,3.21
4318903,2.89
4319000,3
4319109,2.79
4319125,2.85
4319158,2.94
4319208,2.84
4319307,3.08
4319356,3.14
4319364,3.09
4319372,3.04
4319406,2.79
4319505,2.95
4319604,2.83
4319703,3.02
4319711,2.93
4319737,3.6
4319752,3.05
4319802,2.95
4319901,3.06
4320008,3.06
4320107,3.03
4320206,2.94
4320230,2.93
4320263,3.21
4320305,2.96
4320321,2.97
4320354,2.87
4320404,3.14
4320453,2.98
4320503,2.9
4320552,2.89
4320578,3.02
4320602,3.03
4320651,3
4320677,3.17
4320701,2.91
4320800,2.99
4320859,2.83
4320909,2.95
4321006,2.95
4321105,2.86
4321204,2.93
4321303,2.79
4321329,3.23
4321352,2.72
4321402,3.16
4321436,2.97
4321451,2.92
4321469,2.94
4321477,2.95
4321493,2.74
4321501,2.84
4321600,3.01
4321626,2.99
4321634,3.01
4321667,2.97
4321709,3.01
4321808,2.84
4321832,2.87
4321857,3.07
4321907,2.75
4321956,2.95
4322004,2.98
4322103,2.86
4322152,3.18
4322186,2.92
4322202,2.98
4322251,3.07
4322301,2.78
4322327,3.26
4322343,3.16
4322350,3.25
4322376,2.94
4322400,3.32
4322509,3.07
4322525,2.79
4322533,3.13
4322541,3.08
4322558,3.11
4322608,2.85
4322707,2.99
4322806,2.95
4322855,3.17
4322905,3.01
4323002,3.15
4323101,3.06
4323200,2.87
4323309,3.24
4323358,3.16
4323408,3.14
4323457,2.81
4323507,3.2
4323606,3.27
4323705,2.91
4323754,2.89
4323770,3.22
4323804,3.21
5000203,3.21
5000252,2.87
5000609,3.21
5000708,3.22
5000807,3.08
5000856,3.02
5000906,3.31
5001003,2.96
5001102,3.3
5001243,3.76
5001508,2.82
5001904,3.14
5002001,3.13
5002100,3.38
5002159,3.25
5002209,3.13
5002308,3.02
5002407,3.38
5002605,2.83
5002704,3.12
5002803,3.42
5002902,2.87
5002951,3.18
5003108,2.86
5003157,3.81
5003207,3.71
5003256,3.01
5003306,3.04
5003454,3.08
5003488,3.4
5003504,3.25
5003702,3.19
5003751,3.12
5003801,2.93
5003900,2.82
5004007,3
5004106,3.13
5004304,3.2
5004403,2.89
5004502,3.35
5004601,3.24
5004700,3.07
5004809,3.83
5004908,2.81
5005004,3.24
5005103,3.06
5005152,3.22
5005202,3.79
5005251,3.37
5005400,3.54
5005608,3.57
5005681,3.15
5005707,3.13
5005806,3.22
5006002,3.22
5006200,3.11
5006259,3.09
5006309,2.91
5006358,3.86
5006408,2.97
5006606,3.46
5006903,3.74
5007109,3.17
5007208,3.26
5007307,2.91
5007406,3.01
5007505,2.87
5007554,3
5007695,3.1
5007703,3.32
5007802,3.12
5007901,3.18
5007935,3.07
5007950,3.67
5007976,2.98
5008008,3.05
5008305,3.17
5008404,2.91
5100102,3.17
5100201,3.17
5100250,3.23
5100300,3.01
5100359,3.55
5100409,2.98
5100508,3.25
5100607,3.32
5100805,3.32
5101001,2.93
5101209,2.83
5101258,3.16
5101308,3.12
5101407,3.42
5101605,3.4
5101704,3.35
5101803,3.17
5101852,3.23
5101902,3.43
5102504,3.46
5102603,4.91
5102637,3.24
5102678,3.26
5102686,3.4
5102694,3.39
5102702,3.27
5102793,3.22
5102850,3.24
5103007,3.2
5103056,3.26
5103106,3.11
5103205,3.07
5103254,3.39
5103304,3.28
5103353,3.44
5103361,3.32
5103379,3.48
5103403,3.3
5103437,3.21
5103452,3.29
5103502,3.42
5103601,2.93
5103700,3.7
5103809,3.1
5103858,4.08
5103908,3.51
5103957,3.03
5104104,3.42
5104203,2.99
5104500,3.17
5104526,3.26
5104542,3.32
5104559,3.26
5104609,3.1
5104807,3.12
5104906,3.78
5105002,3.24
5105101,3.25
5105150,3.26
5105176,3.5
5105200,3.03
5105234,3.21
5105259,3.3
5105309,3.37
5105507,3.57
5105580,3.2
5105606,3.31
5105622,3.16
5105903,3.32
5106000,3.19
5106109,3.25
5106158,3.37
5106174,3.98
5106182,3.3
5106190,3.1
5106208,3.14
5106216,3.1
5106224,3.3
5106232,3.38
5106240,3.19
5106257,3.06
5106265,3.25
5106273,3.13
5106281,2.91
5106299,3.27
5106307,3.22
5106315,3.32
5106372,3.05
5106422,3.51
5106455,3.15
5106505,3.55
5106653,3.09
5106703,2.71
5106752,3.22
5106778,3.55
5106802,3.08
5106828,3.45
5106851,3.26
5107008,3.08
5107040,3.28
5107065,3.53
5107107,3.1
5107156,3.08
5107180,3.25
5107198,2.96
5107206,2.99
5107248,3.47
5107263,2.95
5107297,3.11
5107305,3.36
5107354,3.35
5107404,3.18
5107578,3.7
5107602,3.15
5107701,3.38
5107743,3.14
5107750,3.03
5107768,3.28
5107776,3.62
5107792,3.58
5107800,3.26
5107859,3.21
5107875,3.28
5107883,3.11
5107909,3.3
5107925,3.33
5107941,3.19
5107958,3.23
5108006,3.65
5108055,3.15
5108105,3
5108204,2.8
5108303,3.24
5108352,3.17
5108402,3.38
5108501,3.43
5108600,3.48
5108808,3.22
5108857,3.19
5108907,3.44
5108956,3.2
5200050,3.21
5200100,3.3
5200134,3.11
5200159,2.91
5200175,3.12
5200209,2.73
5200258,3.59
5200308,3.2
5200506,2.56
5200555,3.1
5200605,3.21
5200803,3.34
5200829,3.15
5200852,2.85
5200902,2.74
5201108,3.2
5201207,2.89
5201306,2.95
5201405,3.32
5201454,2.96
5201504,2.98
5201603,2.92
5201702,3.13
5201801,3.1
5202155,2.9
5202353,2.72
5202502,3.1
5202601,2.66
5202809,2.86
5203104,2.92
5203203,3.43
5203302,3
5203401,2.94
5203500,3.14
5203559,3.17
5203575,3.1
5203609,2.97
5203807,2.97
5203906,2.84
5203939,2.72
5203962,3.43
5204003,3.17
5204102,3.04
5204201,2.87
5204250,3
5204300,3.02
5204409,2.89
5204508,3.04
5204557,3.02
5204607,3.17
5204656,3.03
5204706,3.21
5204805,3.12
5204854,3.26
5204904,3.42
5204953,2.99
5205000,2.95
5205059,3.01
5205109,3.09
5205208,3.09
5205307,3.48
5205406,3.02
5205455,3.15
5205471,3.34
5205497,3.52
5205513,3.25
5205521,3.11
5205703,2.75
5205802,3.19
5205901,3.03
5206206,3.41
5206305,2.8
5206404,3.09
5206503,2.82
5206602,2.83
5206701,3.11
5206800,2.87
5206909,2.68
5207105,2.89
5207253,2.93
5207352,2.73
5207402,2.95
5207501,3.05
5207535,2.92
5207600,2.78
5207808,2.94
5207907,3.34
5208004,3.29
5208103,2.91
5208152,3.09
5208301,3.14
5208400,3.29
5208509,2.95
5208608,3.28
5208707,3.07
5208806,3.29
5208905,2.92
5209101,2.96
5209150,2.88
5209200,3.08
5209291,2.79
5209408,3.39
5209457,2.81
5209606,2.97
5209705,3.18
5209804,2.91
5209903,3.63
5209937,3.07
5209952,3.17
5210000,3.12
5210109,3.02
5210158,2.78
5210208,2.8
5210307,2.83
5210406,3.13
5210562,2.86
5210604,2.89
5210802,2.94
5210901,3.1
5211008,2.81
5211206,2.85
5211305,3.02
5211404,2.96
5211503,3.01
5211602,2.7
5211701,2.75
5211800,3.21
5211909,3.15
5212006,2.8
5212055,3.07
5212105,2.94
5212204,2.96
5212253,2.86
5212303,3.09
5212501,3.48
5212600,2.77
5212709,3.56
5212808,3.05
5212907,2.92
5212956,2.92
5213004,3.21
5213053,3.09
5213087,3.16
5213103,3.3
5213400,2.75
5213509,3.54
5213707,2.9
5213756,3.19
5213772,3.21
5213806,2.89
5213855,2.84
5213905,2.85
5214002,3.1
5214051,2.95
5214101,2.93
5214408,2.88
5214507,3.27
5214606,3.22
5214705,2.9
5214804,2.8
5214838,3.01
5214861,2.85
5214879,3.02
5214903,3.07
5215009,3.26
5215207,2.63
5215231,3.58
5215256,2.93
5215306,2.93
5215405,3.02
5215504,2.99
5215603,3.4
5215652,2.96
5215702,3
5215801,2.91
5215900,2.78
5216007,2.7
5216304,2.93
5216403,3.05
5216452,3.16
5216809,3.1
5216908,3.02
5217104,2.82
5217203,2.76
5217302,3.14
5217401,3.06
5217609,3.56
5217708,2.81
5218003,3.13
5218052,3.09
5218102,3.1
5218300,3.48
5218391,2.95
5218508,3.02
5218607,3.1
5218706,3.14
5218789,3.01
5218805,3.17
5218904,2.95
5219001,2.81
5219100,3.09
5219209,2.83
5219258,3.03
5219308,3.05
5219357,2.86
5219407,3.05
5219456,3.24
5219506,2.91
5219605,2.88
5219704,3.09
5219712,3.08
5219738,3.33
5219753,3.52
5219803,3.38
5219902,3.01
5220009,3.61
5220058,2.77
5220108,2.85
5220157,3.07
5220207,3.04
5220264,3
5220280,2.84
5220405,3.05
5220454,3.47
5220504,3.05
5220603,3.07
5220686,3.54
5220702,3.36
5221007,2.73
5221080,3.66
5221197,3.3
5221304,2.98
5221403,3.24
5221452,2.97
5221502,2.79
5221551,3.18
5221577,2.94
5221601,3.13
5221700,2.9
5221809,2.97
5221858,3.37
5221908,2.75
5222005,3.13
5222054,3.09
5222203,3.34
5222302,3.2
5300108,3.3
